{
    "id": "MaxQuant_20241216_122433",
    "old_new": "old",
    "software_name": "MaxQuant",
    "software_version": "2.5.1.0",
    "search_engine": "Andromeda",
    "search_engine_version": null,
    "ident_fdr_psm": null,
    "ident_fdr_peptide": 0.01,
    "ident_fdr_protein": 0.01,
    "enable_match_between_runs": false,
    "precursor_mass_tolerance": "[-4.5 ppm, 4.5 ppm]",
    "fragment_mass_tolerance": "[-20 ppm, 20 ppm]",
    "enzyme": "Trypsin/P",
    "allowed_miscleavages": 1,
    "min_peptide_length": 7.0,
    "max_peptide_length": null,
    "is_temporary": false,
    "intermediate_hash": "00e2f863939301a2a71178652972dad895b27520",
    "results": {
        "6": {
            "median_abs_epsilon": 0.1575687761,
            "mean_abs_epsilon": 0.1996485006,
            "variance_epsilon": 0.0830868593,
            "nr_prec": 13766,
            "CV_median": 0.2042085529,
            "CV_q90": 0.3948541478,
            "CV_q75": 0.2794153416,
            "CV_q95": 0.4905669617
        },
        "5": {
            "median_abs_epsilon": 0.1685973001,
            "mean_abs_epsilon": 0.2172296082,
            "variance_epsilon": 0.0988418084,
            "nr_prec": 19948,
            "CV_median": 0.2039961601,
            "CV_q90": 0.4072087505,
            "CV_q75": 0.2850330477,
            "CV_q95": 0.502853049
        },
        "4": {
            "median_abs_epsilon": 0.1814692575,
            "mean_abs_epsilon": 0.2398180792,
            "variance_epsilon": 0.1192858442,
            "nr_prec": 25468,
            "CV_median": 0.2034641926,
            "CV_q90": 0.4108068619,
            "CV_q75": 0.2880388899,
            "CV_q95": 0.5066518832
        },
        "3": {
            "median_abs_epsilon": 0.1930065085,
            "mean_abs_epsilon": 0.2599472936,
            "variance_epsilon": 0.1383841459,
            "nr_prec": 32034,
            "CV_median": 0.203571336,
            "CV_q90": 0.4151960718,
            "CV_q75": 0.2909873474,
            "CV_q95": 0.5108282559
        },
        "2": {
            "median_abs_epsilon": 0.1998519424,
            "mean_abs_epsilon": 0.2745471495,
            "variance_epsilon": 0.1602291805,
            "nr_prec": 39512,
            "CV_median": 0.2026189561,
            "CV_q90": 0.4165186785,
            "CV_q75": 0.291817506,
            "CV_q95": 0.5122925099
        },
        "1": {
            "median_abs_epsilon": 0.1998519424,
            "mean_abs_epsilon": 0.2745471495,
            "variance_epsilon": 0.1602291805,
            "nr_prec": 50302,
            "CV_median": 0.2026189561,
            "CV_q90": 0.4165186785,
            "CV_q75": 0.291817506,
            "CV_q95": 0.5122925099
        }
    },
    "median_abs_epsilon": 0.1930065085,
    "nr_prec": 32034,
    "comments": "",
    "fixed_mods": "Carbamidomethyl (C)",
    "variable_mods": "Oxidation (M),Acetyl (Protein N-term)",
    "max_mods": 5.0,
    "min_precursor_charge": null,
    "max_precursor_charge": 7,
    "submission_comments": "\n\nDataset URL: https://proteobench.cubimed.rub.de/datasets/00e2f863939301a2a71178652972dad895b27520/",
    "proteobench_version": "0.5.8",
    "minPeptideLength": null,
    "color": "#377eb8",
    "hover_text": "ProteoBench ID: MaxQuant_20241216_122433<br>Software tool: MaxQuant <br>Comment (private submission): ",
    "scatter_size": 20,
    "scan_window": null,
    "quantification_method_DIANN": null,
    "second_pass": null,
    "protein_inference": null,
    "predictors_library": null,
    "quantification_method": null,
    "mean_abs_epsilon": 0.2599472936,
    "abundance_normalization_ions": null
}