{
  "old_new": "new",
  "id": "MaxQuant_20250605_124520",
  "software_name": "MaxQuant",
  "software_version": "2.5.1.0",
  "search_engine": "Andromeda",
  "search_engine_version": "nan",
  "ident_fdr_psm": "0.01",
  "ident_fdr_peptide": null,
  "ident_fdr_protein": "0.01",
  "enable_match_between_runs": false,
  "precursor_mass_tolerance": "[-4.5 ppm, 4.5 ppm]",
  "fragment_mass_tolerance": "[-20 ppm, 20 ppm]",
  "enzyme": "Trypsin/P",
  "allowed_miscleavages": "1",
  "min_peptide_length": "7",
  "max_peptide_length": null,
  "is_temporary": false,
  "intermediate_hash": "00e2f863939301a2a71178652972dad895b27520",
  "results": {
    "6": {
      "median_abs_epsilon": 0.15756877612207099,
      "mean_abs_epsilon": 0.19964850057095151,
      "variance_epsilon": 0.08308685927481922,
      "nr_prec": 13766,
      "CV_median": 0.2042085529158084,
      "CV_q90": 0.3948541477547757,
      "CV_q75": 0.2794153415957086,
      "CV_q95": 0.4905669617496011
    },
    "5": {
      "median_abs_epsilon": 0.16859730011187857,
      "mean_abs_epsilon": 0.2172296082333893,
      "variance_epsilon": 0.09884180839615908,
      "nr_prec": 19948,
      "CV_median": 0.20399616005316976,
      "CV_q90": 0.4072087504906079,
      "CV_q75": 0.2850330477398438,
      "CV_q95": 0.5028530490117996
    },
    "4": {
      "median_abs_epsilon": 0.18146925747910636,
      "mean_abs_epsilon": 0.2398180791771415,
      "variance_epsilon": 0.11928584416050396,
      "nr_prec": 25468,
      "CV_median": 0.203464192626933,
      "CV_q90": 0.4108068618597254,
      "CV_q75": 0.28803888988621507,
      "CV_q95": 0.506651883216525
    },
    "3": {
      "median_abs_epsilon": 0.19300650853481116,
      "mean_abs_epsilon": 0.2599472936310262,
      "variance_epsilon": 0.13838414593433027,
      "nr_prec": 32034,
      "CV_median": 0.20357133597673188,
      "CV_q90": 0.41519607181256823,
      "CV_q75": 0.2909873473801462,
      "CV_q95": 0.5108282559231304
    },
    "2": {
      "median_abs_epsilon": 0.19985194238625148,
      "mean_abs_epsilon": 0.27454714951331477,
      "variance_epsilon": 0.16022918054965418,
      "nr_prec": 39512,
      "CV_median": 0.20261895610125008,
      "CV_q90": 0.4165186784517134,
      "CV_q75": 0.2918175060099263,
      "CV_q95": 0.5122925099015758
    },
    "1": {
      "median_abs_epsilon": 0.19985194238625148,
      "mean_abs_epsilon": 0.27454714951331477,
      "variance_epsilon": 0.1602291805496542,
      "nr_prec": 50302,
      "CV_median": 0.20261895610125008,
      "CV_q90": 0.4165186784517134,
      "CV_q75": 0.2918175060099263,
      "CV_q95": 0.5122925099015758
    }
  },
  "median_abs_epsilon": 0.19300650853481116,
  "mean_abs_epsilon": 0.2599472936310262,
  "nr_prec": 32034,
  "comments": "",
  "proteobench_version": "0.8.18",
  "color": "#377eb8",
  "hover_text": "ProteoBench ID: MaxQuant_20250605_124520<br>Software tool: MaxQuant <br>Comment (private submission): ...",
  "scatter_size": 20,
  "fixed_mods": "Carbamidomethyl (C)",
  "variable_mods": "Oxidation (M),Acetyl (Protein N-term)",
  "max_mods": "5",
  "min_precursor_charge": null,
  "max_precursor_charge": "7",
  "quantification_method": "nan",
  "protein_inference": "nan",
  "abundance_normalization_ions": "nan",
  "submission_comments": "\n\n ### No parameter changes detected. \n\n\nDataset URL: https://proteobench.cubimed.rub.de/datasets/00e2f863939301a2a71178652972dad895b27520/"
}