{
  "id": "MaxQuant_20250605_124520",
  "software_name": "MaxQuant",
  "software_version": "2.5.1.0",
  "search_engine": "Andromeda",
  "search_engine_version": NaN,
  "ident_fdr_psm": 0.01,
  "ident_fdr_peptide": NaN,
  "ident_fdr_protein": 0.01,
  "enable_match_between_runs": false,
  "precursor_mass_tolerance": "[-4.5 ppm, 4.5 ppm]",
  "fragment_mass_tolerance": "[-20 ppm, 20 ppm]",
  "enzyme": "Trypsin/P",
  "allowed_miscleavages": 1,
  "min_peptide_length": 7,
  "max_peptide_length": NaN,
  "is_temporary": false,
  "intermediate_hash": "00e2f863939301a2a71178652972dad895b27520",
  "results": {
    "6": {
      "median_abs_epsilon_global": 0.15716896748502762,
      "median_abs_epsilon_eq_species": 0.16960354829279348,
      "median_abs_epsilon_ECOLI": 0.17776027995831356,
      "median_abs_epsilon_HUMAN": 0.15168430106874808,
      "median_abs_epsilon_YEAST": 0.1793660638513188,
      "mean_abs_epsilon_global": 0.19817983018907853,
      "mean_abs_epsilon_eq_species": 0.22760700692048988,
      "mean_abs_epsilon_ECOLI": 0.27305907391840084,
      "mean_abs_epsilon_HUMAN": 0.1921326790473664,
      "mean_abs_epsilon_YEAST": 0.2176292677957025,
      "median_log2_empirical_ECOLI": -1.8688248992516119,
      "median_log2_empirical_HUMAN": 0.0599009713734695,
      "median_log2_empirical_YEAST": 1.12679325257408,
      "median_abs_epsilon_precision_global": 0.14186452143772854,
      "median_abs_epsilon_precision_eq_species": 0.1492968506256851,
      "median_abs_epsilon_precision_ECOLI": 0.1669111532494334,
      "median_abs_epsilon_precision_HUMAN": 0.1423292267124765,
      "median_abs_epsilon_precision_YEAST": 0.1386501719151454,
      "mean_log2_empirical_ECOLI": -1.7958377566987784,
      "mean_log2_empirical_HUMAN": 0.043709218240042626,
      "mean_log2_empirical_YEAST": 1.0978790143852764,
      "mean_abs_epsilon_precision_global": 0.1881105432220445,
      "mean_abs_epsilon_precision_eq_species": 0.21031489810093862,
      "mean_abs_epsilon_precision_ECOLI": 0.2533949676853831,
      "mean_abs_epsilon_precision_HUMAN": 0.18608133556634365,
      "mean_abs_epsilon_precision_YEAST": 0.19146839105108904,
      "CV_median": 0.2039672987777923,
      "CV_q75": 0.27847049899346904,
      "CV_q90": 0.39131522480912295,
      "CV_q95": 0.487374197966876,
      "variance_epsilon_global": 0.08096388216729629,
      "nr_feature": 13497,
      "roc_auc": 0.9881676164676847
    },
    "5": {
      "median_abs_epsilon_global": 0.16831884687328724,
      "median_abs_epsilon_eq_species": 0.19051212401602471,
      "median_abs_epsilon_ECOLI": 0.21926958165545862,
      "median_abs_epsilon_HUMAN": 0.16283646497338822,
      "median_abs_epsilon_YEAST": 0.18943032541922733,
      "mean_abs_epsilon_global": 0.21649170214280802,
      "mean_abs_epsilon_eq_species": 0.2461585480428794,
      "mean_abs_epsilon_ECOLI": 0.29249142581726434,
      "mean_abs_epsilon_HUMAN": 0.21008074530535825,
      "mean_abs_epsilon_YEAST": 0.23590347300601572,
      "median_log2_empirical_ECOLI": -1.827613223026745,
      "median_log2_empirical_HUMAN": 0.06253433846127265,
      "median_log2_empirical_YEAST": 1.111571927915584,
      "median_abs_epsilon_precision_global": 0.154060155708013,
      "median_abs_epsilon_precision_eq_species": 0.16267598219694612,
      "median_abs_epsilon_precision_ECOLI": 0.17878962840048906,
      "median_abs_epsilon_precision_HUMAN": 0.15278116015083398,
      "median_abs_epsilon_precision_YEAST": 0.15645715803951532,
      "mean_log2_empirical_ECOLI": -1.7879650123210966,
      "mean_log2_empirical_HUMAN": 0.04815984333640596,
      "mean_log2_empirical_YEAST": 1.0750222264747236,
      "mean_abs_epsilon_precision_global": 0.20751060126190415,
      "mean_abs_epsilon_precision_eq_species": 0.22563491992515652,
      "mean_abs_epsilon_precision_ECOLI": 0.25427812252573684,
      "mean_abs_epsilon_precision_HUMAN": 0.20369226827643672,
      "mean_abs_epsilon_precision_YEAST": 0.21893436897329605,
      "CV_median": 0.20374613387696816,
      "CV_q75": 0.28401153315645344,
      "CV_q90": 0.40421036277563893,
      "CV_q95": 0.5001244442971977,
      "variance_epsilon_global": 0.09777933764339775,
      "nr_feature": 19645,
      "roc_auc": 0.9835821293211237
    },
    "4": {
      "median_abs_epsilon_global": 0.18131001476587016,
      "median_abs_epsilon_eq_species": 0.2075647655002862,
      "median_abs_epsilon_ECOLI": 0.24642812855836205,
      "median_abs_epsilon_HUMAN": 0.17558559314455024,
      "median_abs_epsilon_YEAST": 0.20068057479794632,
      "mean_abs_epsilon_global": 0.23949113352242804,
      "mean_abs_epsilon_eq_species": 0.2842834952972971,
      "mean_abs_epsilon_ECOLI": 0.36029212295746244,
      "mean_abs_epsilon_HUMAN": 0.2307544817862076,
      "mean_abs_epsilon_YEAST": 0.2618038811482213,
      "median_log2_empirical_ECOLI": -1.78413081110169,
      "median_log2_empirical_HUMAN": 0.06567672685346793,
      "median_log2_empirical_YEAST": 1.0895499372410313,
      "median_abs_epsilon_precision_global": 0.16874092862306433,
      "median_abs_epsilon_precision_eq_species": 0.18348698406297478,
      "median_abs_epsilon_precision_ECOLI": 0.2068546050107436,
      "median_abs_epsilon_precision_HUMAN": 0.16550565119560545,
      "median_abs_epsilon_precision_YEAST": 0.17810069598257527,
      "mean_log2_empirical_ECOLI": -1.7287182124020726,
      "mean_log2_empirical_HUMAN": 0.05386761022093291,
      "mean_log2_empirical_YEAST": 1.0480199796662044,
      "mean_abs_epsilon_precision_global": 0.23150260876870177,
      "mean_abs_epsilon_precision_eq_species": 0.2620372331044422,
      "mean_abs_epsilon_precision_ECOLI": 0.3089050286991012,
      "mean_abs_epsilon_precision_HUMAN": 0.2240633485341968,
      "mean_abs_epsilon_precision_YEAST": 0.2531433220800285,
      "CV_median": 0.2032587681195862,
      "CV_q75": 0.28738363081252427,
      "CV_q90": 0.4087728188239218,
      "CV_q95": 0.5032075628857062,
      "variance_epsilon_global": 0.11883789354290941,
      "nr_feature": 25130,
      "roc_auc": 0.9719073195964743
    },
    "3": {
      "median_abs_epsilon_global": 0.19300650853481116,
      "median_abs_epsilon_eq_species": 0.21938355896499928,
      "median_abs_epsilon_ECOLI": 0.258121098769557,
      "median_abs_epsilon_HUMAN": 0.1880513654586835,
      "median_abs_epsilon_YEAST": 0.21197821266675732,
      "mean_abs_epsilon_global": 0.2597641777885215,
      "mean_abs_epsilon_eq_species": 0.3065309351236354,
      "mean_abs_epsilon_ECOLI": 0.38749591862714566,
      "mean_abs_epsilon_HUMAN": 0.2515828978342631,
      "mean_abs_epsilon_YEAST": 0.28051398890949736,
      "median_log2_empirical_ECOLI": -1.7701934862253736,
      "median_log2_empirical_HUMAN": 0.0688169013741895,
      "median_log2_empirical_YEAST": 1.0808498533699797,
      "median_abs_epsilon_precision_global": 0.18123814104352753,
      "median_abs_epsilon_precision_eq_species": 0.19531334251739807,
      "median_abs_epsilon_precision_ECOLI": 0.2181199059193304,
      "median_abs_epsilon_precision_HUMAN": 0.17828582342609245,
      "median_abs_epsilon_precision_YEAST": 0.18953429820677137,
      "mean_log2_empirical_ECOLI": -1.6962104930896336,
      "mean_log2_empirical_HUMAN": 0.05946986688817173,
      "mean_log2_empirical_YEAST": 1.0390262959417682,
      "mean_abs_epsilon_precision_global": 0.2519176570066774,
      "mean_abs_epsilon_precision_eq_species": 0.28333300079916496,
      "mean_abs_epsilon_precision_ECOLI": 0.33127553949095306,
      "mean_abs_epsilon_precision_HUMAN": 0.24456357403270496,
      "mean_abs_epsilon_precision_YEAST": 0.27415988887383685,
      "CV_median": 0.20333124505872868,
      "CV_q75": 0.2902328211673043,
      "CV_q90": 0.4131264246192185,
      "CV_q95": 0.5081949612781252,
      "variance_epsilon_global": 0.13714348047700683,
      "nr_feature": 31682,
      "roc_auc": 0.9611925654690269
    },
    "2": {
      "median_abs_epsilon_global": 0.1998413979727509,