{
  "id": "FragPipe_20250523_123143",
  "old_new": "new",
  "software_name": "FragPipe",
  "software_version": "Version info:",
  "search_engine": "MSFragger",
  "search_engine_version": "4.2",
  "ident_fdr_psm": "0.01",
  "ident_fdr_peptide": "0.01",
  "ident_fdr_protein": "0.01",
  "enable_match_between_runs": true,
  "precursor_mass_tolerance": "[-20 ppm, 20 ppm]",
  "fragment_mass_tolerance": "[-20 ppm, 20 ppm]",
  "enzyme": "Trypsin",
  "allowed_miscleavages": "2",
  "min_peptide_length": "7",
  "max_peptide_length": "50",
  "is_temporary": false,
  "intermediate_hash": "00fe024e54ee5f0168cd5e1884275ed4da659734",
  "results": {
    "6": {
      "median_abs_epsilon": 0.1707853150837586,
      "mean_abs_epsilon": 0.21830493323635763,
      "variance_epsilon": 0.09761183513999458,
      "nr_prec": 16705,
      "CV_median": 0.22229864288393558,
      "CV_q90": 0.4209760125824168,
      "CV_q75": 0.29377790679896154,
      "CV_q95": 0.5288770993683928
    },
    "5": {
      "median_abs_epsilon": 0.1854923956115222,
      "mean_abs_epsilon": 0.24592275055450966,
      "variance_epsilon": 0.12586830608578609,
      "nr_prec": 25350,
      "CV_median": 0.22181406191693148,
      "CV_q90": 0.44225190632139333,
      "CV_q75": 0.3026030342896657,
      "CV_q95": 0.5548634049345575
    },
    "4": {
      "median_abs_epsilon": 0.2015991694859025,
      "mean_abs_epsilon": 0.279516334836886,
      "variance_epsilon": 0.1643331167121118,
      "nr_prec": 32903,
      "CV_median": 0.222021234812404,
      "CV_q90": 0.4556581240601379,
      "CV_q75": 0.30887940183060136,
      "CV_q95": 0.5712377719275795
    },
    "3": {
      "median_abs_epsilon": 0.2173010520023375,
      "mean_abs_epsilon": 0.31075864705883977,
      "variance_epsilon": 0.2073165786549659,
      "nr_prec": 41131,
      "CV_median": 0.22249005008615008,
      "CV_q90": 0.4650047034297156,
      "CV_q75": 0.31337791757061345,
      "CV_q95": 0.5820286646869343
    },
    "2": {
      "median_abs_epsilon": 0.22684522200272283,
      "mean_abs_epsilon": 0.334320196141587,
      "variance_epsilon": 0.24797623157670523,
      "nr_prec": 50200,
      "CV_median": 0.22255226667402545,
      "CV_q90": 0.4718678388092593,
      "CV_q75": 0.3161261148099182,
      "CV_q95": 0.5915553899883401
    },
    "1": {
      "median_abs_epsilon": 0.22684522200272283,
      "mean_abs_epsilon": 0.334320196141587,
      "variance_epsilon": 0.2479762315767052,
      "nr_prec": 62249,
      "CV_median": 0.22255226667402545,
      "CV_q90": 0.4718678388092593,
      "CV_q75": 0.3161261148099182,
      "CV_q95": 0.5915553899883401
    }
  },
  "median_abs_epsilon": 0.2173010520023375,
  "nr_prec": 41131,
  "comments": "",
  "fixed_mods": "0.0,C-Term Peptide,true,-1; 0.0,N-Term Peptide,true,-1; 0.0,C-Term Protein,true,-1; 0.0,N-Term Protein,true,-1; 0.0,G (glycine),true,-1; 0.0,A (alanine),true,-1; 0.0,S (serine),true,-1; 0.0,P (proline),true,-1; 0.0,V (valine),true,-1; 0.0,T (threonine),true,-1; 57.02146,C (cysteine),true,-1; 0.0,L (leucine),true,-1; 0.0,I (isoleucine),true,-1; 0.0,N (asparagine),true,-1; 0.0,D (aspartic acid),true,-1; 0.0,Q (glutamine),true,-1; 0.0,K (lysine),true,-1; 0.0,E (glutamic acid),true,-1; 0.0,M (methionine),true,-1; 0.0,H (histidine),true,-1; 0.0,F (phenylalanine),true,-1; 0.0,R (arginine),true,-1; 0.0,Y (tyrosine),true,-1; 0.0,W (tryptophan),true,-1; 0.0,B ,true,-1; 0.0,J,true,-1; 0.0,O,true,-1; 0.0,U,true,-1; 0.0,X,true,-1; 0.0,Z,true,-1",
  "variable_mods": "15.9949,M,true,3; 42.0106,[^,true,1; 79.96633,STY,false,3; -17.0265,nQnC,false,1; -18.0106,nE,false,1; 4.025107,K,false,2; 6.020129,R,false,2; 8.014199,K,false,2; 10.008269,R,false,2; 0.0,site_10,false,1; 0.0,site_11,false,1; 0.0,site_12,false,1; 0.0,site_13,false,1; 0.0,site_14,false,1; 0.0,site_15,false,1; 0.0,site_16,false,1",
  "max_mods": "3",
  "min_precursor_charge": "1",
  "max_precursor_charge": null,
  "submission_comments": "\n\n ### Parameter changes detected:\n- **ident_fdr_peptide**: `1` \u2192 `0.01`\n- **ident_fdr_protein**: `1` \u2192 `0.01`\n\nDataset URL: https://proteobench.cubimed.rub.de/datasets/00fe024e54ee5f0168cd5e1884275ed4da659734/",
  "proteobench_version": "0.8.13",
  "minPeptideLength": NaN,
  "color": "#ff7f00",
  "hover_text": "ProteoBench ID: FragPipe_20250523_123143<br>Software tool: FragPipe <br>Comment (private submission): ...",
  "scatter_size": 20,
  "scan_window": NaN,
  "quantification_method_DIANN": NaN,
  "second_pass": NaN,
  "protein_inference": "ProteinProphet: --maxppmdiff 2000000",
  "predictors_library": NaN,
  "quantification_method": "nan",
  "mean_abs_epsilon": 0.31075864705883977,
  "abundance_normalization_ions": "0"
}