{
    "id": "MaxQuant_20241216_124040",
    "old_new": "old",
    "software_name": "MaxQuant",
    "software_version": "2.3.1.0",
    "search_engine": "Andromeda",
    "search_engine_version": null,
    "ident_fdr_psm": null,
    "ident_fdr_peptide": 0.01,
    "ident_fdr_protein": 0.01,
    "enable_match_between_runs": true,
    "precursor_mass_tolerance": "[-4.5 ppm, 4.5 ppm]",
    "fragment_mass_tolerance": "[-20 ppm, 20 ppm]",
    "enzyme": "Trypsin/P",
    "allowed_miscleavages": 1,
    "min_peptide_length": 7.0,
    "max_peptide_length": null,
    "is_temporary": false,
    "intermediate_hash": "0280a06fabdbe84746419d0810deae56e7ab2406",
    "results": {
        "6": {
            "median_abs_epsilon": 0.1696938836,
            "mean_abs_epsilon": 0.2199818185,
            "variance_epsilon": 0.0980325208,
            "nr_prec": 24971,
            "CV_median": 0.2116567595,
            "CV_q90": 0.4215673933,
            "CV_q75": 0.2920234961,
            "CV_q95": 0.5197376161
        },
        "5": {
            "median_abs_epsilon": 0.1823202061,
            "mean_abs_epsilon": 0.2456723734,
            "variance_epsilon": 0.1293170923,
            "nr_prec": 32249,
            "CV_median": 0.2136751527,
            "CV_q90": 0.4405490112,
            "CV_q75": 0.302684882,
            "CV_q95": 0.543205211
        },
        "4": {
            "median_abs_epsilon": 0.1941435791,
            "mean_abs_epsilon": 0.2743891771,
            "variance_epsilon": 0.1721325951,
            "nr_prec": 38201,
            "CV_median": 0.21476533,
            "CV_q90": 0.4526048826,
            "CV_q75": 0.3083656188,
            "CV_q95": 0.5578923664
        },
        "3": {
            "median_abs_epsilon": 0.2037022621,
            "mean_abs_epsilon": 0.2946231135,
            "variance_epsilon": 0.2032382904,
            "nr_prec": 43426,
            "CV_median": 0.2153751472,
            "CV_q90": 0.4585213136,
            "CV_q75": 0.311421738,
            "CV_q95": 0.565739291
        },
        "2": {
            "median_abs_epsilon": 0.2071225717,
            "mean_abs_epsilon": 0.3042613499,
            "variance_epsilon": 0.2224690252,
            "nr_prec": 47606,
            "CV_median": 0.2155074641,
            "CV_q90": 0.4607699195,
            "CV_q75": 0.3124717763,
            "CV_q95": 0.5697648449
        },
        "1": {
            "median_abs_epsilon": 0.2071225717,
            "mean_abs_epsilon": 0.3042613499,
            "variance_epsilon": 0.2224690252,
            "nr_prec": 50339,
            "CV_median": 0.2155074641,
            "CV_q90": 0.4607699195,
            "CV_q75": 0.3124717763,
            "CV_q95": 0.5697648449
        }
    },
    "median_abs_epsilon": 0.2037022621,
    "nr_prec": 43426,
    "comments": "",
    "fixed_mods": "Carbamidomethyl (C)",
    "variable_mods": "Oxidation (M),Acetyl (Protein N-term)",
    "max_mods": 5.0,
    "min_precursor_charge": null,
    "max_precursor_charge": 7,
    "submission_comments": "\n\nDataset URL: https://proteobench.cubimed.rub.de/datasets/0280a06fabdbe84746419d0810deae56e7ab2406/",
    "proteobench_version": "0.5.8",
    "minPeptideLength": null,
    "color": "#377eb8",
    "hover_text": "ProteoBench ID: MaxQuant_20241216_124040<br>Software tool: MaxQuant <br>Comment (private submission): ",
    "scatter_size": 20,
    "scan_window": null,
    "quantification_method_DIANN": null,
    "second_pass": null,
    "protein_inference": null,
    "predictors_library": null,
    "quantification_method": null,
    "mean_abs_epsilon": 0.2946231135,
    "abundance_normalization_ions": null
}