{
  "old_new": "new",
  "id": "MaxQuant_20250610_104137",
  "software_name": "MaxQuant",
  "software_version": "2.3.1.0",
  "search_engine": "Andromeda",
  "search_engine_version": "nan",
  "ident_fdr_psm": "0.01",
  "ident_fdr_peptide": null,
  "ident_fdr_protein": "0.01",
  "enable_match_between_runs": true,
  "precursor_mass_tolerance": "[-4.5 ppm, 4.5 ppm]",
  "fragment_mass_tolerance": "[-20 ppm, 20 ppm]",
  "enzyme": "Trypsin/P",
  "allowed_miscleavages": "1",
  "min_peptide_length": "7",
  "max_peptide_length": null,
  "is_temporary": false,
  "intermediate_hash": "0280a06fabdbe84746419d0810deae56e7ab2406",
  "results": {
    "6": {
      "median_abs_epsilon": 0.1696938836252464,
      "mean_abs_epsilon": 0.2199818184985824,
      "variance_epsilon": 0.09803252080883175,
      "nr_prec": 24971,
      "CV_median": 0.21165675945397433,
      "CV_q90": 0.4215673933313863,
      "CV_q75": 0.29202349610995654,
      "CV_q95": 0.5197376161162279
    },
    "5": {
      "median_abs_epsilon": 0.18232020614279065,
      "mean_abs_epsilon": 0.24567237339894116,
      "variance_epsilon": 0.12931709231573232,
      "nr_prec": 32249,
      "CV_median": 0.21367515266157722,
      "CV_q90": 0.4405490111601722,
      "CV_q75": 0.3026848819801292,
      "CV_q95": 0.5432052109878158
    },
    "4": {
      "median_abs_epsilon": 0.1941435790770356,
      "mean_abs_epsilon": 0.2743891771057994,
      "variance_epsilon": 0.17213259505284306,
      "nr_prec": 38201,
      "CV_median": 0.21476533004476112,
      "CV_q90": 0.4526048826357834,
      "CV_q75": 0.3083656188216004,
      "CV_q95": 0.5578923664153331
    },
    "3": {
      "median_abs_epsilon": 0.20370226210656028,
      "mean_abs_epsilon": 0.2946231135136209,
      "variance_epsilon": 0.20323829036203928,
      "nr_prec": 43426,
      "CV_median": 0.2153751472038864,
      "CV_q90": 0.45852131357565484,
      "CV_q75": 0.3114217380366026,
      "CV_q95": 0.5657392909840595
    },
    "2": {
      "median_abs_epsilon": 0.2071225716850904,
      "mean_abs_epsilon": 0.30426134985207004,
      "variance_epsilon": 0.22246902524385767,
      "nr_prec": 47606,
      "CV_median": 0.21550746407738358,
      "CV_q90": 0.46076991953805607,
      "CV_q75": 0.31247177631270695,
      "CV_q95": 0.5697648449137143
    },
    "1": {
      "median_abs_epsilon": 0.2071225716850904,
      "mean_abs_epsilon": 0.30426134985207004,
      "variance_epsilon": 0.22246902524385767,
      "nr_prec": 50339,
      "CV_median": 0.21550746407738358,
      "CV_q90": 0.46076991953805607,
      "CV_q75": 0.31247177631270695,
      "CV_q95": 0.5697648449137143
    }
  },
  "median_abs_epsilon": 0.20370226210656028,
  "mean_abs_epsilon": 0.2946231135136209,
  "nr_prec": 43426,
  "comments": "",
  "proteobench_version": "0.8.22",
  "color": "#377eb8",
  "hover_text": "ProteoBench ID: MaxQuant_20250610_104137<br>Software tool: MaxQuant <br>Comment (private submission): ...",
  "scatter_size": 20,
  "fixed_mods": "Carbamidomethyl (C)",
  "variable_mods": "Oxidation (M),Acetyl (Protein N-term)",
  "max_mods": "5",
  "min_precursor_charge": null,
  "max_precursor_charge": "7",
  "quantification_method": "nan",
  "protein_inference": "nan",
  "abundance_normalization_ions": "nan",
  "submission_comments": "\n\n ### No parameter changes detected. \n\n\nDataset URL: https://proteobench.cubimed.rub.de/datasets/0280a06fabdbe84746419d0810deae56e7ab2406/"
}