{
  "old_new": "new",
  "id": "MaxQuant_20250610_104137",
  "software_name": "MaxQuant",
  "software_version": "2.3.1.0",
  "search_engine": "Andromeda",
  "search_engine_version": NaN,
  "ident_fdr_psm": 0.01,
  "ident_fdr_peptide": NaN,
  "ident_fdr_protein": 0.01,
  "enable_match_between_runs": true,
  "precursor_mass_tolerance": "[-4.5 ppm, 4.5 ppm]",
  "fragment_mass_tolerance": "[-20 ppm, 20 ppm]",
  "enzyme": "Trypsin/P",
  "allowed_miscleavages": 1,
  "min_peptide_length": 7,
  "max_peptide_length": NaN,
  "is_temporary": false,
  "intermediate_hash": "0280a06fabdbe84746419d0810deae56e7ab2406",
  "results": {
    "6": {
      "median_abs_epsilon_global": 0.1696938836252464,
      "median_abs_epsilon_eq_species": 0.1929971110511571,
      "median_abs_epsilon_ECOLI": 0.2260635479991624,
      "median_abs_epsilon_HUMAN": 0.16373920599367509,
      "median_abs_epsilon_YEAST": 0.1891885791606338,
      "mean_abs_epsilon_global": 0.22011783756016878,
      "mean_abs_epsilon_eq_species": 0.2754471052245858,
      "mean_abs_epsilon_ECOLI": 0.3773697239504109,
      "mean_abs_epsilon_HUMAN": 0.21228595687320542,
      "mean_abs_epsilon_YEAST": 0.23668563485014113,
      "median_log2_empirical_ECOLI": -1.8042577215381481,
      "median_log2_empirical_HUMAN": 0.07968375849895537,
      "median_log2_empirical_YEAST": 1.1234929406055034,
      "median_abs_epsilon_precision_global": 0.14881776352573794,
      "median_abs_epsilon_precision_eq_species": 0.15780837334293393,
      "median_abs_epsilon_precision_ECOLI": 0.17560125999002985,
      "median_abs_epsilon_precision_HUMAN": 0.1479934939544698,
      "median_abs_epsilon_precision_YEAST": 0.1498303660843021,
      "mean_log2_empirical_ECOLI": -1.7045789092776853,
      "mean_log2_empirical_HUMAN": 0.0635958764949762,
      "mean_log2_empirical_YEAST": 1.0918710659132131,
      "mean_abs_epsilon_precision_global": 0.20670337429388577,
      "mean_abs_epsilon_precision_eq_species": 0.2508639286730368,
      "mean_abs_epsilon_precision_ECOLI": 0.33725209824728936,
      "mean_abs_epsilon_precision_HUMAN": 0.2019209133252278,
      "mean_abs_epsilon_precision_YEAST": 0.21341877444659335,
      "CV_median": 0.21154868327795384,
      "CV_q75": 0.2915350871305473,
      "CV_q90": 0.42027104073105775,
      "CV_q95": 0.5187063282115258,
      "variance_epsilon_global": 0.09822795193466317,
      "nr_feature": 24663,
      "roc_auc": 0.9802859063031314
    },
    "5": {
      "median_abs_epsilon_global": 0.18247535595209285,
      "median_abs_epsilon_eq_species": 0.21493335382456932,
      "median_abs_epsilon_ECOLI": 0.2666131077346545,
      "median_abs_epsilon_HUMAN": 0.17570707137474173,
      "median_abs_epsilon_YEAST": 0.2024798823643117,
      "mean_abs_epsilon_global": 0.246114832929617,
      "mean_abs_epsilon_eq_species": 0.31239421133270934,
      "mean_abs_epsilon_ECOLI": 0.4360691776675803,
      "mean_abs_epsilon_HUMAN": 0.23561831039364223,
      "mean_abs_epsilon_YEAST": 0.2654951459369055,
      "median_log2_empirical_ECOLI": -1.7631753420235192,
      "median_log2_empirical_HUMAN": 0.07949805627562156,
      "median_log2_empirical_YEAST": 1.1030025803817054,
      "median_abs_epsilon_precision_global": 0.16456859670141277,
      "median_abs_epsilon_precision_eq_species": 0.18697034464639195,
      "median_abs_epsilon_precision_ECOLI": 0.22573113394741107,
      "median_abs_epsilon_precision_HUMAN": 0.16119144709625743,
      "median_abs_epsilon_precision_YEAST": 0.17398845289550735,
      "mean_log2_empirical_ECOLI": -1.6705765359548552,
      "mean_log2_empirical_HUMAN": 0.06398831367454086,
      "mean_log2_empirical_YEAST": 1.0636334591207226,
      "mean_abs_epsilon_precision_global": 0.23466669630674364,
      "mean_abs_epsilon_precision_eq_species": 0.2849042613333628,
      "mean_abs_epsilon_precision_ECOLI": 0.3761385888728259,
      "mean_abs_epsilon_precision_HUMAN": 0.2259505299322712,
      "mean_abs_epsilon_precision_YEAST": 0.2526236651949912,
      "CV_median": 0.21356731680086452,
      "CV_q75": 0.30212734621603854,
      "CV_q90": 0.4393483971292804,
      "CV_q95": 0.5424905539321856,
      "variance_epsilon_global": 0.1305945990683795,
      "nr_feature": 31896,
      "roc_auc": 0.9693279083389259
    },
    "4": {
      "median_abs_epsilon_global": 0.1943935906069889,
      "median_abs_epsilon_eq_species": 0.24524785610297015,
      "median_abs_epsilon_ECOLI": 0.3310818296832583,
      "median_abs_epsilon_HUMAN": 0.18628646882683952,
      "median_abs_epsilon_YEAST": 0.2183752697988126,
      "mean_abs_epsilon_global": 0.27502497162125633,
      "mean_abs_epsilon_eq_species": 0.3630862865522064,
      "mean_abs_epsilon_ECOLI": 0.5285645535113005,
      "mean_abs_epsilon_HUMAN": 0.25892125648928965,
      "mean_abs_epsilon_YEAST": 0.30177304965602914,
      "median_log2_empirical_ECOLI": -1.7240432349196801,
      "median_log2_empirical_HUMAN": 0.07964201402881876,
      "median_log2_empirical_YEAST": 1.0859791313030982,
      "median_abs_epsilon_precision_global": 0.1784959970380715,
      "median_abs_epsilon_precision_eq_species": 0.2137421451675389,
      "median_abs_epsilon_precision_ECOLI": 0.2739022345046642,
      "median_abs_epsilon_precision_HUMAN": 0.1717661402367483,
      "median_abs_epsilon_precision_YEAST": 0.1955580607612042,
      "mean_log2_empirical_ECOLI": -1.6037046883825332,
      "mean_log2_empirical_HUMAN": 0.06397561953926074,
      "mean_log2_empirical_YEAST": 1.0397998002762914,
      "mean_abs_epsilon_precision_global": 0.26460512927351615,
      "mean_abs_epsilon_precision_eq_species": 0.3337043585523464,
      "mean_abs_epsilon_precision_ECOLI": 0.45624258058386463,
      "mean_abs_epsilon_precision_HUMAN": 0.24966382018316485,
      "mean_abs_epsilon_precision_YEAST": 0.2952066748900098,
      "CV_median": 0.21467656505155386,
      "CV_q75": 0.30807953170987795,
      "CV_q90": 0.45179028317633063,
      "CV_q95": 0.5572763250212764,
      "variance_epsilon_global": 0.1733222240356399,
      "nr_feature": 37833,
      "roc_auc": 0.9521402358374085
    },
    "3": {
      "median_abs_epsilon_global": 0.20382055947153788,
      "median_abs_epsilon_eq_species": 0.2587769395651301,
      "median_abs_epsilon_ECOLI": 0.35597583260413046,
      "median_abs_epsilon_HUMAN": 0.19490616378026715,
      "median_abs_epsilon_YEAST": 0.22544882231099272,
      "mean_abs_epsilon_global": 0.29534776651240996,
      "mean_abs_epsilon_eq_species": 0.3847411260395404,
      "mean_abs_epsilon_ECOLI": 0.5536320310135443,
      "mean_abs_epsilon_HUMAN": 0.27949798221590433,
      "mean_abs_epsilon_YEAST": 0.32109336488917284,
      "median_log2_empirical_ECOLI": -1.709867892646443,
      "median_log2_empirical_HUMAN": 0.07964201402881876,
      "median_log2_empirical_YEAST": 1.0769506691373678,
      "median_abs_epsilon_precision_global": 0.18783494764710973,
      "median_abs_epsilon_precision_eq_species": 0.22502760030410465,
      "median_abs_epsilon_precision_ECOLI": 0.28823079352664394,
      "median_abs_epsilon_precision_HUMAN": 0.1812056289762385,
      "median_abs_epsilon_precision_YEAST": 0.20564637840943156,
      "mean_log2_empirical_ECOLI": -1.5850150687358102,
      "mean_log2_empirical_HUMAN": 0.062077226168533256,
      "mean_log2_empirical_YEAST": 1.0280585575044858,
      "mean_abs_epsilon_precision_global": 0.28559400247076927,
      "mean_abs_epsilon_precision_eq_species": 0.35399137438760647,
      "mean_abs_epsilon_precision_ECOLI": 0.4744674027006318,
      "mean_abs_epsilon_precision_HUMAN": 0.270758888591397,
      "mean_abs_epsilon_precision_YEAST": 0.3167478318707906,
      "CV_median": 0.2153063479566353,
      "CV_q75": 0.3110647516665992,
      "CV_q90": 0.4577577310129303,
      "CV_q95": 0.5654890238530261,
      "variance_epsilon_global": 0.20440747976353554,
      "nr_feature": 43039,
      "roc_auc": 0.9397739532861888
    },
    "2": {
      "median_abs_epsilon_global": 0.2072456492358672,