{
  "id": "MaxQuant_20250310_132220",
  "old_new": "new",
  "software_name": "MaxQuant",
  "software_version": "2.4.13.0",
  "search_engine": "Andromeda",
  "search_engine_version": "nan",
  "ident_fdr_psm": null,
  "ident_fdr_peptide": "0.01",
  "ident_fdr_protein": "0.01",
  "enable_match_between_runs": false,
  "precursor_mass_tolerance": "[-4.5 ppm, 4.5 ppm]",
  "fragment_mass_tolerance": "[-10 ppm, 10 ppm]",
  "enzyme": "Trypsin/P",
  "allowed_miscleavages": "2",
  "min_peptide_length": "7",
  "max_peptide_length": null,
  "is_temporary": false,
  "intermediate_hash": "05169e12f694b60d579d3e4006e1db3a8a8a6b2b",
  "results": {
    "6": {
      "median_abs_epsilon": 0.1537999536832917,
      "mean_abs_epsilon": 0.191362386112772,
      "variance_epsilon": 0.0748320468794803,
      "nr_prec": 10326,
      "CV_median": 0.1994740481690918,
      "CV_q90": 0.3684545567223724,
      "CV_q75": 0.2694371367117179,
      "CV_q95": 0.46519558668485733
    },
    "5": {
      "median_abs_epsilon": 0.16458174405897807,
      "mean_abs_epsilon": 0.2111660388675165,
      "variance_epsilon": 0.09474400609922191,
      "nr_prec": 16659,
      "CV_median": 0.1968199839035396,
      "CV_q90": 0.37956856484801893,
      "CV_q75": 0.2732829719380498,
      "CV_q95": 0.4763931674341144
    },
    "4": {
      "median_abs_epsilon": 0.17587251707534435,
      "mean_abs_epsilon": 0.2321362883096675,
      "variance_epsilon": 0.11455757784168975,
      "nr_prec": 22219,
      "CV_median": 0.1953762095207589,
      "CV_q90": 0.38658327750815596,
      "CV_q75": 0.27602457705144334,
      "CV_q95": 0.48312283649245114
    },
    "3": {
      "median_abs_epsilon": 0.1885784112045208,
      "mean_abs_epsilon": 0.2533742701534831,
      "variance_epsilon": 0.1328533251352566,
      "nr_prec": 28641,
      "CV_median": 0.19480176349751804,
      "CV_q90": 0.3919463022927966,
      "CV_q75": 0.27838846793320704,
      "CV_q95": 0.48696933578674084
    },
    "2": {
      "median_abs_epsilon": 0.19585825429210146,
      "mean_abs_epsilon": 0.26858159519122154,
      "variance_epsilon": 0.15417612985018025,
      "nr_prec": 36111,
      "CV_median": 0.1939760297142712,
      "CV_q90": 0.3933451042486882,
      "CV_q75": 0.27932475459992967,
      "CV_q95": 0.4881188953890445
    },
    "1": {
      "median_abs_epsilon": 0.19585825429210146,
      "mean_abs_epsilon": 0.2685815951912215,
      "variance_epsilon": 0.15417612985018025,
      "nr_prec": 46866,
      "CV_median": 0.1939760297142712,
      "CV_q90": 0.3933451042486882,
      "CV_q75": 0.27932475459992967,
      "CV_q95": 0.4881188953890445
    }
  },
  "median_abs_epsilon": 0.1885784112045208,
  "nr_prec": 28641,
  "comments": "",
  "fixed_mods": "Carbamidomethyl (C)",
  "variable_mods": "Oxidation (M),Acetyl (Protein N-term)",
  "max_mods": "5",
  "min_precursor_charge": null,
  "max_precursor_charge": "7",
  "submission_comments": "\n\n ### No parameter changes detected. \n\n\nDataset URL: https://proteobench.cubimed.rub.de/datasets/05169e12f694b60d579d3e4006e1db3a8a8a6b2b/",
  "proteobench_version": "0.5.16.dev13+gf14d0f6.d20250121",
  "minPeptideLength": NaN,
  "color": "#377eb8",
  "hover_text": "ProteoBench ID: MaxQuant_20250310_132220<br>Software tool: MaxQuant <br>Comment (private submission): ",
  "scatter_size": 20,
  "scan_window": NaN,
  "quantification_method_DIANN": NaN,
  "second_pass": NaN,
  "protein_inference": "nan",
  "predictors_library": NaN,
  "quantification_method": "nan",
  "mean_abs_epsilon": 0.2533742701534831,
  "abundance_normalization_ions": "nan"
}