{
  "old_new": "new",
  "id": "Sage_20260423_150258",
  "software_name": "Sage",
  "software_version": "0.15.0-beta.2",
  "search_engine": "Sage",
  "search_engine_version": "0.15.0-beta.2",
  "ident_fdr_psm": NaN,
  "ident_fdr_peptide": NaN,
  "ident_fdr_protein": NaN,
  "enable_match_between_runs": true,
  "precursor_mass_tolerance": "[-10.0 ppm, 10.0 ppm]",
  "fragment_mass_tolerance": "[-0.02 Da, 0.02 Da]",
  "enzyme": "Trypsin",
  "allowed_miscleavages": "2",
  "min_peptide_length": "7",
  "max_peptide_length": null,
  "is_temporary": false,
  "intermediate_hash": "05906d50cf20634dc684bda319e3954b8cc2bf5b",
  "results": {
    "6": {
      "median_abs_epsilon_global": 0.3450220291323216,
      "median_abs_epsilon_eq_species": 0.5075527651926718,
      "median_abs_epsilon_ECOLI": 0.7773748301134589,
      "median_abs_epsilon_HUMAN": 0.3092215397827296,
      "median_abs_epsilon_YEAST": 0.4360619256818268,
      "mean_abs_epsilon_global": 0.5572283882628123,
      "mean_abs_epsilon_eq_species": 0.7262748650570404,
      "mean_abs_epsilon_ECOLI": 1.0446595081938788,
      "mean_abs_epsilon_HUMAN": 0.5082543404862119,
      "mean_abs_epsilon_YEAST": 0.6259107464910307,
      "median_log2_empirical_ECOLI": -1.9458669917443103,
      "median_log2_empirical_HUMAN": -0.027240415595418455,
      "median_log2_empirical_YEAST": 1.1408242179542754,
      "median_abs_epsilon_precision_global": 0.3381230125787429,
      "median_abs_epsilon_precision_eq_species": 0.5007393219544612,
      "median_abs_epsilon_precision_ECOLI": 0.7860598043391605,
      "median_abs_epsilon_precision_HUMAN": 0.3096439257688708,
      "median_abs_epsilon_precision_YEAST": 0.4065142357553526,
      "mean_log2_empirical_ECOLI": -1.8596992947694886,
      "mean_log2_empirical_HUMAN": -0.09466571645754886,
      "mean_log2_empirical_YEAST": 1.077134257545279,
      "mean_abs_epsilon_precision_global": 0.557365664773933,
      "mean_abs_epsilon_precision_eq_species": 0.7243816807406501,
      "mean_abs_epsilon_precision_ECOLI": 1.046717929155319,
      "mean_abs_epsilon_precision_HUMAN": 0.5115799135774539,
      "mean_abs_epsilon_precision_YEAST": 0.6148471994891774,
      "CV_median": 0.36298268413715723,
      "CV_q75": 0.6884561664243767,
      "CV_q90": 0.9713271168421854,
      "CV_q95": 1.2356569509816258,
      "variance_epsilon_global": 0.6972569634152435,
      "nr_prec": 72898,
      "roc_auc": 0.8318306780691158
    },
    "5": {
      "median_abs_epsilon_global": 0.3616041373586718,
      "median_abs_epsilon_eq_species": 0.5336828983872041,
      "median_abs_epsilon_ECOLI": 0.8208283758785768,
      "median_abs_epsilon_HUMAN": 0.3242319962645155,
      "median_abs_epsilon_YEAST": 0.45598832301852,
      "mean_abs_epsilon_global": 0.6036989062309673,
      "mean_abs_epsilon_eq_species": 0.7791329454875223,
      "mean_abs_epsilon_ECOLI": 1.109301401440652,
      "mean_abs_epsilon_HUMAN": 0.5516417720555346,
      "mean_abs_epsilon_YEAST": 0.6764556629663809,
      "median_log2_empirical_ECOLI": -1.9513053493290329,
      "median_log2_empirical_HUMAN": -0.027751136491364292,
      "median_log2_empirical_YEAST": 1.1365503278642066,
      "median_abs_epsilon_precision_global": 0.3558778137418539,
      "median_abs_epsilon_precision_eq_species": 0.5306431524297531,
      "median_abs_epsilon_precision_ECOLI": 0.8408159119533778,
      "median_abs_epsilon_precision_HUMAN": 0.324900898769247,
      "median_abs_epsilon_precision_YEAST": 0.4262126465666345,
      "mean_log2_empirical_ECOLI": -1.8646151638148545,
      "mean_log2_empirical_HUMAN": -0.09813442871055601,
      "mean_log2_empirical_YEAST": 1.060405170118246,
      "mean_abs_epsilon_precision_global": 0.6045186296470046,
      "mean_abs_epsilon_precision_eq_species": 0.7781952104519139,
      "mean_abs_epsilon_precision_ECOLI": 1.111531267766411,
      "mean_abs_epsilon_precision_HUMAN": 0.5551613281674169,
      "mean_abs_epsilon_precision_YEAST": 0.6678930354219136,
      "CV_median": 0.37984989007597025,
      "CV_q75": 0.723233476543238,
      "CV_q90": 1.0299364733254093,
      "CV_q95": 1.2987996795926495,
      "variance_epsilon_global": 0.8587988365961186,
      "nr_prec": 76830,
      "roc_auc": 0.8188077687949133
    },
    "4": {
      "median_abs_epsilon_global": 0.37578238688775656,
      "median_abs_epsilon_eq_species": 0.553519667727997,
      "median_abs_epsilon_ECOLI": 0.8525834162542054,
      "median_abs_epsilon_HUMAN": 0.33660906943702784,
      "median_abs_epsilon_YEAST": 0.4713665174927577,
      "mean_abs_epsilon_global": 0.6480572200552082,
      "mean_abs_epsilon_eq_species": 0.8292711332295849,
      "mean_abs_epsilon_ECOLI": 1.1757294699495937,
      "mean_abs_epsilon_HUMAN": 0.595468129896269,
      "mean_abs_epsilon_YEAST": 0.7166157998428918,
      "median_log2_empirical_ECOLI": -1.9377906662922548,
      "median_log2_empirical_HUMAN": -0.028002778101818393,
      "median_log2_empirical_YEAST": 1.1327698762058844,
      "median_abs_epsilon_precision_global": 0.3694937441713293,
      "median_abs_epsilon_precision_eq_species": 0.5478712223391078,
      "median_abs_epsilon_precision_ECOLI": 0.8648466777224009,
      "median_abs_epsilon_precision_HUMAN": 0.33649800954409415,
      "median_abs_epsilon_precision_YEAST": 0.44226897975082835,
      "mean_log2_empirical_ECOLI": -1.8200791320240153,
      "mean_log2_empirical_HUMAN": -0.09641210511652909,
      "mean_log2_empirical_YEAST": 1.0487645282537759,
      "mean_abs_epsilon_precision_global": 0.6491012547478381,
      "mean_abs_epsilon_precision_eq_species": 0.8295572182753482,
      "mean_abs_epsilon_precision_ECOLI": 1.1802901573893798,
      "mean_abs_epsilon_precision_HUMAN": 0.5986590193539498,
      "mean_abs_epsilon_precision_YEAST": 0.709722478082715,
      "CV_median": 0.38891024028630905,
      "CV_q75": 0.7396166531507179,
      "CV_q90": 1.0666465112129342,
      "CV_q95": 1.3240782135307843,
      "variance_epsilon_global": 1.0442095258651771,
      "nr_prec": 79651,
      "roc_auc": 0.8072026573135623
    },
    "3": {
      "median_abs_epsilon_global": 0.3876835525189719,
      "median_abs_epsilon_eq_species": 0.5694804682863293,
      "median_abs_epsilon_ECOLI": 0.8769008710066117,
      "median_abs_epsilon_HUMAN": 0.34773930812108844,
      "median_abs_epsilon_YEAST": 0.4838012257312876,
      "mean_abs_epsilon_global": 0.6903716551589787,
      "mean_abs_epsilon_eq_species": 0.8708363022693303,
      "mean_abs_epsilon_ECOLI": 1.213766058534243,
      "mean_abs_epsilon_HUMAN": 0.637157930065405,
      "mean_abs_epsilon_YEAST": 0.7615849182083431,
      "median_log2_empirical_ECOLI": -1.9277414591544328,
      "median_log2_empirical_HUMAN": -0.02599878728086047,
      "median_log2_empirical_YEAST": 1.13257733728463,
      "median_abs_epsilon_precision_global": 0.3811684681111567,
      "median_abs_epsilon_precision_eq_species": 0.5618188623713151,
      "median_abs_epsilon_precision_ECOLI": 0.8819222171437744,
      "median_abs_epsilon_precision_HUMAN": 0.34719143250724294,
      "median_abs_epsilon_precision_YEAST": 0.456342937462928,
      "mean_log2_empirical_ECOLI": -1.79725671000324,
      "mean_log2_empirical_HUMAN": -0.0882111210905208,
      "mean_log2_empirical_YEAST": 1.0408954984449805,
      "mean_abs_epsilon_precision_global": 0.6912452944071,
      "mean_abs_epsilon_precision_eq_species": 0.8715461437230819,
      "mean_abs_epsilon_precision_ECOLI": 1.2191306837852425,
      "mean_abs_epsilon_precision_HUMAN": 0.6397529571929522,
      "mean_abs_epsilon_precision_YEAST": 0.7557547901910512,
      "CV_median": 0.3934571231606736,
      "CV_q75": 0.7483360147229279,
      "CV_q90": 1.0861419124499514,
      "CV_q95": 1.3397992650350714,
      "variance_epsilon_global": 1.2438313206540348,
      "nr_prec": 81933,
      "roc_auc": 0.7977671174959389
    },
    "2": {
      "median_abs_epsilon_global": 0.3947216658877526,
      "median_abs_epsilon_eq_species": 0.5814898655358292,