{
  "old_new": "new",
  "id": "MaxQuant_20260603_154016",
  "software_name": "MaxQuant",
  "software_version": "1.5.3.30",
  "search_engine": "Andromeda",
  "search_engine_version": "nan",
  "ident_fdr_psm": "0.01",
  "ident_fdr_peptide": null,
  "ident_fdr_protein": "0.01",
  "enable_match_between_runs": true,
  "precursor_mass_tolerance": "[-4.5 ppm, 4.5 ppm]",
  "fragment_mass_tolerance": "[-20 ppm, 20 ppm]",
  "enzyme": "Trypsin/P",
  "allowed_miscleavages": "0",
  "min_peptide_length": "7",
  "max_peptide_length": null,
  "is_temporary": false,
  "intermediate_hash": "08007318b9c8afb133faca6441175fe704cb5b1e",
  "results": {
    "6": {
      "median_abs_epsilon_global": 0.13562278521073878,
      "median_abs_epsilon_eq_species": 0.17000787418527352,
      "median_abs_epsilon_HUMAN": 0.124867689079462,
      "median_abs_epsilon_YEAST": 0.21514805929108505,
      "mean_abs_epsilon_global": 0.18050007982739413,
      "mean_abs_epsilon_eq_species": 0.19986729002418194,
      "mean_abs_epsilon_HUMAN": 0.17689687793031733,
      "mean_abs_epsilon_YEAST": 0.22283770211804654,
      "median_log2_empirical_HUMAN": 0.07002812946307557,
      "median_log2_empirical_YEAST": 1.215148059291085,
      "median_abs_epsilon_precision_global": 0.1608505349585343,
      "median_abs_epsilon_precision_eq_species": 0.14966860928936399,
      "median_abs_epsilon_precision_HUMAN": 0.1608505349585343,
      "median_abs_epsilon_precision_YEAST": 0.13848668362019367,
      "mean_log2_empirical_HUMAN": 0.08491813800033178,
      "mean_log2_empirical_YEAST": 1.2057890743432518,
      "mean_abs_epsilon_precision_global": 0.1634804781368573,
      "mean_abs_epsilon_precision_eq_species": 0.15632838439792426,
      "mean_abs_epsilon_precision_HUMAN": 0.16481110022782158,
      "mean_abs_epsilon_precision_YEAST": 0.14784566856802694,
      "CV_median": 0.210560575203163,
      "CV_q75": 0.2813270109123861,
      "CV_q90": 0.3913230799657057,
      "CV_q95": 0.4471451562230405,
      "variance_epsilon_global": 0.04424457085273092,
      "nr_prec": 51,
      "roc_auc": 1.0
    },
    "5": {
      "median_abs_epsilon_global": 0.1588718524909094,
      "median_abs_epsilon_eq_species": 0.19717519139074025,
      "median_abs_epsilon_HUMAN": 0.15088200096101545,
      "median_abs_epsilon_YEAST": 0.24346838182046504,
      "mean_abs_epsilon_global": 0.22303987049141144,
      "mean_abs_epsilon_eq_species": 0.2315430825659064,
      "mean_abs_epsilon_HUMAN": 0.22109627916009833,
      "mean_abs_epsilon_YEAST": 0.24198988597171445,
      "median_log2_empirical_HUMAN": 0.04861451112044257,
      "median_log2_empirical_YEAST": 1.0579434057752248,
      "median_abs_epsilon_precision_global": 0.17231220141841952,
      "median_abs_epsilon_precision_eq_species": 0.19250751475592232,
      "median_abs_epsilon_precision_HUMAN": 0.16611702911161785,
      "median_abs_epsilon_precision_YEAST": 0.21889800040022678,
      "mean_log2_empirical_HUMAN": 0.049928160882482614,
      "mean_log2_empirical_YEAST": 1.0337571009502446,
      "mean_abs_epsilon_precision_global": 0.21913269444930603,
      "mean_abs_epsilon_precision_eq_species": 0.22938912654269442,
      "mean_abs_epsilon_precision_HUMAN": 0.21678836711367439,
      "mean_abs_epsilon_precision_YEAST": 0.24198988597171445,
      "CV_median": 0.20068006126391608,
      "CV_q75": 0.27331394164644285,
      "CV_q90": 0.398338005996528,
      "CV_q95": 0.45636915392297384,
      "variance_epsilon_global": 0.09250093553112838,
      "nr_prec": 86,
      "roc_auc": 0.9807692307692307
    },
    "4": {
      "median_abs_epsilon_global": 0.170998558457093,
      "median_abs_epsilon_eq_species": 0.2059486275213347,
      "median_abs_epsilon_HUMAN": 0.16842887322220434,
      "median_abs_epsilon_YEAST": 0.24346838182046504,
      "mean_abs_epsilon_global": 0.24546936490509427,
      "mean_abs_epsilon_eq_species": 0.2531576203462275,
      "mean_abs_epsilon_HUMAN": 0.24287573656350717,
      "mean_abs_epsilon_YEAST": 0.26343950412894784,
      "median_log2_empirical_HUMAN": 0.06439297997260951,
      "median_log2_empirical_YEAST": 0.9042093975660439,
      "median_abs_epsilon_precision_global": 0.18234810422246284,
      "median_abs_epsilon_precision_eq_species": 0.2197923046596335,
      "median_abs_epsilon_precision_HUMAN": 0.18144289170510675,
      "median_abs_epsilon_precision_YEAST": 0.25814171761416027,
      "mean_log2_empirical_HUMAN": 0.05167812056933324,
      "mean_log2_empirical_YEAST": 0.9223915480930902,
      "mean_abs_epsilon_precision_global": 0.23944459861915227,
      "mean_abs_epsilon_precision_eq_species": 0.2473693165076294,
      "mean_abs_epsilon_precision_HUMAN": 0.23677119981340092,
      "mean_abs_epsilon_precision_YEAST": 0.25796743320185783,
      "CV_median": 0.20704922299010708,
      "CV_q75": 0.29860851084496454,
      "CV_q90": 0.42644033803411363,
      "CV_q95": 0.5229032440193486,
      "variance_epsilon_global": 0.12116530366539542,
      "nr_prec": 111,
      "roc_auc": 0.9432989690721649
    },
    "3": {
      "median_abs_epsilon_global": 0.20464578919755994,
      "median_abs_epsilon_eq_species": 0.23045544928933648,
      "median_abs_epsilon_ECOLI": NaN,
      "median_abs_epsilon_HUMAN": 0.18059884709654206,
      "median_abs_epsilon_YEAST": 0.2803120514821309,
      "mean_abs_epsilon_global": 0.27016281620080096,
      "mean_abs_epsilon_eq_species": 0.2876015029939257,
      "mean_abs_epsilon_ECOLI": NaN,
      "mean_abs_epsilon_HUMAN": 0.2644063564826822,
      "mean_abs_epsilon_YEAST": 0.31079664950516916,
      "median_log2_empirical_ECOLI": NaN,
      "median_log2_empirical_HUMAN": 0.05111120114247569,
      "median_log2_empirical_YEAST": 0.8425160506816773,
      "median_abs_epsilon_precision_global": 0.1933640886319843,
      "median_abs_epsilon_precision_eq_species": 0.19743567657739902,
      "median_abs_epsilon_precision_ECOLI": NaN,
      "median_abs_epsilon_precision_HUMAN": 0.18605593434483936,
      "median_abs_epsilon_precision_YEAST": 0.20881541880995869,
      "mean_log2_empirical_ECOLI": NaN,
      "mean_log2_empirical_HUMAN": 0.04708827466382267,
      "mean_log2_empirical_YEAST": 0.9508846537311333,
      "mean_abs_epsilon_precision_global": 0.26610502037454664,
      "mean_abs_epsilon_precision_eq_species": 0.2821112546062043,
      "mean_abs_epsilon_precision_ECOLI": NaN,
      "mean_abs_epsilon_precision_HUMAN": 0.26082140907477624,
      "mean_abs_epsilon_precision_YEAST": 0.30340110013763233,
      "CV_median": 0.20616236738006471,
      "CV_q75": 0.29750011181845654,
      "CV_q90": 0.4269250275333631,
      "CV_q95": 0.49930247805275135,
      "variance_epsilon_global": 0.1464537262770485,
      "nr_prec": 142,
      "roc_auc": 0.9333333333333335
    },
    "2": {
      "median_abs_epsilon_global": 0.20123760353199494,
      "median_abs_epsilon_eq_species": 0.22181103511011369,
      "median_abs_epsilon_ECOLI": NaN,
      "median_abs_epsilon_HUMAN": 0.18059884709654206,
      "median_abs_epsilon_YEAST": 0.2630232231236853,
      "mean_abs_epsilon_global": 0.27607413458658603,
      "mean_abs_epsilon_eq_species": 0.28433612987432827,
      "mean_abs_epsilon_ECOLI": NaN,
      "mean_abs_epsilon_HUMAN": 0.2735100670834936,
      "mean_abs_epsilon_YEAST": 0.2951621926651629,
      "median_log2_empirical_ECOLI": NaN,
      "median_log2_empirical_HUMAN": 0.05111120114247569,
      "median_log2_empirical_YEAST": 0.9042093975660439,
      "median_abs_epsilon_precision_global": 0.1949936278080191,
      "median_abs_epsilon_precision_eq_species": 0.2213683418627701,
      "median_abs_epsilon_precision_ECOLI": NaN,
      "median_abs_epsilon_precision_HUMAN": 0.19004903749259938,
      "median_abs_epsilon_precision_YEAST": 0.2526876462329408,
      "mean_log2_empirical_ECOLI": NaN,
      "mean_log2_empirical_HUMAN": 0.05377047550329908,
      "mean_log2_empirical_YEAST": 0.951981260391345,
      "mean_abs_epsilon_precision_global": 0.2713792712858183,