{
  "id": "FragPipe_20250504_164850",
  "old_new": "new",
  "software_name": "FragPipe",
  "software_version": "23.0",
  "search_engine": "MSFragger",
  "search_engine_version": "4.2",
  "ident_fdr_psm": "0.01",
  "ident_fdr_peptide": null,
  "ident_fdr_protein": "0.01",
  "enable_match_between_runs": false,
  "precursor_mass_tolerance": "[-20 ppm, 20 ppm]",
  "fragment_mass_tolerance": "[-20 ppm, 20 ppm]",
  "enzyme": "Trypsin/P",
  "allowed_miscleavages": "2",
  "min_peptide_length": "7",
  "max_peptide_length": "50",
  "is_temporary": false,
  "intermediate_hash": "0c88ca16d30d2911dc78febe087650427365e963",
  "results": {
    "6": {
      "median_abs_epsilon": 0.15231476150085754,
      "mean_abs_epsilon": 0.21790573699522234,
      "variance_epsilon": 0.1040203672665644,
      "nr_prec": 15932,
      "CV_median": 0.15580630341090979,
      "CV_q90": 0.39850581476455094,
      "CV_q75": 0.2616186758101635,
      "CV_q95": 0.4964042237462504
    },
    "5": {
      "median_abs_epsilon": 0.16437264746832447,
      "mean_abs_epsilon": 0.23587448800656693,
      "variance_epsilon": 0.11907942841444734,
      "nr_prec": 24026,
      "CV_median": 0.1564750481679676,
      "CV_q90": 0.41634042753448935,
      "CV_q75": 0.26873470737763344,
      "CV_q95": 0.5257307520003622
    },
    "4": {
      "median_abs_epsilon": 0.17773263916753024,
      "mean_abs_epsilon": 0.2609688214117912,
      "variance_epsilon": 0.15256609319361186,
      "nr_prec": 30895,
      "CV_median": 0.15658090571802624,
      "CV_q90": 0.42787691582926524,
      "CV_q75": 0.2729163920777651,
      "CV_q95": 0.5421243327674937
    },
    "3": {
      "median_abs_epsilon": 0.1903040587160394,
      "mean_abs_epsilon": 0.2850027308097124,
      "variance_epsilon": 0.18491125129593067,
      "nr_prec": 37812,
      "CV_median": 0.15617735461244897,
      "CV_q90": 0.43396170849257126,
      "CV_q75": 0.2750968288495356,
      "CV_q95": 0.5533188717045201
    },
    "2": {
      "median_abs_epsilon": 0.19995177671706088,
      "mean_abs_epsilon": 0.30908790453089025,
      "variance_epsilon": 0.23070670978084534,
      "nr_prec": 45685,
      "CV_median": 0.15647341432505485,
      "CV_q90": 0.4376193530370269,
      "CV_q75": 0.2768324939926673,
      "CV_q95": 0.5605728533344005
    },
    "1": {
      "median_abs_epsilon": 0.19995177671706088,
      "mean_abs_epsilon": 0.30908790453089013,
      "variance_epsilon": 0.2307067097808454,
      "nr_prec": 57021,
      "CV_median": 0.15647341432505485,
      "CV_q90": 0.4376193530370269,
      "CV_q75": 0.2768324939926673,
      "CV_q95": 0.5605728533344005
    }
  },
  "median_abs_epsilon": 0.1903040587160394,
  "nr_prec": 37812,
  "comments": "",
  "fixed_mods": "0.0,C-Term Peptide,true,-1; 0.0,N-Term Peptide,true,-1; 0.0,C-Term Protein,true,-1; 0.0,N-Term Protein,true,-1; 0.0,G (glycine),true,-1; 0.0,A (alanine),true,-1; 0.0,S (serine),true,-1; 0.0,P (proline),true,-1; 0.0,V (valine),true,-1; 0.0,T (threonine),true,-1; 57.02146,C (cysteine),true,-1; 0.0,L (leucine),true,-1; 0.0,I (isoleucine),true,-1; 0.0,N (asparagine),true,-1; 0.0,D (aspartic acid),true,-1; 0.0,Q (glutamine),true,-1; 0.0,K (lysine),true,-1; 0.0,E (glutamic acid),true,-1; 0.0,M (methionine),true,-1; 0.0,H (histidine),true,-1; 0.0,F (phenylalanine),true,-1; 0.0,R (arginine),true,-1; 0.0,Y (tyrosine),true,-1; 0.0,W (tryptophan),true,-1; 0.0,B ,true,-1; 0.0,J,true,-1; 0.0,O,true,-1; 0.0,U,true,-1; 0.0,X,true,-1; 0.0,Z,true,-1",
  "variable_mods": "15.9949,M,true,3; 42.0106,[^,true,1; 79.96633,STY,false,3; -17.0265,nQnC,false,1; -18.0106,nE,false,1; 4.025107,K,false,2; 6.020129,R,false,2; 8.014199,K,false,2; 10.008269,R,false,2; 0.0,site_10,false,1; 0.0,site_11,false,1; 0.0,site_12,false,1; 0.0,site_13,false,1; 0.0,site_14,false,1; 0.0,site_15,false,1; 0.0,site_16,false,1",
  "max_mods": "3",
  "min_precursor_charge": "1",
  "max_precursor_charge": "7",
  "submission_comments": "\n\n ### Parameter changes Detected:\n- **search_engine_version**: `` \u2192 `4.2`\n- **software_version**: `Version info:` \u2192 `23.0`\n- **quantification_method**: `nan` \u2192 `IonQuant`\n- **ident_fdr_protein**: `1` \u2192 `0.01`\n- **enable_match_between_runs**: `True` \u2192 `False`\n- **max_precursor_charge**: `None` \u2192 `7`\n\nDataset URL: https://proteobench.cubimed.rub.de/datasets/0c88ca16d30d2911dc78febe087650427365e963/",
  "proteobench_version": "0.8.7",
  "minPeptideLength": NaN,
  "color": "#ff7f00",
  "hover_text": "ProteoBench ID: FragPipe_20250504_164850<br>Software tool: FragPipe <br>Comment (private submission): ...",
  "scatter_size": 20,
  "scan_window": NaN,
  "quantification_method_DIANN": NaN,
  "second_pass": NaN,
  "protein_inference": "ProteinProphet: --maxppmdiff 2000000",
  "predictors_library": NaN,
  "quantification_method": "IonQuant",
  "mean_abs_epsilon": 0.2850027308097124,
  "abundance_normalization_ions": "1"
}