{
  "id": "WOMBAT_20250506_073548",
  "old_new": "new",
  "software_name": "WOMBAT",
  "software_version": "0.9.11",
  "search_engine": "XTandem",
  "search_engine_version": "nan",
  "ident_fdr_psm": "0.01",
  "ident_fdr_peptide": "0.01",
  "ident_fdr_protein": "0.01",
  "enable_match_between_runs": true,
  "precursor_mass_tolerance": "10 ppm",
  "fragment_mass_tolerance": "0.01 Da",
  "enzyme": "Trypsin",
  "allowed_miscleavages": "1",
  "min_peptide_length": "5",
  "max_peptide_length": "35",
  "is_temporary": false,
  "intermediate_hash": "0d33cae7fd689507eb8b31c7ee2adc72adc3befe",
  "results": {
    "6": {
      "median_abs_epsilon": 0.1910882602940216,
      "mean_abs_epsilon": 0.28591269359113575,
      "variance_epsilon": 0.1986031681142663,
      "nr_prec": 52450,
      "CV_median": 0.22676429058743217,
      "CV_q90": 0.4806497568478824,
      "CV_q75": 0.32189199555699555,
      "CV_q95": 0.5957585798874547
    },
    "5": {
      "median_abs_epsilon": 0.19754996464748764,
      "mean_abs_epsilon": 0.3062741810874677,
      "variance_epsilon": 0.23277461502447463,
      "nr_prec": 57002,
      "CV_median": 0.22935693835438364,
      "CV_q90": 0.4990184050789934,
      "CV_q75": 0.3307087194146367,
      "CV_q95": 0.6257330016936773
    },
    "4": {
      "median_abs_epsilon": 0.20165339999084964,
      "mean_abs_epsilon": 0.3196634179502219,
      "variance_epsilon": 0.25860533641281824,
      "nr_prec": 59257,
      "CV_median": 0.2301879549591178,
      "CV_q90": 0.5049194018708194,
      "CV_q75": 0.33380478921381795,
      "CV_q95": 0.63772370813846
    },
    "3": {
      "median_abs_epsilon": 0.20361369845675625,
      "mean_abs_epsilon": 0.3265034481996476,
      "variance_epsilon": 0.27461158105745587,
      "nr_prec": 60800,
      "CV_median": 0.23036961899150776,
      "CV_q90": 0.5072613877753838,
      "CV_q75": 0.3350871859302007,
      "CV_q95": 0.6428054681887299
    },
    "2": {
      "median_abs_epsilon": 0.20417803507442578,
      "mean_abs_epsilon": 0.32919536834186347,
      "variance_epsilon": 0.2845228737031828,
      "nr_prec": 61532,
      "CV_median": 0.2303700736322583,
      "CV_q90": 0.5076282213750674,
      "CV_q75": 0.3352146674514287,
      "CV_q95": 0.6435706144786687
    },
    "1": {
      "median_abs_epsilon": 0.20417803507442578,
      "mean_abs_epsilon": 0.3291953683418635,
      "variance_epsilon": 0.28452287370318285,
      "nr_prec": 61819,
      "CV_median": 0.2303700736322583,
      "CV_q90": 0.5076282213750674,
      "CV_q75": 0.3352146674514287,
      "CV_q95": 0.6435706144786687
    }
  },
  "median_abs_epsilon": 0.20361369845675625,
  "nr_prec": 60800,
  "comments": "Running Compomics workflow in WOMBAT-P",
  "fixed_mods": "Carbamidomethyl of C",
  "variable_mods": "Acetyl of Protein N-term,Oxidation of M",
  "max_mods": "4",
  "min_precursor_charge": "2",
  "max_precursor_charge": "4",
  "submission_comments": "Running Proline with lower precursor and fragment tolerance.\n\n\n ### Parameter changes Detected:\n- **search_engine**: `various` \u2192 `Proline`\n- **abundance_normalization_ions**: `median` \u2192 ``\n\nDataset URL: https://proteobench.cubimed.rub.de/datasets/0d33cae7fd689507eb8b31c7ee2adc72adc3befe/",
  "proteobench_version": "0.8.7",
  "minPeptideLength": NaN,
  "color": "#d30067",
  "hover_text": "ProteoBench ID: WOMBAT_20250506_073548<br>Software tool: WOMBAT <br>Comment (private submission): ...",
  "scatter_size": 40,
  "scan_window": NaN,
  "quantification_method_DIANN": NaN,
  "second_pass": NaN,
  "protein_inference": "nan",
  "predictors_library": NaN,
  "quantification_method": "nan",
  "mean_abs_epsilon": 0.3265034481996476,
  "abundance_normalization_ions": ""
}
