{
  "old_new": "new",
  "id": "MaxQuant_20260309_101218",
  "software_name": "MaxQuant",
  "software_version": "1.5.8.2",
  "search_engine": "Andromeda",
  "search_engine_version": NaN,
  "ident_fdr_psm": 0.01,
  "ident_fdr_peptide": null,
  "ident_fdr_protein": 0.01,
  "enable_match_between_runs": true,
  "precursor_mass_tolerance": "[-4.5 ppm, 4.5 ppm]",
  "fragment_mass_tolerance": "[-20 ppm, 20 ppm]",
  "enzyme": "Trypsin/P",
  "allowed_miscleavages": 1,
  "min_peptide_length": 7,
  "max_peptide_length": null,
  "is_temporary": false,
  "intermediate_hash": "0f3b9a3158a21e355f4b387f0566e9c2730ae5a5",
  "results": {
    "6": {
      "median_abs_epsilon_global": 0.17124254347599432,
      "median_abs_epsilon_eq_species": 0.19402608907946592,
      "median_abs_epsilon_ECOLI": 0.22512850788237415,
      "median_abs_epsilon_HUMAN": 0.1649972303555991,
      "median_abs_epsilon_YEAST": 0.19195252900042448,
      "mean_abs_epsilon_global": 0.22892412890051164,
      "mean_abs_epsilon_eq_species": 0.28005341560368596,
      "mean_abs_epsilon_ECOLI": 0.37178513643085076,
      "mean_abs_epsilon_HUMAN": 0.22082426659274731,
      "mean_abs_epsilon_YEAST": 0.24755084378745987,
      "median_log2_empirical_ECOLI": -1.8053510180447727,
      "median_log2_empirical_HUMAN": 0.07858861106108783,
      "median_log2_empirical_YEAST": 1.129374787888544,
      "median_abs_epsilon_precision_global": 0.1509503034983979,
      "median_abs_epsilon_precision_eq_species": 0.16155819377950267,
      "median_abs_epsilon_precision_ECOLI": 0.18398042769555722,
      "median_abs_epsilon_precision_HUMAN": 0.15057230397725263,
      "median_abs_epsilon_precision_YEAST": 0.1501218496656982,
      "mean_log2_empirical_ECOLI": -1.7119964765114062,
      "mean_log2_empirical_HUMAN": 0.06317305227382156,
      "mean_log2_empirical_YEAST": 1.1051663878647071,
      "mean_abs_epsilon_precision_global": 0.21527208844791706,
      "mean_abs_epsilon_precision_eq_species": 0.2549272581808195,
      "mean_abs_epsilon_precision_ECOLI": 0.3324208847825841,
      "mean_abs_epsilon_precision_HUMAN": 0.21082386216039284,
      "mean_abs_epsilon_precision_YEAST": 0.2215370275994817,
      "CV_median": 0.21256898961790005,
      "CV_q75": 0.29448683542312254,
      "CV_q90": 0.427206884107498,
      "CV_q95": 0.5301163666988452,
      "roc_auc": 0.9769541506326509,
      "roc_auc_directional": 0.9754283225835751,
      "nr_prec": 24608,
      "nr_prec_HUMAN": 19400,
      "nr_prec_YEAST": 4724,
      "nr_prec_ECOLI": 484,
      "variance_epsilon_global": 0.11376436760968389
    },
    "5": {
      "median_abs_epsilon_global": 0.18461949616499673,
      "median_abs_epsilon_eq_species": 0.2174144299275381,
      "median_abs_epsilon_ECOLI": 0.2690440386892057,
      "median_abs_epsilon_HUMAN": 0.17758223414862861,
      "median_abs_epsilon_YEAST": 0.20561701694477996,
      "mean_abs_epsilon_global": 0.2574055579670765,
      "mean_abs_epsilon_eq_species": 0.3193068910729148,
      "mean_abs_epsilon_ECOLI": 0.4325918246380529,
      "mean_abs_epsilon_HUMAN": 0.2468802921029276,
      "mean_abs_epsilon_YEAST": 0.27844855647776395,
      "median_log2_empirical_ECOLI": -1.7634549282316794,
      "median_log2_empirical_HUMAN": 0.07859416160552612,
      "median_log2_empirical_YEAST": 1.1072612398263733,
      "median_abs_epsilon_precision_global": 0.16638317479685227,
      "median_abs_epsilon_precision_eq_species": 0.18647919649468747,
      "median_abs_epsilon_precision_ECOLI": 0.22115220035540162,
      "median_abs_epsilon_precision_HUMAN": 0.16383645163199745,
      "median_abs_epsilon_precision_YEAST": 0.17444893749666335,
      "mean_log2_empirical_ECOLI": -1.683476398190002,
      "mean_log2_empirical_HUMAN": 0.06473360567827732,
      "mean_log2_empirical_YEAST": 1.0779578606929507,
      "mean_abs_epsilon_precision_global": 0.24566886703510843,
      "mean_abs_epsilon_precision_eq_species": 0.2909955693164236,
      "mean_abs_epsilon_precision_ECOLI": 0.3723076781826601,
      "mean_abs_epsilon_precision_HUMAN": 0.2374630742096787,
      "mean_abs_epsilon_precision_YEAST": 0.263215955556932,
      "CV_median": 0.2147866964823244,
      "CV_q75": 0.3056019229954777,
      "CV_q90": 0.4516360665996806,
      "CV_q95": 0.5609650444863277,
      "roc_auc": 0.9642229800397749,
      "roc_auc_directional": 0.9702549749474301,
      "nr_prec": 31688,
      "nr_prec_HUMAN": 24658,
      "nr_prec_YEAST": 6306,
      "nr_prec_ECOLI": 724,
      "variance_epsilon_global": 0.15002662541183456
    },
    "4": {
      "median_abs_epsilon_global": 0.19704874575945297,
      "median_abs_epsilon_eq_species": 0.24580376063026796,
      "median_abs_epsilon_ECOLI": 0.3296815666704038,
      "median_abs_epsilon_HUMAN": 0.18838994330162073,
      "median_abs_epsilon_YEAST": 0.2193397719187793,
      "mean_abs_epsilon_global": 0.29044169667723363,
      "mean_abs_epsilon_eq_species": 0.36941641007206766,
      "mean_abs_epsilon_ECOLI": 0.5164455990152543,
      "mean_abs_epsilon_HUMAN": 0.27556492729686677,
      "mean_abs_epsilon_YEAST": 0.316238703904082,
      "median_log2_empirical_ECOLI": -1.725177221842996,
      "median_log2_empirical_HUMAN": 0.07736485562265116,
      "median_log2_empirical_YEAST": 1.0916542718215965,
      "median_abs_epsilon_precision_global": 0.18064723601561816,
      "median_abs_epsilon_precision_eq_species": 0.2133287554259707,
      "median_abs_epsilon_precision_ECOLI": 0.26883513554984795,
      "median_abs_epsilon_precision_HUMAN": 0.1754570435561007,
      "median_abs_epsilon_precision_YEAST": 0.19569408717196346,
      "mean_log2_empirical_ECOLI": -1.645555905951188,
      "mean_log2_empirical_HUMAN": 0.06197600469007299,
      "mean_log2_empirical_YEAST": 1.0571924812686013,
      "mean_abs_epsilon_precision_global": 0.279963253763732,
      "mean_abs_epsilon_precision_eq_species": 0.33849336316696266,
      "mean_abs_epsilon_precision_ECOLI": 0.44143869056576424,
      "mean_abs_epsilon_precision_HUMAN": 0.26703452284997675,
      "mean_abs_epsilon_precision_YEAST": 0.30700687608514704,
      "CV_median": 0.2160522164086832,
      "CV_q75": 0.3118723692776549,
      "CV_q90": 0.464653212799659,
      "CV_q95": 0.577595537237345,
      "roc_auc": 0.9464023264048385,
      "roc_auc_directional": 0.9611452457085494,
      "nr_prec": 37508,
      "nr_prec_HUMAN": 28800,
      "nr_prec_YEAST": 7690,
      "nr_prec_ECOLI": 1018,
      "variance_epsilon_global": 0.21020549721427978
    },
    "3": {
      "median_abs_epsilon_global": 0.20663995544093972,
      "median_abs_epsilon_eq_species": 0.2607094350195596,
      "median_abs_epsilon_ECOLI": 0.35687231692151755,
      "median_abs_epsilon_HUMAN": 0.19809858646805267,
      "median_abs_epsilon_YEAST": 0.2271574016691087,
      "mean_abs_epsilon_global": 0.3128868257973363,
      "mean_abs_epsilon_eq_species": 0.39450039824138633,
      "mean_abs_epsilon_ECOLI": 0.5476737374919644,
      "mean_abs_epsilon_HUMAN": 0.2981916683011885,
      "mean_abs_epsilon_YEAST": 0.3376357889310061,
      "median_log2_empirical_ECOLI": -1.7152129845259303,
      "median_log2_empirical_HUMAN": 0.07745374925556803,
      "median_log2_empirical_YEAST": 1.0836376485947987,
      "median_abs_epsilon_precision_global": 0.19070029257514243,
      "median_abs_epsilon_precision_eq_species": 0.22427395161661323,
      "median_abs_epsilon_precision_ECOLI": 0.2820848030685035,
      "median_abs_epsilon_precision_HUMAN": 0.1846809045994533,
      "median_abs_epsilon_precision_YEAST": 0.20605614718188292,
      "mean_log2_empirical_ECOLI": -1.6171496534362706,
      "mean_log2_empirical_HUMAN": 0.06114728714526903,
      "mean_log2_empirical_YEAST": 1.042469987922092,
      "mean_abs_epsilon_precision_global": 0.3031991210064981,
      "mean_abs_epsilon_precision_eq_species": 0.36323256340499227,
      "mean_abs_epsilon_precision_ECOLI": 0.46845176410801126,
      "mean_abs_epsilon_precision_HUMAN": 0.2900732648307402,