{
  "id": "MaxQuant_20250508_171526",
  "old_new": "new",
  "software_name": "MaxQuant",
  "software_version": "1.5.2.8",
  "search_engine": "Andromeda",
  "search_engine_version": NaN,
  "ident_fdr_psm": 0.01,
  "ident_fdr_peptide": null,
  "ident_fdr_protein": 0.01,
  "enable_match_between_runs": false,
  "precursor_mass_tolerance": "[-4.5 ppm, 4.5 ppm]",
  "fragment_mass_tolerance": "[-20 ppm, 20 ppm]",
  "enzyme": "Trypsin/P",
  "allowed_miscleavages": 1,
  "min_peptide_length": 7,
  "max_peptide_length": null,
  "is_temporary": false,
  "intermediate_hash": "11265b365dc3a883ff3d52661192eed1d0670609",
  "results": {
    "6": {
      "median_abs_epsilon": 0.15971302891535188,
      "mean_abs_epsilon": 0.20291551343324493,
      "variance_epsilon": 0.08589832537424828,
      "nr_prec": 14287,
      "CV_median": 0.20574180509910156,
      "CV_q90": 0.40315651142164166,
      "CV_q75": 0.2824718306871178,
      "CV_q95": 0.5001287177316589
    },
    "5": {
      "median_abs_epsilon": 0.1720596143519817,
      "mean_abs_epsilon": 0.22277637041616777,
      "variance_epsilon": 0.10786048567315278,
      "nr_prec": 20636,
      "CV_median": 0.2058597091016982,
      "CV_q90": 0.4161808816134055,
      "CV_q75": 0.2888134612591827,
      "CV_q95": 0.5130273292942718
    },
    "4": {
      "median_abs_epsilon": 0.18442497425889037,
      "mean_abs_epsilon": 0.2447115074773502,
      "variance_epsilon": 0.1278704010074719,
      "nr_prec": 26272,
      "CV_median": 0.2052448656637079,
      "CV_q90": 0.42091609309665257,
      "CV_q75": 0.2918329515629603,
      "CV_q95": 0.518758659927417
    },
    "3": {
      "median_abs_epsilon": 0.19618942974690867,
      "mean_abs_epsilon": 0.265490320341168,
      "variance_epsilon": 0.14753010792251967,
      "nr_prec": 32935,
      "CV_median": 0.20529709432582413,
      "CV_q90": 0.4250566783838663,
      "CV_q75": 0.29462816608831877,
      "CV_q95": 0.5227166100597669
    },
    "2": {
      "median_abs_epsilon": 0.20235612628184363,
      "mean_abs_epsilon": 0.2783612489004947,
      "variance_epsilon": 0.16288454872449712,
      "nr_prec": 40352,
      "CV_median": 0.2045221221035518,
      "CV_q90": 0.42657857498013285,
      "CV_q75": 0.29545543357570764,
      "CV_q95": 0.5246225851689246
    },
    "1": {
      "median_abs_epsilon": 0.20235612628184363,
      "mean_abs_epsilon": 0.2783612489004947,
      "variance_epsilon": 0.16288454872449712,
      "nr_prec": 51193,
      "CV_median": 0.2045221221035518,
      "CV_q90": 0.42657857498013285,
      "CV_q75": 0.29545543357570764,
      "CV_q95": 0.5246225851689246
    }
  },
  "median_abs_epsilon": 0.19618942974690867,
  "nr_prec": 32935,
  "comments": "",
  "fixed_mods": "Carbamidomethyl (C)",
  "variable_mods": "Acetyl (Protein N-term),Oxidation (M)",
  "max_mods": 5,
  "min_precursor_charge": null,
  "max_precursor_charge": 7,
  "submission_comments": "\n\nDataset URL: https://proteobench.cubimed.rub.de/datasets/11265b365dc3a883ff3d52661192eed1d0670609/",
  "proteobench_version": "0.5.10.dev28+g149aad0.d20241219",
  "minPeptideLength": NaN,
  "color": NaN,
  "hover_text": NaN,
  "scatter_size": NaN,
  "scan_window": NaN,
  "quantification_method_DIANN": NaN,
  "second_pass": NaN,
  "protein_inference": NaN,
  "predictors_library": NaN,
  "quantification_method": NaN,
  "mean_abs_epsilon": 0.265490320341168,
  "abundance_normalization_ions": NaN
}