{
  "old_new": "new",
  "id": "i2MassChroQ_20250610_104346",
  "software_name": "i2MassChroQ",
  "software_version": "1.0.16",
  "search_engine": "X! Tandem",
  "search_engine_version": "X! Tandem Alanine (2017.2.1.4)",
  "ident_fdr_psm": "0.008998493465",
  "ident_fdr_peptide": "0.01196294798",
  "ident_fdr_protein": "0.009873268494",
  "enable_match_between_runs": false,
  "precursor_mass_tolerance": "[-10 ppm, 10 ppm]",
  "fragment_mass_tolerance": "[-0.02 Da, 0.02 Da]",
  "enzyme": "[RK]|{P}",
  "allowed_miscleavages": "3",
  "min_peptide_length": null,
  "max_peptide_length": null,
  "is_temporary": false,
  "intermediate_hash": "1438823a0441d7a32c0d1095074cbc4a187ce2fb",
  "results": {
    "6": {
      "median_abs_epsilon": 0.1844903634578614,
      "mean_abs_epsilon": 0.25266211515265835,
      "variance_epsilon": 0.10981372451861289,
      "nr_prec": 20591,
      "CV_median": 0.1337555156110881,
      "CV_q90": 0.4551644075873472,
      "CV_q75": 0.2664993409357823,
      "CV_q95": 0.5646099997285228
    },
    "5": {
      "median_abs_epsilon": 0.18999523099390458,
      "mean_abs_epsilon": 0.2705661799173648,
      "variance_epsilon": 0.13570414956149876,
      "nr_prec": 30588,
      "CV_median": 0.13128256917513986,
      "CV_q90": 0.4642110564437787,
      "CV_q75": 0.2661030057098075,
      "CV_q95": 0.5846373252392677
    },
    "4": {
      "median_abs_epsilon": 0.1991974012489628,
      "mean_abs_epsilon": 0.294768388218867,
      "variance_epsilon": 0.17659158436273023,
      "nr_prec": 39482,
      "CV_median": 0.13084758329432633,
      "CV_q90": 0.47212374363909004,
      "CV_q75": 0.26896958649472746,
      "CV_q95": 0.5988840452100442
    },
    "3": {
      "median_abs_epsilon": 0.2061667801417748,
      "mean_abs_epsilon": 0.31418445822395913,
      "variance_epsilon": 0.21870190603786863,
      "nr_prec": 49365,
      "CV_median": 0.1308019262166531,
      "CV_q90": 0.4749479556245658,
      "CV_q75": 0.2695140613361857,
      "CV_q95": 0.6074225539947191
    },
    "2": {
      "median_abs_epsilon": 0.21123305053460584,
      "mean_abs_epsilon": 0.32985228804759303,
      "variance_epsilon": 0.2559094419203335,
      "nr_prec": 60646,
      "CV_median": 0.1303851202786947,
      "CV_q90": 0.4770484624380769,
      "CV_q75": 0.2695830087563891,
      "CV_q95": 0.613680218283769
    },
    "1": {
      "median_abs_epsilon": 0.21123305053460584,
      "mean_abs_epsilon": 0.32985228804759303,
      "variance_epsilon": 0.2559094419203335,
      "nr_prec": 77949,
      "CV_median": 0.1303851202786947,
      "CV_q90": 0.4770484624380769,
      "CV_q75": 0.2695830087563891,
      "CV_q95": 0.613680218283769
    }
  },
  "median_abs_epsilon": 0.2061667801417748,
  "mean_abs_epsilon": 0.31418445822395913,
  "nr_prec": 49365,
  "comments": "",
  "proteobench_version": "0.8.22",
  "color": "#984ea3",
  "hover_text": "ProteoBench ID: i2MassChroQ_20250610_104346<br>Software tool: i2MassChroQ <br>Comment (private submission): ...",
  "scatter_size": 20,
  "fixed_mods": "57.02146@C",
  "variable_mods": "15.99491@M;Acetyl(N-term);Pyrolidone(N-term)",
  "max_mods": null,
  "min_precursor_charge": null,
  "max_precursor_charge": "4",
  "quantification_method": "nan",
  "protein_inference": "nan",
  "abundance_normalization_ions": "nan",
  "submission_comments": "\n\n ### No parameter changes detected. \n\n\nDataset URL: https://proteobench.cubimed.rub.de/datasets/1438823a0441d7a32c0d1095074cbc4a187ce2fb/"
}