{
  "old_new": "new",
  "id": "MaxQuant_20260309_103900",
  "software_name": "MaxQuant",
  "software_version": "2.1.3.0",
  "search_engine": "Andromeda",
  "search_engine_version": NaN,
  "ident_fdr_psm": 0.01,
  "ident_fdr_peptide": null,
  "ident_fdr_protein": 0.01,
  "enable_match_between_runs": false,
  "precursor_mass_tolerance": "[-4.5 ppm, 4.5 ppm]",
  "fragment_mass_tolerance": "[-20 ppm, 20 ppm]",
  "enzyme": "Trypsin/P",
  "allowed_miscleavages": 1,
  "min_peptide_length": 7,
  "max_peptide_length": null,
  "is_temporary": false,
  "intermediate_hash": "17b36ae48fa31d79b0b44bb6261226eeb8d71e29",
  "results": {
    "6": {
      "median_abs_epsilon_global": 0.15690577214379253,
      "median_abs_epsilon_eq_species": 0.16957183195396652,
      "median_abs_epsilon_ECOLI": 0.17776027995831356,
      "median_abs_epsilon_HUMAN": 0.15159441161766551,
      "median_abs_epsilon_YEAST": 0.1793608042859205,
      "mean_abs_epsilon_global": 0.1982584221390804,
      "mean_abs_epsilon_eq_species": 0.22766114608328591,
      "mean_abs_epsilon_ECOLI": 0.27305907391840084,
      "mean_abs_epsilon_HUMAN": 0.1922124745643547,
      "mean_abs_epsilon_YEAST": 0.21771188976710218,
      "median_log2_empirical_ECOLI": -1.8688248992516119,
      "median_log2_empirical_HUMAN": 0.0599009713734695,
      "median_log2_empirical_YEAST": 1.1276198231264232,
      "median_abs_epsilon_precision_global": 0.14178172277720336,
      "median_abs_epsilon_precision_eq_species": 0.14910393043506667,
      "median_abs_epsilon_precision_ECOLI": 0.1669111532494334,
      "median_abs_epsilon_precision_HUMAN": 0.14218930163198706,
      "median_abs_epsilon_precision_YEAST": 0.13821133642377958,
      "mean_log2_empirical_ECOLI": -1.7958377566987784,
      "mean_log2_empirical_HUMAN": 0.04386989682540638,
      "mean_log2_empirical_YEAST": 1.0986813577828054,
      "mean_abs_epsilon_precision_global": 0.18812403497264735,
      "mean_abs_epsilon_precision_eq_species": 0.2102591065326156,
      "mean_abs_epsilon_precision_ECOLI": 0.2533949676853831,
      "mean_abs_epsilon_precision_HUMAN": 0.1861559219359507,
      "mean_abs_epsilon_precision_YEAST": 0.191226429976513,
      "CV_median": 0.20403761640725487,
      "CV_q75": 0.27861276263376217,
      "CV_q90": 0.3915480623680638,
      "CV_q95": 0.48788828848958765,
      "roc_auc": 0.9881284598779103,
      "roc_auc_directional": 0.9832605617556087,
      "nr_prec": 13494,
      "nr_prec_HUMAN": 10733,
      "nr_prec_YEAST": 2559,
      "nr_prec_ECOLI": 202,
      "variance_epsilon_global": 0.08098443719871747
    },
    "5": {
      "median_abs_epsilon_global": 0.16810769937280767,
      "median_abs_epsilon_eq_species": 0.1899418274885575,
      "median_abs_epsilon_ECOLI": 0.2180830058848997,
      "median_abs_epsilon_HUMAN": 0.1626419267923449,
      "median_abs_epsilon_YEAST": 0.18910054978842794,
      "mean_abs_epsilon_global": 0.21611347367151795,
      "mean_abs_epsilon_eq_species": 0.2457438569371332,
      "mean_abs_epsilon_ECOLI": 0.2921689490504748,
      "mean_abs_epsilon_HUMAN": 0.20974415013445485,
      "mean_abs_epsilon_YEAST": 0.23531847162646988,
      "median_log2_empirical_ECOLI": -1.8266320710216242,
      "median_log2_empirical_HUMAN": 0.06259894619238615,
      "median_log2_empirical_YEAST": 1.1116287174269068,
      "median_abs_epsilon_precision_global": 0.15373946659783133,
      "median_abs_epsilon_precision_eq_species": 0.16259519620927954,
      "median_abs_epsilon_precision_ECOLI": 0.17867459230081906,
      "median_abs_epsilon_precision_HUMAN": 0.1526526584714123,
      "median_abs_epsilon_precision_YEAST": 0.15645833785560725,
      "mean_log2_empirical_ECOLI": -1.7880556261537701,
      "mean_log2_empirical_HUMAN": 0.048043129580170235,
      "mean_log2_empirical_YEAST": 1.0757838781923352,
      "mean_abs_epsilon_precision_global": 0.20709209798719566,
      "mean_abs_epsilon_precision_eq_species": 0.22504382271786208,
      "mean_abs_epsilon_precision_ECOLI": 0.25362628438626406,
      "mean_abs_epsilon_precision_HUMAN": 0.20336610942462302,
      "mean_abs_epsilon_precision_YEAST": 0.21813907434269914,
      "CV_median": 0.20370936274179607,
      "CV_q75": 0.2840507159313641,
      "CV_q90": 0.40405484343138964,
      "CV_q95": 0.5001206287614188,
      "roc_auc": 0.9838253661370203,
      "roc_auc_directional": 0.9858207544732915,
      "nr_prec": 19648,
      "nr_prec_HUMAN": 15526,
      "nr_prec_YEAST": 3775,
      "nr_prec_ECOLI": 347,
      "variance_epsilon_global": 0.09685600233521041
    },
    "4": {
      "median_abs_epsilon_global": 0.1811001201166782,
      "median_abs_epsilon_eq_species": 0.20683517933159537,
      "median_abs_epsilon_ECOLI": 0.24517366762671244,
      "median_abs_epsilon_HUMAN": 0.17551305747718793,
      "median_abs_epsilon_YEAST": 0.19981881289088577,
      "mean_abs_epsilon_global": 0.23917089672132352,
      "mean_abs_epsilon_eq_species": 0.282586765346319,
      "mean_abs_epsilon_ECOLI": 0.3561660797940033,
      "mean_abs_epsilon_HUMAN": 0.23067999911632142,
      "mean_abs_epsilon_YEAST": 0.26091421712863233,
      "median_log2_empirical_ECOLI": -1.7868507312575126,
      "median_log2_empirical_HUMAN": 0.06546167285365811,
      "median_log2_empirical_YEAST": 1.0908171811067646,
      "median_abs_epsilon_precision_global": 0.16846853786425697,
      "median_abs_epsilon_precision_eq_species": 0.1828887958954457,
      "median_abs_epsilon_precision_ECOLI": 0.2058967033020025,
      "median_abs_epsilon_precision_HUMAN": 0.16549981020858517,
      "median_abs_epsilon_precision_YEAST": 0.17726987417574946,
      "mean_log2_empirical_ECOLI": -1.7326708256975545,
      "mean_log2_empirical_HUMAN": 0.053592765674542485,
      "mean_log2_empirical_YEAST": 1.049943014899095,
      "mean_abs_epsilon_precision_global": 0.23112921062076824,
      "mean_abs_epsilon_precision_eq_species": 0.25998620876844,
      "mean_abs_epsilon_precision_ECOLI": 0.30407845375202136,
      "mean_abs_epsilon_precision_HUMAN": 0.22404366603385886,
      "mean_abs_epsilon_precision_YEAST": 0.2518365065194397,
      "CV_median": 0.20325091729271175,
      "CV_q75": 0.28737631286623105,
      "CV_q90": 0.4087408733378065,
      "CV_q95": 0.5032621203713461,
      "roc_auc": 0.972475897917808,
      "roc_auc_directional": 0.9808875668161701,
      "nr_prec": 25125,
      "nr_prec_HUMAN": 19682,
      "nr_prec_YEAST": 4931,
      "nr_prec_ECOLI": 512,
      "variance_epsilon_global": 0.11825765245457154
    },
    "3": {
      "median_abs_epsilon_global": 0.19263081423635775,
      "median_abs_epsilon_eq_species": 0.2190627253690547,
      "median_abs_epsilon_ECOLI": 0.25786198359085155,
      "median_abs_epsilon_HUMAN": 0.18778767790610829,
      "median_abs_epsilon_YEAST": 0.21153851461020423,
      "mean_abs_epsilon_global": 0.2592083346233668,
      "mean_abs_epsilon_eq_species": 0.3050027254880648,
      "mean_abs_epsilon_ECOLI": 0.38428947856784806,
      "mean_abs_epsilon_HUMAN": 0.25121238577844385,
      "mean_abs_epsilon_YEAST": 0.2795063121179024,
      "median_log2_empirical_ECOLI": -1.7703514724222504,
      "median_log2_empirical_HUMAN": 0.06851481252066449,
      "median_log2_empirical_YEAST": 1.0819180260742236,
      "median_abs_epsilon_precision_global": 0.1808830323963999,
      "median_abs_epsilon_precision_eq_species": 0.19463153807323863,
      "median_abs_epsilon_precision_ECOLI": 0.2172046841372577,
      "median_abs_epsilon_precision_HUMAN": 0.17789754587703044,
      "median_abs_epsilon_precision_YEAST": 0.18879238420542777,
      "mean_log2_empirical_ECOLI": -1.699408157837401,
      "mean_log2_empirical_HUMAN": 0.05885969064481177,
      "mean_log2_empirical_YEAST": 1.0412210365677979,
      "mean_abs_epsilon_precision_global": 0.25132783445352147,
      "mean_abs_epsilon_precision_eq_species": 0.28143950872741497,
      "mean_abs_epsilon_precision_ECOLI": 0.32732135363704246,
      "mean_abs_epsilon_precision_HUMAN": 0.24427152689967718,