{
  "old_new": "new",
  "id": "AlphaPept_20250605_073532",
  "software_name": "AlphaPept",
  "software_version": "0.5.0",
  "search_engine": "AlphaPept",
  "search_engine_version": "0.5.0",
  "ident_fdr_psm": "0.01",
  "ident_fdr_peptide": "nan",
  "ident_fdr_protein": "0.01",
  "enable_match_between_runs": true,
  "precursor_mass_tolerance": "[-20 ppm, 20 ppm]",
  "fragment_mass_tolerance": "[-50 ppm, 50 ppm]",
  "enzyme": "Trypsin",
  "allowed_miscleavages": "2",
  "min_peptide_length": "7",
  "max_peptide_length": "27",
  "is_temporary": false,
  "intermediate_hash": "1bfa914c771321b285a9ca40d4aa538cb9fdc42e",
  "results": {
    "6": {
      "median_abs_epsilon": 0.1887338180330218,
      "mean_abs_epsilon": 0.28936744099173506,
      "variance_epsilon": 0.21983828534928787,
      "nr_prec": 14133,
      "CV_median": 0.17094562945308978,
      "CV_q90": 0.4701486704333483,
      "CV_q75": 0.28561543897085495,
      "CV_q95": 0.5937682375773855
    },
    "5": {
      "median_abs_epsilon": 0.1982228917676352,
      "mean_abs_epsilon": 0.3075645836346103,
      "variance_epsilon": 0.25914615620001247,
      "nr_prec": 22511,
      "CV_median": 0.16881891312355876,
      "CV_q90": 0.4720182991098201,
      "CV_q75": 0.283533008329904,
      "CV_q95": 0.6048211199567364
    },
    "4": {
      "median_abs_epsilon": 0.20896419834086188,
      "mean_abs_epsilon": 0.3254440082052476,
      "variance_epsilon": 0.2890791114899803,
      "nr_prec": 30089,
      "CV_median": 0.16702265645059228,
      "CV_q90": 0.4709117302325039,
      "CV_q75": 0.2829067299965258,
      "CV_q95": 0.605802611075182
    },
    "3": {
      "median_abs_epsilon": 0.21924972822536049,
      "mean_abs_epsilon": 0.3440258613176669,
      "variance_epsilon": 0.3276003548890893,
      "nr_prec": 37969,
      "CV_median": 0.16555524887225648,
      "CV_q90": 0.4683137493523185,
      "CV_q75": 0.28126984611986505,
      "CV_q95": 0.6048887332055559
    },
    "2": {
      "median_abs_epsilon": 0.2247285016828613,
      "mean_abs_epsilon": 0.3504885392512842,
      "variance_epsilon": 0.33457208345858164,
      "nr_prec": 46235,
      "CV_median": 0.16442318924174396,
      "CV_q90": 0.4656537390050194,
      "CV_q75": 0.27973820262449867,
      "CV_q95": 0.6005320762991786
    },
    "1": {
      "median_abs_epsilon": 0.2247285016828613,
      "mean_abs_epsilon": 0.35048853925128426,
      "variance_epsilon": 0.33457208345858164,
      "nr_prec": 59868,
      "CV_median": 0.16442318924174396,
      "CV_q90": 0.4656537390050194,
      "CV_q75": 0.27973820262449867,
      "CV_q95": 0.6005320762991786
    }
  },
  "median_abs_epsilon": 0.21924972822536049,
  "mean_abs_epsilon": 0.3440258613176669,
  "nr_prec": 37969,
  "comments": "",
  "proteobench_version": "0.8.15",
  "color": "#4daf4a",
  "hover_text": "ProteoBench ID: AlphaPept_20250605_073532<br>Software tool: AlphaPept <br>Comment (private submission): ...",
  "scatter_size": 20,
  "fixed_mods": "cC",
  "variable_mods": "oxM",
  "max_mods": "3",
  "min_precursor_charge": "1",
  "max_precursor_charge": "6",
  "quantification_method": "nan",
  "protein_inference": "nan",
  "abundance_normalization_ions": null,
  "submission_comments": "Fixed mod of N-acetyl (N-term)\n\n ### No parameter changes detected. \n\n\nDataset URL: https://proteobench.cubimed.rub.de/datasets/1bfa914c771321b285a9ca40d4aa538cb9fdc42e/"
}