{
  "old_new": "new",
  "id": "MaxQuant_20260309_100630",
  "software_name": "MaxQuant",
  "software_version": "2.5.1.0",
  "search_engine": "Andromeda",
  "search_engine_version": NaN,
  "ident_fdr_psm": 0.01,
  "ident_fdr_peptide": null,
  "ident_fdr_protein": 0.01,
  "enable_match_between_runs": false,
  "precursor_mass_tolerance": "[-4.5 ppm, 4.5 ppm]",
  "fragment_mass_tolerance": "[-20 ppm, 20 ppm]",
  "enzyme": "Trypsin/P",
  "allowed_miscleavages": 1,
  "min_peptide_length": 7,
  "max_peptide_length": null,
  "is_temporary": false,
  "intermediate_hash": "1c7579bd14bef6482834d00b097fec59f7291963",
  "results": {
    "6": {
      "median_abs_epsilon_global": 0.15694686126809643,
      "median_abs_epsilon_eq_species": 0.1695887825366853,
      "median_abs_epsilon_ECOLI": 0.17776027995831356,
      "median_abs_epsilon_HUMAN": 0.15164526336582185,
      "median_abs_epsilon_YEAST": 0.1793608042859205,
      "mean_abs_epsilon_global": 0.19808801547466065,
      "mean_abs_epsilon_eq_species": 0.2275034163039333,
      "mean_abs_epsilon_ECOLI": 0.27305907391840084,
      "mean_abs_epsilon_HUMAN": 0.19207929912838834,
      "mean_abs_epsilon_YEAST": 0.2173718758650107,
      "median_log2_empirical_ECOLI": -1.8688248992516119,
      "median_log2_empirical_HUMAN": 0.0599009713734695,
      "median_log2_empirical_YEAST": 1.1272762952428224,
      "median_abs_epsilon_precision_global": 0.1418954659815128,
      "median_abs_epsilon_precision_eq_species": 0.14926508142309677,
      "median_abs_epsilon_precision_ECOLI": 0.1669111532494334,
      "median_abs_epsilon_precision_HUMAN": 0.1423292267124765,
      "median_abs_epsilon_precision_YEAST": 0.1385548643073804,
      "mean_log2_empirical_ECOLI": -1.7958377566987784,
      "mean_log2_empirical_HUMAN": 0.043772407159801456,
      "mean_log2_empirical_YEAST": 1.0982596999002514,
      "mean_abs_epsilon_precision_global": 0.18799849705370944,
      "mean_abs_epsilon_precision_eq_species": 0.21017980682521506,
      "mean_abs_epsilon_precision_ECOLI": 0.2533949676853831,
      "mean_abs_epsilon_precision_HUMAN": 0.18602315648153017,
      "mean_abs_epsilon_precision_YEAST": 0.19112129630873181,
      "CV_median": 0.20392772828951067,
      "CV_q75": 0.27844974910355724,
      "CV_q90": 0.3913235542889146,
      "CV_q95": 0.48739084653514586,
      "roc_auc": 0.9883814816540821,
      "roc_auc_directional": 0.9833792310779526,
      "nr_prec": 13494,
      "nr_prec_HUMAN": 10733,
      "nr_prec_YEAST": 2559,
      "nr_prec_ECOLI": 202,
      "variance_epsilon_global": 0.08086510466651602
    },
    "5": {
      "median_abs_epsilon_global": 0.16819613782248055,
      "median_abs_epsilon_eq_species": 0.19039995595228673,
      "median_abs_epsilon_ECOLI": 0.21926958165545862,
      "median_abs_epsilon_HUMAN": 0.1627977333588504,
      "median_abs_epsilon_YEAST": 0.18913255284255115,
      "mean_abs_epsilon_global": 0.21619921608824386,
      "mean_abs_epsilon_eq_species": 0.24590712266221693,
      "mean_abs_epsilon_ECOLI": 0.29249142581726434,
      "mean_abs_epsilon_HUMAN": 0.2098334747918987,
      "mean_abs_epsilon_YEAST": 0.2353964673774878,
      "median_log2_empirical_ECOLI": -1.827613223026745,
      "median_log2_empirical_HUMAN": 0.0625076482864877,
      "median_log2_empirical_YEAST": 1.1116114392906695,
      "median_abs_epsilon_precision_global": 0.15393425777650194,
      "median_abs_epsilon_precision_eq_species": 0.162655187296498,
      "median_abs_epsilon_precision_ECOLI": 0.17878962840048906,
      "median_abs_epsilon_precision_HUMAN": 0.15277102286274769,
      "median_abs_epsilon_precision_YEAST": 0.15640491062625728,
      "mean_log2_empirical_ECOLI": -1.787965012321097,
      "mean_log2_empirical_HUMAN": 0.04817239041446551,
      "mean_log2_empirical_YEAST": 1.0756941356829284,
      "mean_abs_epsilon_precision_global": 0.2071937563452428,
      "mean_abs_epsilon_precision_eq_species": 0.22534180282796054,
      "mean_abs_epsilon_precision_ECOLI": 0.2542781225257368,
      "mean_abs_epsilon_precision_HUMAN": 0.2034446164328498,
      "mean_abs_epsilon_precision_YEAST": 0.218302669525295,
      "CV_median": 0.20371141658119865,
      "CV_q75": 0.2839561701974692,
      "CV_q90": 0.40418845812252446,
      "CV_q95": 0.5000868158075152,
      "roc_auc": 0.9838644827280679,
      "roc_auc_directional": 0.9857536682986164,
      "nr_prec": 19636,
      "nr_prec_HUMAN": 15519,
      "nr_prec_YEAST": 3771,
      "nr_prec_ECOLI": 346,
      "variance_epsilon_global": 0.09737010723438806
    },
    "4": {
      "median_abs_epsilon_global": 0.18116151600518293,
      "median_abs_epsilon_eq_species": 0.20711324861991484,
      "median_abs_epsilon_ECOLI": 0.24526901751058006,
      "median_abs_epsilon_HUMAN": 0.17551305747718793,
      "median_abs_epsilon_YEAST": 0.2005576708719765,
      "mean_abs_epsilon_global": 0.23899316509555193,
      "mean_abs_epsilon_eq_species": 0.2826763978389463,
      "mean_abs_epsilon_ECOLI": 0.3564265190052508,
      "mean_abs_epsilon_HUMAN": 0.23036936718472342,
      "mean_abs_epsilon_YEAST": 0.26123330732686467,
      "median_log2_empirical_ECOLI": -1.7850828331422726,
      "median_log2_empirical_HUMAN": 0.0655798493875821,
      "median_log2_empirical_YEAST": 1.0906237162232202,
      "median_abs_epsilon_precision_global": 0.16860056213289987,
      "median_abs_epsilon_precision_eq_species": 0.1829937980299571,
      "median_abs_epsilon_precision_ECOLI": 0.20573122590270287,
      "median_abs_epsilon_precision_HUMAN": 0.16554844087255915,
      "median_abs_epsilon_precision_YEAST": 0.17770172731460931,
      "mean_log2_empirical_ECOLI": -1.7327580048774927,
      "mean_log2_empirical_HUMAN": 0.053628201068671846,
      "mean_log2_empirical_YEAST": 1.0489676975664588,
      "mean_abs_epsilon_precision_global": 0.2309830219878116,
      "mean_abs_epsilon_precision_eq_species": 0.2602797155446853,
      "mean_abs_epsilon_precision_ECOLI": 0.30474517333974344,
      "mean_abs_epsilon_precision_HUMAN": 0.22370203542294778,
      "mean_abs_epsilon_precision_YEAST": 0.2523919378713647,
      "CV_median": 0.2032461033589354,
      "CV_q75": 0.2873205552546334,
      "CV_q90": 0.4086895335606493,
      "CV_q95": 0.5030935720276936,
      "roc_auc": 0.9725033269535572,
      "roc_auc_directional": 0.9807853874589427,
      "nr_prec": 25110,
      "nr_prec_HUMAN": 19670,
      "nr_prec_YEAST": 4929,
      "nr_prec_ECOLI": 511,
      "variance_epsilon_global": 0.11803557305917001
    },
    "3": {
      "median_abs_epsilon_global": 0.19280979597788317,
      "median_abs_epsilon_eq_species": 0.21919717912666728,
      "median_abs_epsilon_ECOLI": 0.25786198359085155,
      "median_abs_epsilon_HUMAN": 0.1878758054830154,
      "median_abs_epsilon_YEAST": 0.2118537483061349,
      "mean_abs_epsilon_global": 0.2590703064241397,
      "mean_abs_epsilon_eq_species": 0.3049346137875815,
      "mean_abs_epsilon_ECOLI": 0.38413709134454144,
      "mean_abs_epsilon_HUMAN": 0.25099506303018654,
      "mean_abs_epsilon_YEAST": 0.2796716869880166,
      "median_log2_empirical_ECOLI": -1.7703514724222504,
      "median_log2_empirical_HUMAN": 0.06871965819683545,
      "median_log2_empirical_YEAST": 1.0812623109032344,
      "median_abs_epsilon_precision_global": 0.18109392968274118,
      "median_abs_epsilon_precision_eq_species": 0.19502830625016485,
      "median_abs_epsilon_precision_ECOLI": 0.21795476826602567,
      "median_abs_epsilon_precision_HUMAN": 0.17798628249955506,
      "median_abs_epsilon_precision_YEAST": 0.18914386798491378,
      "mean_log2_empirical_ECOLI": -1.6997136417717493,
      "mean_log2_empirical_HUMAN": 0.05904322750188944,
      "mean_log2_empirical_YEAST": 1.0404264545057964,
      "mean_abs_epsilon_precision_global": 0.2511939297549243,
      "mean_abs_epsilon_precision_eq_species": 0.28154647196759003,
      "mean_abs_epsilon_precision_ECOLI": 0.32755958158907905,
      "mean_abs_epsilon_precision_HUMAN": 0.24400522873968927,