{
    "id": "MaxQuant_20241216_122819",
    "old_new": "old",
    "software_name": "MaxQuant",
    "software_version": "1.5.8.2",
    "search_engine": "Andromeda",
    "search_engine_version": null,
    "ident_fdr_psm": null,
    "ident_fdr_peptide": 0.01,
    "ident_fdr_protein": 0.01,
    "enable_match_between_runs": true,
    "precursor_mass_tolerance": "[-4.5 ppm, 4.5 ppm]",
    "fragment_mass_tolerance": "[-20 ppm, 20 ppm]",
    "enzyme": "Trypsin/P",
    "allowed_miscleavages": 1,
    "min_peptide_length": 7.0,
    "max_peptide_length": null,
    "is_temporary": false,
    "intermediate_hash": "254d6c77ce656888918e738772ad5f5f6f1543e4",
    "results": {
        "6": {
            "median_abs_epsilon": 0.1714845615,
            "mean_abs_epsilon": 0.2295119957,
            "variance_epsilon": 0.1145771438,
            "nr_prec": 24949,
            "CV_median": 0.2128509827,
            "CV_q90": 0.4294967368,
            "CV_q75": 0.2950261223,
            "CV_q95": 0.5320963626
        },
        "5": {
            "median_abs_epsilon": 0.1847620553,
            "mean_abs_epsilon": 0.2577912906,
            "variance_epsilon": 0.1504720216,
            "nr_prec": 32080,
            "CV_median": 0.2149453649,
            "CV_q90": 0.4530531801,
            "CV_q75": 0.3063216716,
            "CV_q95": 0.5628298949
        },
        "4": {
            "median_abs_epsilon": 0.1971522448,
            "mean_abs_epsilon": 0.2908084594,
            "variance_epsilon": 0.2114362323,
            "nr_prec": 37933,
            "CV_median": 0.2162388262,
            "CV_q90": 0.4658573615,
            "CV_q75": 0.3124686527,
            "CV_q95": 0.5794920063
        },
        "3": {
            "median_abs_epsilon": 0.2066954125,
            "mean_abs_epsilon": 0.3131892597,
            "variance_epsilon": 0.2495115922,
            "nr_prec": 43170,
            "CV_median": 0.2170992804,
            "CV_q90": 0.4732537095,
            "CV_q75": 0.3163962129,
            "CV_q95": 0.5920481386
        },
        "2": {
            "median_abs_epsilon": 0.2099982115,
            "mean_abs_epsilon": 0.3240318673,
            "variance_epsilon": 0.2767062385,
            "nr_prec": 47275,
            "CV_median": 0.2170793367,
            "CV_q90": 0.4758737351,
            "CV_q75": 0.3175418583,
            "CV_q95": 0.5975724291
        },
        "1": {
            "median_abs_epsilon": 0.2099982115,
            "mean_abs_epsilon": 0.3240318673,
            "variance_epsilon": 0.2767062385,
            "nr_prec": 49679,
            "CV_median": 0.2170793367,
            "CV_q90": 0.4758737351,
            "CV_q75": 0.3175418583,
            "CV_q95": 0.5975724291
        }
    },
    "median_abs_epsilon": 0.2066954125,
    "nr_prec": 43170,
    "comments": "",
    "fixed_mods": "Carbamidomethyl (C)",
    "variable_mods": "Oxidation (M),Acetyl (Protein N-term)",
    "max_mods": 5.0,
    "min_precursor_charge": null,
    "max_precursor_charge": 7,
    "submission_comments": "\n\nDataset URL: https://proteobench.cubimed.rub.de/datasets/254d6c77ce656888918e738772ad5f5f6f1543e4/",
    "proteobench_version": "0.5.8",
    "minPeptideLength": null,
    "color": "#377eb8",
    "hover_text": "ProteoBench ID: MaxQuant_20241216_122819<br>Software tool: MaxQuant <br>Comment (private submission): ",
    "scatter_size": 20,
    "scan_window": null,
    "quantification_method_DIANN": null,
    "second_pass": null,
    "protein_inference": null,
    "predictors_library": null,
    "quantification_method": null,
    "mean_abs_epsilon": 0.3131892597,
    "abundance_normalization_ions": null
}