{
  "old_new": "new",
  "id": "MaxQuant_20250610_104638",
  "software_name": "MaxQuant",
  "software_version": "1.5.8.2",
  "search_engine": "Andromeda",
  "search_engine_version": "nan",
  "ident_fdr_psm": "0.01",
  "ident_fdr_peptide": null,
  "ident_fdr_protein": "0.01",
  "enable_match_between_runs": true,
  "precursor_mass_tolerance": "[-4.5 ppm, 4.5 ppm]",
  "fragment_mass_tolerance": "[-20 ppm, 20 ppm]",
  "enzyme": "Trypsin/P",
  "allowed_miscleavages": "1",
  "min_peptide_length": "7",
  "max_peptide_length": null,
  "is_temporary": false,
  "intermediate_hash": "254d6c77ce656888918e738772ad5f5f6f1543e4",
  "results": {
    "6": {
      "median_abs_epsilon": 0.1714845614751539,
      "mean_abs_epsilon": 0.22951199570190728,
      "variance_epsilon": 0.11457714381516998,
      "nr_prec": 24949,
      "CV_median": 0.21285098268800307,
      "CV_q90": 0.4294967368430187,
      "CV_q75": 0.29502612229943626,
      "CV_q95": 0.5320963626343407
    },
    "5": {
      "median_abs_epsilon": 0.18476205526901168,
      "mean_abs_epsilon": 0.2577912906273078,
      "variance_epsilon": 0.15047202160560244,
      "nr_prec": 32080,
      "CV_median": 0.21494536493453692,
      "CV_q90": 0.4530531800787547,
      "CV_q75": 0.30632167155292844,
      "CV_q95": 0.5628298948750222
    },
    "4": {
      "median_abs_epsilon": 0.19715224475107362,
      "mean_abs_epsilon": 0.29080845938168765,
      "variance_epsilon": 0.21143623231062045,
      "nr_prec": 37933,
      "CV_median": 0.2162388261709429,
      "CV_q90": 0.465857361457788,
      "CV_q75": 0.31246865271428353,
      "CV_q95": 0.5794920063213669
    },
    "3": {
      "median_abs_epsilon": 0.2066954124531435,
      "mean_abs_epsilon": 0.31318925974251216,
      "variance_epsilon": 0.24951159217074126,
      "nr_prec": 43170,
      "CV_median": 0.21709928040687498,
      "CV_q90": 0.4732537095441029,
      "CV_q75": 0.3163962128862843,
      "CV_q95": 0.59204813855717
    },
    "2": {
      "median_abs_epsilon": 0.20999821150674336,
      "mean_abs_epsilon": 0.32403186731328765,
      "variance_epsilon": 0.2767062384706909,
      "nr_prec": 47275,
      "CV_median": 0.21707933671973095,
      "CV_q90": 0.4758737351492812,
      "CV_q75": 0.31754185829985826,
      "CV_q95": 0.5975724290674861
    },
    "1": {
      "median_abs_epsilon": 0.20999821150674336,
      "mean_abs_epsilon": 0.3240318673132876,
      "variance_epsilon": 0.2767062384706909,
      "nr_prec": 49679,
      "CV_median": 0.21707933671973095,
      "CV_q90": 0.4758737351492812,
      "CV_q75": 0.31754185829985826,
      "CV_q95": 0.5975724290674861
    }
  },
  "median_abs_epsilon": 0.2066954124531435,
  "mean_abs_epsilon": 0.31318925974251216,
  "nr_prec": 43170,
  "comments": "",
  "proteobench_version": "0.8.22",
  "color": "#377eb8",
  "hover_text": "ProteoBench ID: MaxQuant_20250610_104638<br>Software tool: MaxQuant <br>Comment (private submission): ...",
  "scatter_size": 20,
  "fixed_mods": "Carbamidomethyl (C)",
  "variable_mods": "Oxidation (M),Acetyl (Protein N-term)",
  "max_mods": "5",
  "min_precursor_charge": null,
  "max_precursor_charge": "7",
  "quantification_method": "nan",
  "protein_inference": "nan",
  "abundance_normalization_ions": "nan",
  "submission_comments": "\n\n ### No parameter changes detected. \n\n\nDataset URL: https://proteobench.cubimed.rub.de/datasets/254d6c77ce656888918e738772ad5f5f6f1543e4/"
}