{
  "old_new": "new",
  "id": "MaxQuant_20250610_104638",
  "software_name": "MaxQuant",
  "software_version": "1.5.8.2",
  "search_engine": "Andromeda",
  "search_engine_version": NaN,
  "ident_fdr_psm": 0.01,
  "ident_fdr_peptide": NaN,
  "ident_fdr_protein": 0.01,
  "enable_match_between_runs": true,
  "precursor_mass_tolerance": "[-4.5 ppm, 4.5 ppm]",
  "fragment_mass_tolerance": "[-20 ppm, 20 ppm]",
  "enzyme": "Trypsin/P",
  "allowed_miscleavages": 1,
  "min_peptide_length": 7,
  "max_peptide_length": NaN,
  "is_temporary": false,
  "intermediate_hash": "254d6c77ce656888918e738772ad5f5f6f1543e4",
  "results": {
    "6": {
      "median_abs_epsilon_global": 0.17137784342237694,
      "median_abs_epsilon_eq_species": 0.19424674548648588,
      "median_abs_epsilon_ECOLI": 0.22531462689049064,
      "median_abs_epsilon_HUMAN": 0.16524121941849756,
      "median_abs_epsilon_YEAST": 0.1921843901504694,
      "mean_abs_epsilon_global": 0.22947625283224682,
      "mean_abs_epsilon_eq_species": 0.2814927203927782,
      "mean_abs_epsilon_ECOLI": 0.37494919737468396,
      "mean_abs_epsilon_HUMAN": 0.22126971535313206,
      "mean_abs_epsilon_YEAST": 0.24825924845051855,
      "median_log2_empirical_ECOLI": -1.8052207589553646,
      "median_log2_empirical_HUMAN": 0.07864235125769525,
      "median_log2_empirical_YEAST": 1.129099988937952,
      "median_abs_epsilon_precision_global": 0.15111610690182786,
      "median_abs_epsilon_precision_eq_species": 0.16172453688373167,
      "median_abs_epsilon_precision_ECOLI": 0.18438663149892776,
      "median_abs_epsilon_precision_HUMAN": 0.15068823756385186,
      "median_abs_epsilon_precision_YEAST": 0.1500987415884154,
      "mean_log2_empirical_ECOLI": -1.7086596699738774,
      "mean_log2_empirical_HUMAN": 0.06348852205169968,
      "mean_log2_empirical_YEAST": 1.1043416424519699,
      "mean_abs_epsilon_precision_global": 0.21585501918848263,
      "mean_abs_epsilon_precision_eq_species": 0.25659084787808345,
      "mean_abs_epsilon_precision_ECOLI": 0.3361075573088666,
      "mean_abs_epsilon_precision_HUMAN": 0.2112560925728784,
      "mean_abs_epsilon_precision_YEAST": 0.22240889375250533,
      "CV_median": 0.21268571447279516,
      "CV_q75": 0.2946834025732959,
      "CV_q90": 0.42800226729680757,
      "CV_q95": 0.5307191386978058,
      "variance_epsilon_global": 0.11453397988665084,
      "nr_feature": 24635,
      "roc_auc": 0.9762359470459602
    },
    "5": {
      "median_abs_epsilon_global": 0.18480576669395532,
      "median_abs_epsilon_eq_species": 0.21767254617725543,
      "median_abs_epsilon_ECOLI": 0.26922011831711323,
      "median_abs_epsilon_HUMAN": 0.17776243474798648,
      "median_abs_epsilon_YEAST": 0.2060350854666666,
      "mean_abs_epsilon_global": 0.2582052165356819,
      "mean_abs_epsilon_eq_species": 0.3212029060798026,
      "mean_abs_epsilon_ECOLI": 0.4366619472787825,
      "mean_abs_epsilon_HUMAN": 0.24753271407077615,
      "mean_abs_epsilon_YEAST": 0.2794140568898492,
      "median_log2_empirical_ECOLI": -1.7624816393041094,
      "median_log2_empirical_HUMAN": 0.07865141339467385,
      "median_log2_empirical_YEAST": 1.1072189214839696,
      "median_abs_epsilon_precision_global": 0.16651478954068466,
      "median_abs_epsilon_precision_eq_species": 0.18714837314513963,
      "median_abs_epsilon_precision_ECOLI": 0.22264390981765558,
      "median_abs_epsilon_precision_HUMAN": 0.16390996743357533,
      "median_abs_epsilon_precision_YEAST": 0.17489124218418794,
      "mean_log2_empirical_ECOLI": -1.6790865283789476,
      "mean_log2_empirical_HUMAN": 0.06480825570003347,
      "mean_log2_empirical_YEAST": 1.0770804229844138,
      "mean_abs_epsilon_precision_global": 0.24650353990061522,
      "mean_abs_epsilon_precision_eq_species": 0.29304135459522934,
      "mean_abs_epsilon_precision_ECOLI": 0.37666718754874623,
      "mean_abs_epsilon_precision_HUMAN": 0.2381126466447068,
      "mean_abs_epsilon_precision_YEAST": 0.264344229592235,
      "CV_median": 0.2148904872921304,
      "CV_q75": 0.30588634535063897,
      "CV_q90": 0.4524143842488256,
      "CV_q95": 0.561990951754092,
      "variance_epsilon_global": 0.15150648541221914,
      "nr_feature": 31730,
      "roc_auc": 0.9633977226333423
    },
    "4": {
      "median_abs_epsilon_global": 0.19728170997165329,
      "median_abs_epsilon_eq_species": 0.24636282735643947,
      "median_abs_epsilon_ECOLI": 0.3305599362012117,
      "median_abs_epsilon_HUMAN": 0.1885438527235248,
      "median_abs_epsilon_YEAST": 0.2199846931445819,
      "mean_abs_epsilon_global": 0.2914381773634704,
      "mean_abs_epsilon_eq_species": 0.37188953692627374,
      "mean_abs_epsilon_ECOLI": 0.5219311924749651,
      "mean_abs_epsilon_HUMAN": 0.2763352357892203,
      "mean_abs_epsilon_YEAST": 0.31740218251463587,
      "median_log2_empirical_ECOLI": -1.7246991613887044,
      "median_log2_empirical_HUMAN": 0.07738395948231158,
      "median_log2_empirical_YEAST": 1.091427143998736,
      "median_abs_epsilon_precision_global": 0.1808591496588985,
      "median_abs_epsilon_precision_eq_species": 0.21391641808565076,
      "median_abs_epsilon_precision_ECOLI": 0.26991876312903784,
      "median_abs_epsilon_precision_HUMAN": 0.17557459900719508,
      "median_abs_epsilon_precision_YEAST": 0.19625589212071937,
      "mean_log2_empirical_ECOLI": -1.6396314811773256,
      "mean_log2_empirical_HUMAN": 0.061971577105723694,
      "mean_log2_empirical_YEAST": 1.0559358579560703,
      "mean_abs_epsilon_precision_global": 0.2810130395712912,
      "mean_abs_epsilon_precision_eq_species": 0.3412285296596504,
      "mean_abs_epsilon_precision_ECOLI": 0.4475190296493482,
      "mean_abs_epsilon_precision_HUMAN": 0.26780907002832166,
      "mean_abs_epsilon_precision_YEAST": 0.3083574893012813,
      "CV_median": 0.21617722629680305,
      "CV_q75": 0.3122348892689051,
      "CV_q90": 0.4654596992256246,
      "CV_q95": 0.5786564173859023,
      "variance_epsilon_global": 0.21231838522748825,
      "nr_feature": 37562,
      "roc_auc": 0.9455279900154665
    },
    "3": {
      "median_abs_epsilon_global": 0.20681223271102844,
      "median_abs_epsilon_eq_species": 0.2613957004937877,
      "median_abs_epsilon_ECOLI": 0.35804665672610625,
      "median_abs_epsilon_HUMAN": 0.19826460945304802,
      "median_abs_epsilon_YEAST": 0.22787583530220878,
      "mean_abs_epsilon_global": 0.31389692147044573,
      "mean_abs_epsilon_eq_species": 0.39680098682163045,
      "mean_abs_epsilon_ECOLI": 0.5526252857863794,
      "mean_abs_epsilon_HUMAN": 0.2990140678100215,
      "mean_abs_epsilon_YEAST": 0.33876360686849044,
      "median_log2_empirical_ECOLI": -1.7148028936254462,
      "median_log2_empirical_HUMAN": 0.07748299991935781,
      "median_log2_empirical_YEAST": 1.0828613678989907,
      "median_abs_epsilon_precision_global": 0.19103329125744306,
      "median_abs_epsilon_precision_eq_species": 0.2247664216662694,
      "median_abs_epsilon_precision_ECOLI": 0.28256713117641397,
      "median_abs_epsilon_precision_HUMAN": 0.18484291436760714,
      "median_abs_epsilon_precision_YEAST": 0.2068892194547871,
      "mean_log2_empirical_ECOLI": -1.6117827725791543,
      "mean_log2_empirical_HUMAN": 0.061122963852403046,
      "mean_log2_empirical_YEAST": 1.0411561084522976,
      "mean_abs_epsilon_precision_global": 0.3042626594359307,
      "mean_abs_epsilon_precision_eq_species": 0.3657567290368213,
      "mean_abs_epsilon_precision_ECOLI": 0.4738715029122114,
      "mean_abs_epsilon_precision_HUMAN": 0.2909020808092765,
      "mean_abs_epsilon_precision_YEAST": 0.3324966033889761,
      "CV_median": 0.21704035855923393,
      "CV_q75": 0.3161088486454665,
      "CV_q90": 0.4730350979527922,
      "CV_q95": 0.591528111530399,
      "variance_epsilon_global": 0.2504302192828311,
      "nr_feature": 42777,
      "roc_auc": 0.9319096780340477
    },
    "2": {
      "median_abs_epsilon_global": 0.21007017049613985,