{
  "id": "MaxQuant_20250508_164351",
  "old_new": "new",
  "software_name": "MaxQuant",
  "software_version": "1.6.3.3",
  "search_engine": "Andromeda",
  "search_engine_version": NaN,
  "ident_fdr_psm": 0.01,
  "ident_fdr_peptide": null,
  "ident_fdr_protein": 0.01,
  "enable_match_between_runs": true,
  "precursor_mass_tolerance": "[-4.5 ppm, 4.5 ppm]",
  "fragment_mass_tolerance": "[-20 ppm, 20 ppm]",
  "enzyme": "Trypsin/P",
  "allowed_miscleavages": 1,
  "min_peptide_length": 7,
  "max_peptide_length": null,
  "is_temporary": false,
  "intermediate_hash": "261dabfcedfc79a7314ed3ba470d063dc773313f",
  "results": {
    "6": {
      "median_abs_epsilon": 0.17201502712266503,
      "mean_abs_epsilon": 0.23143396614935013,
      "variance_epsilon": 0.11798491085080846,
      "nr_prec": 25225,
      "CV_median": 0.21355466692978928,
      "CV_q90": 0.43467056427748485,
      "CV_q75": 0.29713093891583453,
      "CV_q95": 0.5371205977362612
    },
    "5": {
      "median_abs_epsilon": 0.1864216462381929,
      "mean_abs_epsilon": 0.26261494832515386,
      "variance_epsilon": 0.1582295441331006,
      "nr_prec": 32568,
      "CV_median": 0.21621262523358858,
      "CV_q90": 0.4574377315308181,
      "CV_q75": 0.30933485096129076,
      "CV_q95": 0.5664349811839613
    },
    "4": {
      "median_abs_epsilon": 0.20011599655316026,
      "mean_abs_epsilon": 0.2974936585593951,
      "variance_epsilon": 0.22055839498040405,
      "nr_prec": 38636,
      "CV_median": 0.21760502962213482,
      "CV_q90": 0.47119761914810343,
      "CV_q75": 0.31615697795254055,
      "CV_q95": 0.5862421698383564
    },
    "3": {
      "median_abs_epsilon": 0.20967491291208162,
      "mean_abs_epsilon": 0.32022693292876964,
      "variance_epsilon": 0.2616807234943459,
      "nr_prec": 43930,
      "CV_median": 0.21845380840478076,
      "CV_q90": 0.4792140713496887,
      "CV_q75": 0.31984811010008046,
      "CV_q95": 0.5987024243478949
    },
    "2": {
      "median_abs_epsilon": 0.2133131876941725,
      "mean_abs_epsilon": 0.3317810326583228,
      "variance_epsilon": 0.2910473157921316,
      "nr_prec": 47974,
      "CV_median": 0.21861332435362557,
      "CV_q90": 0.4818754825832662,
      "CV_q75": 0.3208251301567756,
      "CV_q95": 0.6033732237588555
    },
    "1": {
      "median_abs_epsilon": 0.2133131876941725,
      "mean_abs_epsilon": 0.3317810326583228,
      "variance_epsilon": 0.2910473157921316,
      "nr_prec": 50360,
      "CV_median": 0.21861332435362557,
      "CV_q90": 0.4818754825832662,
      "CV_q75": 0.3208251301567756,
      "CV_q95": 0.6033732237588555
    }
  },
  "median_abs_epsilon": 0.20967491291208162,
  "nr_prec": 43930,
  "comments": "",
  "fixed_mods": "Carbamidomethyl (C)",
  "variable_mods": "Oxidation (M),Acetyl (Protein N-term)",
  "max_mods": 5,
  "min_precursor_charge": null,
  "max_precursor_charge": 7,
  "submission_comments": "\n\nDataset URL: https://proteobench.cubimed.rub.de/datasets/261dabfcedfc79a7314ed3ba470d063dc773313f/",
  "proteobench_version": "0.5.10.dev28+g149aad0.d20241219",
  "minPeptideLength": NaN,
  "color": NaN,
  "hover_text": NaN,
  "scatter_size": NaN,
  "scan_window": NaN,
  "quantification_method_DIANN": NaN,
  "second_pass": NaN,
  "protein_inference": NaN,
  "predictors_library": NaN,
  "quantification_method": NaN,
  "mean_abs_epsilon": 0.32022693292876964,
  "abundance_normalization_ions": NaN
}