{
  "id": "MaxQuant_20250522_122508",
  "old_new": "new",
  "software_name": "MaxQuant",
  "software_version": "1.5.2.8",
  "search_engine": "Andromeda",
  "search_engine_version": "nan",
  "ident_fdr_psm": "0.01",
  "ident_fdr_peptide": null,
  "ident_fdr_protein": "0.01",
  "enable_match_between_runs": false,
  "precursor_mass_tolerance": "[-4.5 ppm, 4.5 ppm]",
  "fragment_mass_tolerance": "[-20 ppm, 20 ppm]",
  "enzyme": "Trypsin/P",
  "allowed_miscleavages": "1",
  "min_peptide_length": "7",
  "max_peptide_length": null,
  "is_temporary": false,
  "intermediate_hash": "26fd8382fc3546b1280ec3bba0b7c19f6bd85bb5",
  "results": {
    "6": {
      "median_abs_epsilon": 0.12152967453584829,
      "mean_abs_epsilon": 0.18324822307782168,
      "variance_epsilon": 0.07291483085064512,
      "nr_prec": 60,
      "CV_median": 0.2054108062530785,
      "CV_q90": 0.3590183268935514,
      "CV_q75": 0.2733620486167817,
      "CV_q95": 0.4290983757803744
    },
    "5": {
      "median_abs_epsilon": 0.12152967453584829,
      "mean_abs_epsilon": 0.20675347042282177,
      "variance_epsilon": 0.09172213153188588,
      "nr_prec": 80,
      "CV_median": 0.19772283027607318,
      "CV_q90": 0.3848249788720648,
      "CV_q75": 0.2818673980551989,
      "CV_q95": 0.4727577115379624
    },
    "4": {
      "median_abs_epsilon": 0.16397712023437805,
      "mean_abs_epsilon": 0.24470298520810485,
      "variance_epsilon": 0.12809185494784786,
      "nr_prec": 103,
      "CV_median": 0.20284175440680152,
      "CV_q90": 0.4277175331661144,
      "CV_q75": 0.29052668043567037,
      "CV_q95": 0.5059208949150191
    },
    "3": {
      "median_abs_epsilon": 0.17008259565437278,
      "mean_abs_epsilon": 0.2524130725001828,
      "variance_epsilon": 0.13328962663287455,
      "nr_prec": 123,
      "CV_median": 0.20776398326809634,
      "CV_q90": 0.42107887048710496,
      "CV_q75": 0.30305974222396936,
      "CV_q95": 0.5049193204290995
    },
    "2": {
      "median_abs_epsilon": 0.17320816502423497,
      "mean_abs_epsilon": 0.25926968340523243,
      "variance_epsilon": 0.13307728654800466,
      "nr_prec": 154,
      "CV_median": 0.20632332794249386,
      "CV_q90": 0.43012339726156834,
      "CV_q75": 0.3077464948170805,
      "CV_q95": 0.5083218739894266
    },
    "1": {
      "median_abs_epsilon": 0.17320816502423497,
      "mean_abs_epsilon": 0.25926968340523243,
      "variance_epsilon": 0.1330772865480047,
      "nr_prec": 194,
      "CV_median": 0.20632332794249386,
      "CV_q90": 0.43012339726156834,
      "CV_q75": 0.3077464948170805,
      "CV_q95": 0.5083218739894266
    }
  },
  "median_abs_epsilon": 0.17008259565437278,
  "nr_prec": 123,
  "comments": "",
  "fixed_mods": "Carbamidomethyl (C)",
  "variable_mods": "Acetyl (Protein N-term),Oxidation (M)",
  "max_mods": "5",
  "min_precursor_charge": null,
  "max_precursor_charge": "7",
  "submission_comments": "DO NOT MERGE THIS IS A TEST\n\n ### Parameter changes detected:\n- **abundance_normalization_ions**: `nan` \u2192 `test`\n\nDataset URL: https://proteobench.cubimed.rub.de/datasets/26fd8382fc3546b1280ec3bba0b7c19f6bd85bb5/",
  "proteobench_version": "0.8.11",
  "minPeptideLength": NaN,
  "color": "#377eb8",
  "hover_text": "ProteoBench ID: MaxQuant_20250522_122508<br>Software tool: MaxQuant <br>Comment (private submission): ...",
  "scatter_size": 20,
  "scan_window": NaN,
  "quantification_method_DIANN": NaN,
  "second_pass": NaN,
  "protein_inference": "nan",
  "predictors_library": NaN,
  "quantification_method": "nan",
  "mean_abs_epsilon": 0.2524130725001828,
  "abundance_normalization_ions": "test"
}