{
    "id": "MaxQuant_20241216_121802",
    "old_new": "old",
    "software_name": "MaxQuant",
    "software_version": "2.1.3.0",
    "search_engine": "Andromeda",
    "search_engine_version": null,
    "ident_fdr_psm": null,
    "ident_fdr_peptide": 0.01,
    "ident_fdr_protein": 0.01,
    "enable_match_between_runs": true,
    "precursor_mass_tolerance": "[-4.5 ppm, 4.5 ppm]",
    "fragment_mass_tolerance": "[-20 ppm, 20 ppm]",
    "enzyme": "Trypsin/P",
    "allowed_miscleavages": 1,
    "min_peptide_length": 7.0,
    "max_peptide_length": null,
    "is_temporary": false,
    "intermediate_hash": "2805f6b6d1fabd65448540bee743f2b05c1dda59",
    "results": {
        "6": {
            "median_abs_epsilon": 0.171269939,
            "mean_abs_epsilon": 0.2266145339,
            "variance_epsilon": 0.1074681178,
            "nr_prec": 25172,
            "CV_median": 0.212824154,
            "CV_q90": 0.4289476552,
            "CV_q75": 0.2951050043,
            "CV_q95": 0.5302521408
        },
        "5": {
            "median_abs_epsilon": 0.1851666004,
            "mean_abs_epsilon": 0.255617817,
            "variance_epsilon": 0.1449762118,
            "nr_prec": 32604,
            "CV_median": 0.2150033832,
            "CV_q90": 0.4517029928,
            "CV_q75": 0.3066441268,
            "CV_q95": 0.5603091342
        },
        "4": {
            "median_abs_epsilon": 0.1972705993,
            "mean_abs_epsilon": 0.2870796768,
            "variance_epsilon": 0.1960399902,
            "nr_prec": 38543,
            "CV_median": 0.2164225975,
            "CV_q90": 0.4641690563,
            "CV_q75": 0.3127329241,
            "CV_q95": 0.577846967
        },
        "3": {
            "median_abs_epsilon": 0.2071225717,
            "mean_abs_epsilon": 0.3086346522,
            "variance_epsilon": 0.2326492448,
            "nr_prec": 43765,
            "CV_median": 0.2172495635,
            "CV_q90": 0.4713077946,
            "CV_q75": 0.3163853694,
            "CV_q95": 0.5884865724
        },
        "2": {
            "median_abs_epsilon": 0.21063529,
            "mean_abs_epsilon": 0.3193866188,
            "variance_epsilon": 0.2574994364,
            "nr_prec": 47764,
            "CV_median": 0.2174178853,
            "CV_q90": 0.473986603,
            "CV_q75": 0.3176038597,
            "CV_q95": 0.5933110847
        },
        "1": {
            "median_abs_epsilon": 0.21063529,
            "mean_abs_epsilon": 0.3193866188,
            "variance_epsilon": 0.2574994364,
            "nr_prec": 50338,
            "CV_median": 0.2174178853,
            "CV_q90": 0.473986603,
            "CV_q75": 0.3176038597,
            "CV_q95": 0.5933110847
        }
    },
    "median_abs_epsilon": 0.2071225717,
    "nr_prec": 43765,
    "comments": "",
    "fixed_mods": "Carbamidomethyl (C)",
    "variable_mods": "Oxidation (M),Acetyl (Protein N-term)",
    "max_mods": 5.0,
    "min_precursor_charge": null,
    "max_precursor_charge": 7,
    "submission_comments": "\n\nDataset URL: https://proteobench.cubimed.rub.de/datasets/2805f6b6d1fabd65448540bee743f2b05c1dda59/",
    "proteobench_version": "0.5.8",
    "minPeptideLength": null,
    "color": "#377eb8",
    "hover_text": "ProteoBench ID: MaxQuant_20241216_121802<br>Software tool: MaxQuant <br>Comment (private submission): ",
    "scatter_size": 20,
    "scan_window": null,
    "quantification_method_DIANN": null,
    "second_pass": null,
    "protein_inference": null,
    "predictors_library": null,
    "quantification_method": null,
    "mean_abs_epsilon": 0.3086346522,
    "abundance_normalization_ions": null
}