{
  "id": "MaxQuant_20250605_124721",
  "software_name": "MaxQuant",
  "software_version": "2.1.3.0",
  "search_engine": "Andromeda",
  "search_engine_version": NaN,
  "ident_fdr_psm": 0.01,
  "ident_fdr_peptide": NaN,
  "ident_fdr_protein": 0.01,
  "enable_match_between_runs": true,
  "precursor_mass_tolerance": "[-4.5 ppm, 4.5 ppm]",
  "fragment_mass_tolerance": "[-20 ppm, 20 ppm]",
  "enzyme": "Trypsin/P",
  "allowed_miscleavages": 1,
  "min_peptide_length": 7,
  "max_peptide_length": NaN,
  "is_temporary": false,
  "intermediate_hash": "2805f6b6d1fabd65448540bee743f2b05c1dda59",
  "results": {
    "6": {
      "median_abs_epsilon_global": 0.17124831295158316,
      "median_abs_epsilon_eq_species": 0.19733494827261033,
      "median_abs_epsilon_ECOLI": 0.23616940468453507,
      "median_abs_epsilon_HUMAN": 0.1656475240693922,
      "median_abs_epsilon_YEAST": 0.19018791606390373,
      "mean_abs_epsilon_global": 0.2268082455695514,
      "mean_abs_epsilon_eq_species": 0.2918611100942497,
      "mean_abs_epsilon_ECOLI": 0.41458200334071105,
      "mean_abs_epsilon_HUMAN": 0.2183395118488109,
      "mean_abs_epsilon_YEAST": 0.24266181509322718,
      "median_log2_empirical_ECOLI": -1.8041273928291233,
      "median_log2_empirical_HUMAN": 0.07998677185303649,
      "median_log2_empirical_YEAST": 1.1236361317974968,
      "median_abs_epsilon_precision_global": 0.15084797099120095,
      "median_abs_epsilon_precision_eq_species": 0.16214680754712596,
      "median_abs_epsilon_precision_ECOLI": 0.18468350826805846,
      "median_abs_epsilon_precision_HUMAN": 0.14975178957595148,
      "median_abs_epsilon_precision_YEAST": 0.15200512479736794,
      "mean_log2_empirical_ECOLI": -1.6886592094485027,
      "mean_log2_empirical_HUMAN": 0.06454981480052059,
      "mean_log2_empirical_YEAST": 1.0909335032804246,
      "mean_abs_epsilon_precision_global": 0.21353798285756262,
      "mean_abs_epsilon_precision_eq_species": 0.26883949610629426,
      "mean_abs_epsilon_precision_ECOLI": 0.3788092770591721,
      "mean_abs_epsilon_precision_HUMAN": 0.2079729297997784,
      "mean_abs_epsilon_precision_YEAST": 0.21973628145993215,
      "CV_median": 0.21268562001951485,
      "CV_q75": 0.2944776927117353,
      "CV_q90": 0.42744502081390956,
      "CV_q95": 0.5292943529904893,
      "variance_epsilon_global": 0.1079759802085747,
      "nr_feature": 24857,
      "roc_auc": 0.9771932144247109
    },
    "5": {
      "median_abs_epsilon_global": 0.1852390049759851,
      "median_abs_epsilon_eq_species": 0.22029279409779257,
      "median_abs_epsilon_ECOLI": 0.2773450232606134,
      "median_abs_epsilon_HUMAN": 0.1784622455566378,
      "median_abs_epsilon_YEAST": 0.2050711134761265,
      "mean_abs_epsilon_global": 0.25606858425668194,
      "mean_abs_epsilon_eq_species": 0.32923285687608456,
      "mean_abs_epsilon_ECOLI": 0.46721073555580744,
      "mean_abs_epsilon_HUMAN": 0.24474009648217862,
      "mean_abs_epsilon_YEAST": 0.27574773859026774,
      "median_log2_empirical_ECOLI": -1.7639629843783844,
      "median_log2_empirical_HUMAN": 0.0787580895986224,
      "median_log2_empirical_YEAST": 1.102000760482948,
      "median_abs_epsilon_precision_global": 0.16762812137486094,
      "median_abs_epsilon_precision_eq_species": 0.191591972846363,
      "median_abs_epsilon_precision_ECOLI": 0.23402799034520783,
      "median_abs_epsilon_precision_HUMAN": 0.16410880958137497,
      "median_abs_epsilon_precision_YEAST": 0.17663911861250625,
      "mean_log2_empirical_ECOLI": -1.6663989942508208,
      "mean_log2_empirical_HUMAN": 0.06337196436073111,
      "mean_log2_empirical_YEAST": 1.063109575928717,
      "mean_abs_epsilon_precision_global": 0.24494404741126422,
      "mean_abs_epsilon_precision_eq_species": 0.30317712511130507,
      "mean_abs_epsilon_precision_ECOLI": 0.41102377737750617,
      "mean_abs_epsilon_precision_HUMAN": 0.23533366910263848,
      "mean_abs_epsilon_precision_YEAST": 0.2631739288537704,
      "CV_median": 0.21488442928810236,
      "CV_q75": 0.3062074594627001,
      "CV_q90": 0.45037924271880825,
      "CV_q95": 0.5595396530842569,
      "variance_epsilon_global": 0.14620331405965542,
      "nr_feature": 32250,
      "roc_auc": 0.9641855074521093
    },
    "4": {
      "median_abs_epsilon_global": 0.19747684464712734,
      "median_abs_epsilon_eq_species": 0.25234388433230376,
      "median_abs_epsilon_ECOLI": 0.3473365963771293,
      "median_abs_epsilon_HUMAN": 0.1890081673271986,
      "median_abs_epsilon_YEAST": 0.2206868892925833,
      "mean_abs_epsilon_global": 0.2876916353628839,
      "mean_abs_epsilon_eq_species": 0.380734832553654,
      "mean_abs_epsilon_ECOLI": 0.555908907317949,
      "mean_abs_epsilon_HUMAN": 0.2705214672046328,
      "mean_abs_epsilon_YEAST": 0.31577412313838016,
      "median_log2_empirical_ECOLI": -1.7246307445911615,
      "median_log2_empirical_HUMAN": 0.07865528050351678,
      "median_log2_empirical_YEAST": 1.084678640729031,
      "median_abs_epsilon_precision_global": 0.181707265444345,
      "median_abs_epsilon_precision_eq_species": 0.2193063584628696,
      "median_abs_epsilon_precision_ECOLI": 0.2843833536617044,
      "median_abs_epsilon_precision_HUMAN": 0.1748257771005708,
      "median_abs_epsilon_precision_YEAST": 0.19870994462633362,
      "mean_log2_empirical_ECOLI": -1.6042883249163873,
      "mean_log2_empirical_HUMAN": 0.06082901768694829,
      "mean_log2_empirical_YEAST": 1.0388230561962588,
      "mean_abs_epsilon_precision_global": 0.27775979649288424,
      "mean_abs_epsilon_precision_eq_species": 0.35285805238712586,
      "mean_abs_epsilon_precision_ECOLI": 0.487350024248804,
      "mean_abs_epsilon_precision_HUMAN": 0.26172666474769346,
      "mean_abs_epsilon_precision_YEAST": 0.30949746816488016,
      "CV_median": 0.2163281009556531,
      "CV_q75": 0.3123123883447827,
      "CV_q90": 0.4636485910960386,
      "CV_q95": 0.5774544476648422,
      "variance_epsilon_global": 0.19698419775520556,
      "nr_feature": 38175,
      "roc_auc": 0.9452091550087326
    },
    "3": {
      "median_abs_epsilon_global": 0.20726197348910347,
      "median_abs_epsilon_eq_species": 0.26668282276825234,
      "median_abs_epsilon_ECOLI": 0.3727718471880159,
      "median_abs_epsilon_HUMAN": 0.1983713765968389,
      "median_abs_epsilon_YEAST": 0.22890524451990224,
      "mean_abs_epsilon_global": 0.3093291626050584,
      "mean_abs_epsilon_eq_species": 0.404688599125965,
      "mean_abs_epsilon_ECOLI": 0.5854841308657229,
      "mean_abs_epsilon_HUMAN": 0.29241165140826025,
      "mean_abs_epsilon_YEAST": 0.3361700151039117,
      "median_log2_empirical_ECOLI": -1.7133339388906528,
      "median_log2_empirical_HUMAN": 0.07900865303885318,
      "median_log2_empirical_YEAST": 1.0750979710044124,
      "median_abs_epsilon_precision_global": 0.19153961578841283,
      "median_abs_epsilon_precision_eq_species": 0.2312801202541094,
      "median_abs_epsilon_precision_ECOLI": 0.3007277948472016,
      "median_abs_epsilon_precision_HUMAN": 0.18441992155130826,
      "median_abs_epsilon_precision_YEAST": 0.2086926443638184,
      "mean_log2_empirical_ECOLI": -1.5840986764709304,
      "mean_log2_empirical_HUMAN": 0.05979593685543108,
      "mean_log2_empirical_YEAST": 1.0275841187001051,
      "mean_abs_epsilon_precision_global": 0.3000242403510278,
      "mean_abs_epsilon_precision_eq_species": 0.37581307665590424,
      "mean_abs_epsilon_precision_ECOLI": 0.5113686387722601,
      "mean_abs_epsilon_precision_HUMAN": 0.28406507606805875,
      "mean_abs_epsilon_precision_YEAST": 0.3320055151273939,
      "CV_median": 0.2171318086982481,
      "CV_q75": 0.31602810662613606,
      "CV_q90": 0.47097373237397794,
      "CV_q95": 0.58796068450199,
      "variance_epsilon_global": 0.23361220781716557,
      "nr_feature": 43379,
      "roc_auc": 0.9327268057662973
    },
    "2": {
      "median_abs_epsilon_global": 0.21083618303381613,
      "median_abs_epsilon_eq_species": 0.27117657180724625,