{
  "id": "FragPipe_20250605_152448",
  "software_name": "FragPipe",
  "software_version": "23.0",
  "search_engine": "MSFragger",
  "search_engine_version": "4.2",
  "ident_fdr_psm": 0.01,
  "ident_fdr_peptide": 0.01,
  "ident_fdr_protein": 0.01,
  "enable_match_between_runs": true,
  "precursor_mass_tolerance": "[-10 ppm, 10 ppm]",
  "fragment_mass_tolerance": "[-0.02 Da, 0.02 Da]",
  "enzyme": "Trypsin/P",
  "allowed_miscleavages": 2,
  "min_peptide_length": 7,
  "max_peptide_length": 50,
  "is_temporary": false,
  "intermediate_hash": "28b0c3b9853a5b60c9e47428b8a51b4898083523",
  "results": {
    "6": {
      "median_abs_epsilon_global": 0.14741087348315318,
      "median_abs_epsilon_eq_species": 0.15179824724756882,
      "median_abs_epsilon_ECOLI": 0.16126503235934742,
      "median_abs_epsilon_HUMAN": 0.14693837410935728,
      "median_abs_epsilon_YEAST": 0.14719133527400174,
      "mean_abs_epsilon_global": 0.2131279476356137,
      "mean_abs_epsilon_eq_species": 0.22816047174252022,
      "mean_abs_epsilon_ECOLI": 0.25886984075521735,
      "mean_abs_epsilon_HUMAN": 0.212033046390525,
      "mean_abs_epsilon_YEAST": 0.21357852808181835,
      "median_log2_empirical_ECOLI": -1.966538572670995,
      "median_log2_empirical_HUMAN": -0.0628247409629914,
      "median_log2_empirical_YEAST": 0.995447935080378,
      "median_abs_epsilon_precision_global": 0.1494267666830389,
      "median_abs_epsilon_precision_eq_species": 0.1527048995599536,
      "median_abs_epsilon_precision_ECOLI": 0.1600636377659086,
      "median_abs_epsilon_precision_HUMAN": 0.14947911781048262,
      "median_abs_epsilon_precision_YEAST": 0.14857194310346955,
      "mean_log2_empirical_ECOLI": -1.9253445028160014,
      "mean_log2_empirical_HUMAN": -0.09935538338870478,
      "mean_log2_empirical_YEAST": 0.9437514177665095,
      "mean_abs_epsilon_precision_global": 0.20995759199443828,
      "mean_abs_epsilon_precision_eq_species": 0.22838850428795046,
      "mean_abs_epsilon_precision_ECOLI": 0.2602949813153985,
      "mean_abs_epsilon_precision_HUMAN": 0.20687076167727628,
      "mean_abs_epsilon_precision_YEAST": 0.2179997698711766,
      "CV_median": 0.1515479204323702,
      "CV_q75": 0.25591806292106223,
      "CV_q90": 0.38967021245788813,
      "CV_q95": 0.4842860516529454,
      "variance_epsilon_global": 0.09536524760372482,
      "nr_feature": 24731,
      "roc_auc": 0.9688774291567639
    },
    "5": {
      "median_abs_epsilon_global": 0.16192147077203956,
      "median_abs_epsilon_eq_species": 0.17069485836487353,
      "median_abs_epsilon_ECOLI": 0.1878676564251407,
      "median_abs_epsilon_HUMAN": 0.16054841313962598,
      "median_abs_epsilon_YEAST": 0.1636685055298539,
      "mean_abs_epsilon_global": 0.2354785135079969,
      "mean_abs_epsilon_eq_species": 0.2714089801978447,
      "mean_abs_epsilon_ECOLI": 0.3399468973773228,
      "mean_abs_epsilon_HUMAN": 0.23081557996791774,
      "mean_abs_epsilon_YEAST": 0.24346446324829363,
      "median_log2_empirical_ECOLI": -1.936769341145176,
      "median_log2_empirical_HUMAN": -0.06106473957415659,
      "median_log2_empirical_YEAST": 0.9809208176381343,
      "median_abs_epsilon_precision_global": 0.16305598774608665,
      "median_abs_epsilon_precision_eq_species": 0.17299793235389593,
      "median_abs_epsilon_precision_ECOLI": 0.1896593654134051,
      "median_abs_epsilon_precision_HUMAN": 0.1611687423522028,
      "median_abs_epsilon_precision_YEAST": 0.1681656892960799,
      "mean_log2_empirical_ECOLI": -1.8408033572529083,
      "mean_log2_empirical_HUMAN": -0.09646701112534875,
      "mean_log2_empirical_YEAST": 0.920521624578657,
      "mean_abs_epsilon_precision_global": 0.2329908680785723,
      "mean_abs_epsilon_precision_eq_species": 0.27415522543033627,
      "mean_abs_epsilon_precision_ECOLI": 0.34798643476858043,
      "mean_abs_epsilon_precision_HUMAN": 0.22623997064463114,
      "mean_abs_epsilon_precision_YEAST": 0.24823927087779712,
      "CV_median": 0.15236298001887744,
      "CV_q75": 0.2633696833350689,
      "CV_q90": 0.4064008818210568,
      "CV_q95": 0.5105326372475674,
      "variance_epsilon_global": 0.12061183535819771,
      "nr_feature": 35506,
      "roc_auc": 0.9558859149184701
    },
    "4": {
      "median_abs_epsilon_global": 0.17737303883912503,
      "median_abs_epsilon_eq_species": 0.19781519230578168,
      "median_abs_epsilon_ECOLI": 0.23521716607339727,
      "median_abs_epsilon_HUMAN": 0.17451444671978322,
      "median_abs_epsilon_YEAST": 0.18371396412416452,
      "mean_abs_epsilon_global": 0.26408691815435226,
      "mean_abs_epsilon_eq_species": 0.31965285007444505,
      "mean_abs_epsilon_ECOLI": 0.42443719021064086,
      "mean_abs_epsilon_HUMAN": 0.25522890134587267,
      "mean_abs_epsilon_YEAST": 0.27929245866682156,
      "median_log2_empirical_ECOLI": -1.8889174130113986,
      "median_log2_empirical_HUMAN": -0.05993721885037395,
      "median_log2_empirical_YEAST": 0.9650465375853639,
      "median_abs_epsilon_precision_global": 0.17783282289454228,
      "median_abs_epsilon_precision_eq_species": 0.19938541635563864,
      "median_abs_epsilon_precision_ECOLI": 0.23707892899943062,
      "median_abs_epsilon_precision_HUMAN": 0.17377611032348383,
      "median_abs_epsilon_precision_YEAST": 0.18730120974400144,
      "mean_log2_empirical_ECOLI": -1.7547020487999092,
      "mean_log2_empirical_HUMAN": -0.09347947869038171,
      "mean_log2_empirical_YEAST": 0.8995932734363864,
      "mean_abs_epsilon_precision_global": 0.2616761170745482,
      "mean_abs_epsilon_precision_eq_species": 0.32063751704795235,
      "mean_abs_epsilon_precision_ECOLI": 0.4276628366995047,
      "mean_abs_epsilon_precision_HUMAN": 0.2510013376947207,
      "mean_abs_epsilon_precision_YEAST": 0.28324837674963166,
      "CV_median": 0.15311507967992932,
      "CV_q75": 0.26798257309106166,
      "CV_q90": 0.41713593751788564,
      "CV_q95": 0.5278806293029956,
      "variance_epsilon_global": 0.1567098994440248,
      "nr_feature": 44701,
      "roc_auc": 0.9364410606987028
    },
    "3": {
      "median_abs_epsilon_global": 0.18960149058858633,
      "median_abs_epsilon_eq_species": 0.21330531906425954,
      "median_abs_epsilon_ECOLI": 0.25734915643253764,
      "median_abs_epsilon_HUMAN": 0.18662541577856118,
      "median_abs_epsilon_YEAST": 0.1959413849816798,
      "mean_abs_epsilon_global": 0.2881793387451953,
      "mean_abs_epsilon_eq_species": 0.35234929428069983,
      "mean_abs_epsilon_ECOLI": 0.47147519726007814,
      "mean_abs_epsilon_HUMAN": 0.2778417627190865,
      "mean_abs_epsilon_YEAST": 0.3077309228629348,
      "median_log2_empirical_ECOLI": -1.8778301686410117,
      "median_log2_empirical_HUMAN": -0.0558369517856363,
      "median_log2_empirical_YEAST": 0.9590258025848275,
      "median_abs_epsilon_precision_global": 0.1888318697895066,
      "median_abs_epsilon_precision_eq_species": 0.21337361372236727,
      "median_abs_epsilon_precision_ECOLI": 0.25487934148551794,
      "median_abs_epsilon_precision_HUMAN": 0.1844831581278541,
      "median_abs_epsilon_precision_YEAST": 0.20075834155372974,
      "mean_log2_empirical_ECOLI": -1.7107158891782088,
      "mean_log2_empirical_HUMAN": -0.08914179843230079,
      "mean_log2_empirical_YEAST": 0.8854220815898445,
      "mean_abs_epsilon_precision_global": 0.286585528980029,
      "mean_abs_epsilon_precision_eq_species": 0.3546732296302946,
      "mean_abs_epsilon_precision_ECOLI": 0.4774407575501664,
      "mean_abs_epsilon_precision_HUMAN": 0.27451333318343285,
      "mean_abs_epsilon_precision_YEAST": 0.3120655981572844,
      "CV_median": 0.1537556053106265,
      "CV_q75": 0.27105904680395354,
      "CV_q90": 0.4227844851928135,
      "CV_q95": 0.5367371940763059,
      "variance_epsilon_global": 0.19047175180125198,
      "nr_feature": 54374,
      "roc_auc": 0.9185196348149542
    },
    "2": {
      "median_abs_epsilon_global": 0.1976996366302899,