{
  "old_new": "new",
  "id": "FragPipe_20250605_152448",
  "software_name": "FragPipe",
  "software_version": "23.0",
  "search_engine": "MSFragger",
  "search_engine_version": "4.2",
  "ident_fdr_psm": "0.01",
  "ident_fdr_peptide": "0.01",
  "ident_fdr_protein": "0.01",
  "enable_match_between_runs": true,
  "precursor_mass_tolerance": "[-10 ppm, 10 ppm]",
  "fragment_mass_tolerance": "[-0.02 Da, 0.02 Da]",
  "enzyme": "Trypsin/P",
  "allowed_miscleavages": "2",
  "min_peptide_length": "7",
  "max_peptide_length": "50",
  "is_temporary": false,
  "intermediate_hash": "28b0c3b9853a5b60c9e47428b8a51b4898083523",
  "results": {
    "6": {
      "median_abs_epsilon": 0.14796334089987795,
      "mean_abs_epsilon": 0.21502433973854015,
      "variance_epsilon": 0.09874254687824195,
      "nr_prec": 25126,
      "CV_median": 0.151923863021234,
      "CV_q90": 0.39213200800493586,
      "CV_q75": 0.25708596502634884,
      "CV_q95": 0.48829231237617876
    },
    "5": {
      "median_abs_epsilon": 0.1622576409989449,
      "mean_abs_epsilon": 0.23696799206199765,
      "variance_epsilon": 0.12309862136946766,
      "nr_prec": 35973,
      "CV_median": 0.15259492638661334,
      "CV_q90": 0.40817271922178233,
      "CV_q75": 0.26424412070731884,
      "CV_q95": 0.51319072060841
    },
    "4": {
      "median_abs_epsilon": 0.17758240605949993,
      "mean_abs_epsilon": 0.2650788541060939,
      "variance_epsilon": 0.1584616508821224,
      "nr_prec": 45219,
      "CV_median": 0.15336503686764386,
      "CV_q90": 0.4188014211733058,
      "CV_q75": 0.26893488663922777,
      "CV_q95": 0.5296590003277711
    },
    "3": {
      "median_abs_epsilon": 0.1896953109099826,
      "mean_abs_epsilon": 0.2890256801722089,
      "variance_epsilon": 0.19222693344351816,
      "nr_prec": 54941,
      "CV_median": 0.15400644468870067,
      "CV_q90": 0.42479387902912225,
      "CV_q75": 0.2717948570438216,
      "CV_q95": 0.5387728997396559
    },
    "2": {
      "median_abs_epsilon": 0.19787688046877605,
      "mean_abs_epsilon": 0.3086851023572282,
      "variance_epsilon": 0.22670883508210266,
      "nr_prec": 65271,
      "CV_median": 0.15412471750675188,
      "CV_q90": 0.4294293877638631,
      "CV_q75": 0.27365074953784585,
      "CV_q95": 0.5454491934126535
    },
    "1": {
      "median_abs_epsilon": 0.19787688046877605,
      "mean_abs_epsilon": 0.3086851023572283,
      "variance_epsilon": 0.22670883508210266,
      "nr_prec": 77017,
      "CV_median": 0.15412471750675188,
      "CV_q90": 0.4294293877638631,
      "CV_q75": 0.27365074953784585,
      "CV_q95": 0.5454491934126535
    }
  },
  "median_abs_epsilon": 0.1896953109099826,
  "mean_abs_epsilon": 0.2890256801722089,
  "nr_prec": 54941,
  "comments": "",
  "proteobench_version": "0.8.18",
  "color": "#ff7f00",
  "hover_text": "ProteoBench ID: FragPipe_20250605_152448<br>Software tool: FragPipe <br>Comment (private submission): ...",
  "scatter_size": 20,
  "fixed_mods": "0.0,C-Term Peptide,true,-1; 0.0,N-Term Peptide,true,-1; 0.0,C-Term Protein,true,-1; 0.0,N-Term Protein,true,-1; 0.0,G (glycine),true,-1; 0.0,A (alanine),true,-1; 0.0,S (serine),true,-1; 0.0,P (proline),true,-1; 0.0,V (valine),true,-1; 0.0,T (threonine),true,-1; 57.02146,C (cysteine),true,-1; 0.0,L (leucine),true,-1; 0.0,I (isoleucine),true,-1; 0.0,N (asparagine),true,-1; 0.0,D (aspartic acid),true,-1; 0.0,Q (glutamine),true,-1; 0.0,K (lysine),true,-1; 0.0,E (glutamic acid),true,-1; 0.0,M (methionine),true,-1; 0.0,H (histidine),true,-1; 0.0,F (phenylalanine),true,-1; 0.0,R (arginine),true,-1; 0.0,Y (tyrosine),true,-1; 0.0,W (tryptophan),true,-1; 0.0,B ,true,-1; 0.0,J,true,-1; 0.0,O,true,-1; 0.0,U,true,-1; 0.0,X,true,-1; 0.0,Z,true,-1",
  "variable_mods": "15.9949,M,true,3; 42.0106,[^,true,1; 79.96633,STY,false,3; -17.0265,nQnC,false,1; -18.0106,nE,false,1; 4.025107,K,false,2; 6.020129,R,false,2; 8.014199,K,false,2; 10.008269,R,false,2; 0.0,site_10,false,1; 0.0,site_11,false,1; 0.0,site_12,false,1; 0.0,site_13,false,1; 0.0,site_14,false,1; 0.0,site_15,false,1; 0.0,site_16,false,1",
  "max_mods": "3",
  "min_precursor_charge": "1",
  "max_precursor_charge": null,
  "quantification_method": "nan",
  "protein_inference": "ProteinProphet: --maxppmdiff 2000000",
  "abundance_normalization_ions": "nan",
  "submission_comments": "\n\n ### No parameter changes detected. \n\n\nDataset URL: https://proteobench.cubimed.rub.de/datasets/28b0c3b9853a5b60c9e47428b8a51b4898083523/"
}