{
  "old_new": "new",
  "id": "MSAngel_20250605_074024",
  "software_name": "MSAngel",
  "software_version": "2.2.10",
  "search_engine": "Mascot",
  "search_engine_version": NaN,
  "ident_fdr_psm": 0.01,
  "ident_fdr_peptide": NaN,
  "ident_fdr_protein": NaN,
  "enable_match_between_runs": true,
  "precursor_mass_tolerance": "[-10.0 ppm, +10.0 ppm]",
  "fragment_mass_tolerance": NaN,
  "enzyme": "Trypsin/P",
  "allowed_miscleavages": "0",
  "min_peptide_length": NaN,
  "max_peptide_length": NaN,
  "is_temporary": false,
  "intermediate_hash": "2a5ef6191b8098757d490acf76bb9c2af5b89a39",
  "results": {
    "6": {
      "median_abs_epsilon_global": 0.18658838776998365,
      "median_abs_epsilon_eq_species": 0.24298843483043106,
      "median_abs_epsilon_ECOLI": 0.3506710211269741,
      "median_abs_epsilon_HUMAN": 0.18134563633218903,
      "median_abs_epsilon_YEAST": 0.19694864703213,
      "mean_abs_epsilon_global": 0.2582752275899799,
      "mean_abs_epsilon_eq_species": 0.3535820254832691,
      "mean_abs_epsilon_ECOLI": 0.5405198728208981,
      "mean_abs_epsilon_HUMAN": 0.2460419835224126,
      "mean_abs_epsilon_YEAST": 0.2741842201064966,
      "median_log2_empirical_ECOLI": -1.6779472777699844,
      "median_log2_empirical_HUMAN": 0.08446144113813503,
      "median_log2_empirical_YEAST": 1.0771162054420866,
      "median_abs_epsilon_precision_global": 0.16507569909633446,
      "median_abs_epsilon_precision_eq_species": 0.18748118376466216,
      "median_abs_epsilon_precision_ECOLI": 0.22404452327023883,
      "median_abs_epsilon_precision_HUMAN": 0.16079321044785644,
      "median_abs_epsilon_precision_YEAST": 0.17760581757589122,
      "mean_log2_empirical_ECOLI": -1.5243894202709065,
      "mean_log2_empirical_HUMAN": 0.058705642819311565,
      "mean_log2_empirical_YEAST": 1.0254153300917694,
      "mean_abs_epsilon_precision_global": 0.2471417137974225,
      "mean_abs_epsilon_precision_eq_species": 0.3164983638802657,
      "mean_abs_epsilon_precision_ECOLI": 0.4443005865630101,
      "mean_abs_epsilon_precision_HUMAN": 0.2358039288198122,
      "mean_abs_epsilon_precision_YEAST": 0.2693905762579749,
      "CV_median": 0.2224884985182081,
      "CV_q75": 0.31373387497962646,
      "CV_q90": 0.46818003963236365,
      "CV_q95": 0.5747159282692391,
      "roc_auc": 0.954738395148605,
      "roc_auc_directional": 0.954718154036188,
      "nr_prec": 37599,
      "nr_prec_HUMAN": 29375,
      "nr_prec_YEAST": 7366,
      "nr_prec_ECOLI": 858,
      "variance_epsilon_global": 0.1456676700178548
    },
    "5": {
      "median_abs_epsilon_global": 0.19751914803171644,
      "median_abs_epsilon_eq_species": 0.2673351099593108,
      "median_abs_epsilon_ECOLI": 0.3997221696133444,
      "median_abs_epsilon_HUMAN": 0.191035945702275,
      "median_abs_epsilon_YEAST": 0.211247214562313,
      "mean_abs_epsilon_global": 0.28038837950845846,
      "mean_abs_epsilon_eq_species": 0.3880632656210041,
      "mean_abs_epsilon_ECOLI": 0.6011604980816857,
      "mean_abs_epsilon_HUMAN": 0.2639200187883915,
      "mean_abs_epsilon_YEAST": 0.29910927999293524,
      "median_log2_empirical_ECOLI": -1.6259285048828005,
      "median_log2_empirical_HUMAN": 0.08300332872384963,
      "median_log2_empirical_YEAST": 1.05368724326663,
      "median_abs_epsilon_precision_global": 0.18055672926082877,
      "median_abs_epsilon_precision_eq_species": 0.21470417046857193,
      "median_abs_epsilon_precision_ECOLI": 0.2710451382543617,
      "median_abs_epsilon_precision_HUMAN": 0.17336717057267137,
      "median_abs_epsilon_precision_YEAST": 0.1997002025786827,
      "mean_log2_empirical_ECOLI": -1.4747979198109622,
      "mean_log2_empirical_HUMAN": 0.05932684236237133,
      "mean_log2_empirical_YEAST": 0.9980190128693972,
      "mean_abs_epsilon_precision_global": 0.2698586534789904,
      "mean_abs_epsilon_precision_eq_species": 0.34417244091709503,
      "mean_abs_epsilon_precision_ECOLI": 0.4785844993637082,
      "mean_abs_epsilon_precision_HUMAN": 0.2545386155621903,
      "mean_abs_epsilon_precision_YEAST": 0.29939420782538667,
      "CV_median": 0.22513755096735083,
      "CV_q75": 0.3245195099580255,
      "CV_q90": 0.4847738859629413,
      "CV_q95": 0.5933557518442358,
      "roc_auc": 0.9411455292656657,
      "roc_auc_directional": 0.949315693624234,
      "nr_prec": 47901,
      "nr_prec_HUMAN": 36814,
      "nr_prec_YEAST": 9767,
      "nr_prec_ECOLI": 1320,
      "variance_epsilon_global": 0.17075834405300824
    },
    "4": {
      "median_abs_epsilon_global": 0.20851618734342914,
      "median_abs_epsilon_eq_species": 0.3017283995073849,
      "median_abs_epsilon_ECOLI": 0.4801826128687985,
      "median_abs_epsilon_HUMAN": 0.1983957681922437,
      "median_abs_epsilon_YEAST": 0.22660681746111244,
      "mean_abs_epsilon_global": 0.30503326482411786,
      "mean_abs_epsilon_eq_species": 0.42877115514575453,
      "mean_abs_epsilon_ECOLI": 0.6744784445345682,
      "mean_abs_epsilon_HUMAN": 0.28218878370591444,
      "mean_abs_epsilon_YEAST": 0.32964623719678093,
      "median_log2_empirical_ECOLI": -1.5674826982978338,
      "median_log2_empirical_HUMAN": 0.08216018504529998,
      "median_log2_empirical_YEAST": 1.0335791899699736,
      "median_abs_epsilon_precision_global": 0.19441295317125906,
      "median_abs_epsilon_precision_eq_species": 0.24437098456672443,
      "median_abs_epsilon_precision_ECOLI": 0.3291998801139897,
      "median_abs_epsilon_precision_HUMAN": 0.183047164871736,
      "median_abs_epsilon_precision_YEAST": 0.22086590871444756,
      "mean_log2_empirical_ECOLI": -1.4142968342642646,
      "mean_log2_empirical_HUMAN": 0.059107728965646165,
      "mean_log2_empirical_YEAST": 0.9736445911271567,
      "mean_abs_epsilon_precision_global": 0.29396551292214307,
      "mean_abs_epsilon_precision_eq_species": 0.37571378638078173,
      "mean_abs_epsilon_precision_ECOLI": 0.5211997497318264,
      "mean_abs_epsilon_precision_HUMAN": 0.27338171151370255,
      "mean_abs_epsilon_precision_YEAST": 0.3325598978968162,
      "CV_median": 0.22644725643365182,
      "CV_q75": 0.3302757612034479,
      "CV_q90": 0.4937668159363453,
      "CV_q95": 0.6057214680273592,
      "roc_auc": 0.9238204561184538,
      "roc_auc_directional": 0.9396336374022004,
      "nr_prec": 54852,
      "nr_prec_HUMAN": 41498,
      "nr_prec_YEAST": 11558,
      "nr_prec_ECOLI": 1796,
      "variance_epsilon_global": 0.20484110968777267
    },
    "3": {
      "median_abs_epsilon_global": 0.21576506068455537,
      "median_abs_epsilon_eq_species": 0.31795602903151554,
      "median_abs_epsilon_ECOLI": 0.5136136099027429,
      "median_abs_epsilon_HUMAN": 0.20505159860125133,
      "median_abs_epsilon_YEAST": 0.23520287859055244,
      "mean_abs_epsilon_global": 0.3220755157777518,
      "mean_abs_epsilon_eq_species": 0.45176694003001266,
      "mean_abs_epsilon_ECOLI": 0.7096353342266251,
      "mean_abs_epsilon_HUMAN": 0.2980296179015544,
      "mean_abs_epsilon_YEAST": 0.3476358679618586,
      "median_log2_empirical_ECOLI": -1.5394598921354063,
      "median_log2_empirical_HUMAN": 0.08325126699832097,
      "median_log2_empirical_YEAST": 1.0245075386930296,
      "median_abs_epsilon_precision_global": 0.20265764579293766,
      "median_abs_epsilon_precision_eq_species": 0.258018232863139,
      "median_abs_epsilon_precision_ECOLI": 0.35420705755710813,
      "median_abs_epsilon_precision_HUMAN": 0.19041531276046797,
      "median_abs_epsilon_precision_YEAST": 0.2294323282718409,
      "mean_log2_empirical_ECOLI": -1.3840234815183752,
      "mean_log2_empirical_HUMAN": 0.06053557787355557,
      "mean_log2_empirical_YEAST": 0.9608543739083414,
      "mean_abs_epsilon_precision_global": 0.310799932159311,
      "mean_abs_epsilon_precision_eq_species": 0.3955245248944721,
      "mean_abs_epsilon_precision_ECOLI": 0.5460078215903779,
      "mean_abs_epsilon_precision_HUMAN": 0.2892148230670115,
      "mean_abs_epsilon_precision_YEAST": 0.35135093002602696,