{
  "id": "MSAngel_20250224_102323",
  "old_new": "new",
  "software_name": "MSAngel",
  "software_version": "2.2.10",
  "search_engine": "Mascot",
  "search_engine_version": "2.8.3",
  "ident_fdr_psm": "0.01",
  "ident_fdr_peptide": "nan",
  "ident_fdr_protein": "nan",
  "enable_match_between_runs": true,
  "precursor_mass_tolerance": "[-10.0 ppm, +10.0 ppm]",
  "fragment_mass_tolerance": "[-0.02 Da, +0.02 Da]",
  "enzyme": "Trypsin/P",
  "allowed_miscleavages": "2",
  "min_peptide_length": "7",
  "max_peptide_length": "nan",
  "is_temporary": false,
  "intermediate_hash": "2a5ef6191b8098757d490acf76bb9c2af5b89a39",
  "results": {
    "6": {
      "median_abs_epsilon": 0.18691205416227774,
      "mean_abs_epsilon": 0.2589511369921418,
      "variance_epsilon": 0.14652549776076676,
      "nr_prec": 38051,
      "CV_median": 0.22263736840340825,
      "CV_q90": 0.4693096485646592,
      "CV_q75": 0.314486211567762,
      "CV_q95": 0.5759217318971837
    },
    "5": {
      "median_abs_epsilon": 0.19763341240498633,
      "mean_abs_epsilon": 0.2809818186537504,
      "variance_epsilon": 0.17152050240137431,
      "nr_prec": 48410,
      "CV_median": 0.22531824392479743,
      "CV_q90": 0.48572546500845415,
      "CV_q75": 0.3251951338991017,
      "CV_q95": 0.5945154311644509
    },
    "4": {
      "median_abs_epsilon": 0.2086294155210151,
      "mean_abs_epsilon": 0.30540900354058464,
      "variance_epsilon": 0.2052769270227719,
      "nr_prec": 55392,
      "CV_median": 0.22663409721523264,
      "CV_q90": 0.494481014377937,
      "CV_q75": 0.3308462998085038,
      "CV_q95": 0.6068097762106155
    },
    "3": {
      "median_abs_epsilon": 0.21597336874510376,
      "mean_abs_epsilon": 0.3223566502470722,
      "variance_epsilon": 0.23496720710751234,
      "nr_prec": 60766,
      "CV_median": 0.22705173175635385,
      "CV_q90": 0.4984450851049075,
      "CV_q75": 0.33310525546038655,
      "CV_q95": 0.6128470274272821
    },
    "2": {
      "median_abs_epsilon": 0.2185083682375506,
      "mean_abs_epsilon": 0.33129339718950307,
      "variance_epsilon": 0.25689755828092253,
      "nr_prec": 64346,
      "CV_median": 0.22700822239067442,
      "CV_q90": 0.4994676366885161,
      "CV_q75": 0.3337919247179992,
      "CV_q95": 0.6154536799208741
    },
    "1": {
      "median_abs_epsilon": 0.2185083682375506,
      "mean_abs_epsilon": 0.3312933971895031,
      "variance_epsilon": 0.25689755828092253,
      "nr_prec": 66134,
      "CV_median": 0.22700822239067442,
      "CV_q90": 0.4994676366885161,
      "CV_q75": 0.3337919247179992,
      "CV_q95": 0.6154536799208741
    }
  },
  "median_abs_epsilon": 0.21597336874510376,
  "nr_prec": 60766,
  "comments": "",
  "fixed_mods": "Carbamidomethyl (C)",
  "variable_mods": "Oxidation (M),Acetyl (Protein N-term)",
  "max_mods": "5",
  "min_precursor_charge": "2",
  "max_precursor_charge": "4",
  "submission_comments": "MS2Rescore\n\n ### Parameter changes Detected:\n- **min_peptide_length**: `nan` \u2192 `7`\n- **max_precursor_charge**: `nan` \u2192 `4`\n- **max_mods**: `nan` \u2192 `5`\n- **second_pass**: `False` \u2192 `[MISSING]`\n- **fragment_mass_tolerance**: `nan` \u2192 `[-0.02 Da, +0.02 Da]`\n- **search_engine_version**: `nan` \u2192 `2.8.3`\n- **min_precursor_charge**: `nan` \u2192 `2`\n- **allowed_miscleavages**: `0` \u2192 `2`\n\nDataset URL: https://proteobench.cubimed.rub.de/datasets/2a5ef6191b8098757d490acf76bb9c2af5b89a39/",
  "proteobench_version": "0.6.0",
  "minPeptideLength": NaN,
  "color": "#e41a1c",
  "hover_text": "ProteoBench ID: MSAngel_20250224_102323<br>Software tool: MSAngel <br>Comment (private submission): ",
  "scatter_size": 20,
  "scan_window": NaN,
  "quantification_method_DIANN": NaN,
  "second_pass": NaN,
  "protein_inference": "nan",
  "predictors_library": NaN,
  "quantification_method": "nan",
  "mean_abs_epsilon": 0.3223566502470722,
  "abundance_normalization_ions": "nan"
}