{
  "id": "MaxQuant_20250508_140257",
  "old_new": "new",
  "software_name": "MaxQuant",
  "software_version": "1.5.8.2",
  "search_engine": "Andromeda",
  "search_engine_version": NaN,
  "ident_fdr_psm": 0.01,
  "ident_fdr_peptide": null,
  "ident_fdr_protein": 0.01,
  "enable_match_between_runs": true,
  "precursor_mass_tolerance": "[-4.5 ppm, 4.5 ppm]",
  "fragment_mass_tolerance": "[-20 ppm, 20 ppm]",
  "enzyme": "Trypsin/P",
  "allowed_miscleavages": 1,
  "min_peptide_length": 7,
  "max_peptide_length": null,
  "is_temporary": false,
  "intermediate_hash": "2afab349892b575f1eaba2de6391b450b0130100",
  "results": {
    "6": {
      "median_abs_epsilon": 0.1714845614751539,
      "mean_abs_epsilon": 0.22951199570190728,
      "variance_epsilon": 0.11457714381517098,
      "nr_prec": 24949,
      "CV_median": 0.21285098268800307,
      "CV_q90": 0.4294967368430187,
      "CV_q75": 0.29502612229943626,
      "CV_q95": 0.5320963626343407
    },
    "5": {
      "median_abs_epsilon": 0.18476205526901168,
      "mean_abs_epsilon": 0.2577912906273078,
      "variance_epsilon": 0.15047202160560272,
      "nr_prec": 32080,
      "CV_median": 0.21494536493453692,
      "CV_q90": 0.4530531800787547,
      "CV_q75": 0.30632167155292844,
      "CV_q95": 0.5628298948750222
    },
    "4": {
      "median_abs_epsilon": 0.19715224475107362,
      "mean_abs_epsilon": 0.29080845938168765,
      "variance_epsilon": 0.2114362323106202,
      "nr_prec": 37933,
      "CV_median": 0.2162388261709429,
      "CV_q90": 0.465857361457788,
      "CV_q75": 0.31246865271428353,
      "CV_q95": 0.5794920063213669
    },
    "3": {
      "median_abs_epsilon": 0.2066954124531435,
      "mean_abs_epsilon": 0.31318925974251216,
      "variance_epsilon": 0.24951159217074184,
      "nr_prec": 43170,
      "CV_median": 0.21709928040687498,
      "CV_q90": 0.4732537095441029,
      "CV_q75": 0.3163962128862843,
      "CV_q95": 0.59204813855717
    },
    "2": {
      "median_abs_epsilon": 0.20999821150674336,
      "mean_abs_epsilon": 0.32403186731328765,
      "variance_epsilon": 0.27670623847069165,
      "nr_prec": 47275,
      "CV_median": 0.21707933671973095,
      "CV_q90": 0.4758737351492812,
      "CV_q75": 0.31754185829985826,
      "CV_q95": 0.5975724290674861
    },
    "1": {
      "median_abs_epsilon": 0.20999821150674336,
      "mean_abs_epsilon": 0.3240318673132876,
      "variance_epsilon": 0.27670623847069165,
      "nr_prec": 49679,
      "CV_median": 0.21707933671973095,
      "CV_q90": 0.4758737351492812,
      "CV_q75": 0.31754185829985826,
      "CV_q95": 0.5975724290674861
    }
  },
  "median_abs_epsilon": 0.2066954124531435,
  "nr_prec": 43170,
  "comments": "",
  "fixed_mods": "Carbamidomethyl (C)",
  "variable_mods": "Oxidation (M),Acetyl (Protein N-term)",
  "max_mods": 5,
  "min_precursor_charge": null,
  "max_precursor_charge": 7,
  "submission_comments": "\n\nDataset URL: https://proteobench.cubimed.rub.de/datasets/2afab349892b575f1eaba2de6391b450b0130100/",
  "proteobench_version": "0.5.10.dev28+g149aad0.d20241219",
  "minPeptideLength": NaN,
  "color": NaN,
  "hover_text": NaN,
  "scatter_size": NaN,
  "scan_window": NaN,
  "quantification_method_DIANN": NaN,
  "second_pass": NaN,
  "protein_inference": NaN,
  "predictors_library": NaN,
  "quantification_method": NaN,
  "mean_abs_epsilon": 0.31318925974251216,
  "abundance_normalization_ions": NaN
}