{
  "old_new": "new",
  "id": "MaxQuant_20260309_100711",
  "software_name": "MaxQuant",
  "software_version": "2.3.1.0",
  "search_engine": "Andromeda",
  "search_engine_version": NaN,
  "ident_fdr_psm": 0.01,
  "ident_fdr_peptide": null,
  "ident_fdr_protein": 0.01,
  "enable_match_between_runs": true,
  "precursor_mass_tolerance": "[-4.5 ppm, 4.5 ppm]",
  "fragment_mass_tolerance": "[-20 ppm, 20 ppm]",
  "enzyme": "Trypsin/P",
  "allowed_miscleavages": 1,
  "min_peptide_length": 7,
  "max_peptide_length": null,
  "is_temporary": false,
  "intermediate_hash": "2c99ea2c507319f77aec90f32efa97854b2154c1",
  "results": {
    "6": {
      "median_abs_epsilon_global": 0.16954779551320698,
      "median_abs_epsilon_eq_species": 0.1928683957007351,
      "median_abs_epsilon_ECOLI": 0.2259097105098462,
      "median_abs_epsilon_HUMAN": 0.16362405724554208,
      "median_abs_epsilon_YEAST": 0.18907141934681704,
      "mean_abs_epsilon_global": 0.21951008472586875,
      "mean_abs_epsilon_eq_species": 0.27387977646976197,
      "mean_abs_epsilon_ECOLI": 0.37372506999626165,
      "mean_abs_epsilon_HUMAN": 0.21173164399520147,
      "mean_abs_epsilon_YEAST": 0.2361826154178228,
      "median_log2_empirical_ECOLI": -1.804309869200658,
      "median_log2_empirical_HUMAN": 0.07966006926262281,
      "median_log2_empirical_YEAST": 1.1235866845096858,
      "median_abs_epsilon_precision_global": 0.148694420278062,
      "median_abs_epsilon_precision_eq_species": 0.15745951660536997,
      "median_abs_epsilon_precision_ECOLI": 0.17502787608723125,
      "median_abs_epsilon_precision_HUMAN": 0.14796980471813725,
      "median_abs_epsilon_precision_YEAST": 0.14938086901074143,
      "mean_log2_empirical_ECOLI": -1.7083990421038435,
      "mean_log2_empirical_HUMAN": 0.06311178744287949,
      "mean_log2_empirical_YEAST": 1.0924513098509132,
      "mean_abs_epsilon_precision_global": 0.20609112729178541,
      "mean_abs_epsilon_precision_eq_species": 0.24902527579050723,
      "mean_abs_epsilon_precision_ECOLI": 0.3329019826810719,
      "mean_abs_epsilon_precision_HUMAN": 0.2014141908155749,
      "mean_abs_epsilon_precision_YEAST": 0.2127596538748749,
      "CV_median": 0.21145175140189604,
      "CV_q75": 0.2913529050556549,
      "CV_q90": 0.41964795615891104,
      "CV_q95": 0.5178626229214889,
      "roc_auc": 0.9809006538757018,
      "roc_auc_directional": 0.976912710367968,
      "nr_prec": 24635,
      "nr_prec_HUMAN": 19425,
      "nr_prec_YEAST": 4743,
      "nr_prec_ECOLI": 467,
      "variance_epsilon_global": 0.09732987089029083
    },
    "5": {
      "median_abs_epsilon_global": 0.18216924781306787,
      "median_abs_epsilon_eq_species": 0.2138821336187231,
      "median_abs_epsilon_ECOLI": 0.2645116319622538,
      "median_abs_epsilon_HUMAN": 0.17554533838619868,
      "median_abs_epsilon_YEAST": 0.20158943050771683,
      "mean_abs_epsilon_global": 0.24528446310367166,
      "mean_abs_epsilon_eq_species": 0.30837820088661455,
      "mean_abs_epsilon_ECOLI": 0.4254179743676368,
      "mean_abs_epsilon_HUMAN": 0.2351066727064741,
      "mean_abs_epsilon_YEAST": 0.2646099555857328,
      "median_log2_empirical_ECOLI": -1.763830595315465,
      "median_log2_empirical_HUMAN": 0.079287898290616,
      "median_log2_empirical_YEAST": 1.1031310399471828,
      "median_abs_epsilon_precision_global": 0.1644348757955889,
      "median_abs_epsilon_precision_eq_species": 0.18602043215720224,
      "median_abs_epsilon_precision_ECOLI": 0.22329860096545673,
      "median_abs_epsilon_precision_HUMAN": 0.16116628189697124,
      "median_abs_epsilon_precision_YEAST": 0.17359641360917877,
      "mean_log2_empirical_ECOLI": -1.6816702525893317,
      "mean_log2_empirical_HUMAN": 0.06369537142886675,
      "mean_log2_empirical_YEAST": 1.0645827643154662,
      "mean_abs_epsilon_precision_global": 0.23379628031907207,
      "mean_abs_epsilon_precision_eq_species": 0.280357214386029,
      "mean_abs_epsilon_precision_ECOLI": 0.36403369099791655,
      "mean_abs_epsilon_precision_HUMAN": 0.22546860598880744,
      "mean_abs_epsilon_precision_YEAST": 0.25156934617136306,
      "CV_median": 0.21347419488626157,
      "CV_q75": 0.3019236197200892,
      "CV_q90": 0.43860089261777174,
      "CV_q95": 0.5419412322157247,
      "roc_auc": 0.9698450497998405,
      "roc_auc_directional": 0.9746385332827519,
      "nr_prec": 31854,
      "nr_prec_HUMAN": 24806,
      "nr_prec_YEAST": 6325,
      "nr_prec_ECOLI": 723,
      "variance_epsilon_global": 0.12883994002982743
    },
    "4": {
      "median_abs_epsilon_global": 0.19408670108446557,
      "median_abs_epsilon_eq_species": 0.24488505721509254,
      "median_abs_epsilon_ECOLI": 0.3304004309316859,
      "median_abs_epsilon_HUMAN": 0.1861509437675739,
      "median_abs_epsilon_YEAST": 0.21810379694601778,
      "mean_abs_epsilon_global": 0.2740570106793871,
      "mean_abs_epsilon_eq_species": 0.36004938737336256,
      "mean_abs_epsilon_ECOLI": 0.5213222765763463,
      "mean_abs_epsilon_HUMAN": 0.25825403304604727,
      "mean_abs_epsilon_YEAST": 0.30057185249769414,
      "median_log2_empirical_ECOLI": -1.7250414337272204,
      "median_log2_empirical_HUMAN": 0.07951184052815741,
      "median_log2_empirical_YEAST": 1.086124844991815,
      "median_abs_epsilon_precision_global": 0.1781629751693048,
      "median_abs_epsilon_precision_eq_species": 0.21315366997531152,
      "median_abs_epsilon_precision_ECOLI": 0.2727508189483814,
      "median_abs_epsilon_precision_HUMAN": 0.17162757857465039,
      "median_abs_epsilon_precision_YEAST": 0.1950826124029028,
      "mean_log2_empirical_ECOLI": -1.6113340948059574,
      "mean_log2_empirical_HUMAN": 0.06378249180838821,
      "mean_log2_empirical_YEAST": 1.041246150664628,
      "mean_abs_epsilon_precision_global": 0.2635929504634497,
      "mean_abs_epsilon_precision_eq_species": 0.3303879884760896,
      "mean_abs_epsilon_precision_ECOLI": 0.4483628304388512,
      "mean_abs_epsilon_precision_HUMAN": 0.24901783827659926,
      "mean_abs_epsilon_precision_YEAST": 0.29378329671281816,
      "CV_median": 0.2146044962839796,
      "CV_q75": 0.3077867437309948,
      "CV_q90": 0.4508571272482582,
      "CV_q95": 0.5564638931964896,
      "roc_auc": 0.9527599990494932,
      "roc_auc_directional": 0.9631231816730372,
      "nr_prec": 37776,
      "nr_prec_HUMAN": 29016,
      "nr_prec_YEAST": 7735,
      "nr_prec_ECOLI": 1025,
      "variance_epsilon_global": 0.17122641638633324
    },
    "3": {
      "median_abs_epsilon_global": 0.20352113314731923,
      "median_abs_epsilon_eq_species": 0.25814364375715354,
      "median_abs_epsilon_ECOLI": 0.35450937264061544,
      "median_abs_epsilon_HUMAN": 0.1947368480118037,
      "median_abs_epsilon_YEAST": 0.22518471061904144,
      "mean_abs_epsilon_global": 0.2942924920976436,
      "mean_abs_epsilon_eq_species": 0.3818522487633546,
      "mean_abs_epsilon_ECOLI": 0.547082894270388,
      "mean_abs_epsilon_HUMAN": 0.2787222134426255,
      "mean_abs_epsilon_YEAST": 0.3197516385770503,
      "median_log2_empirical_ECOLI": -1.7102658006415368,
      "median_log2_empirical_HUMAN": 0.07953823034479868,
      "median_log2_empirical_YEAST": 1.077197296062602,
      "median_abs_epsilon_precision_global": 0.18751018741247982,
      "median_abs_epsilon_precision_eq_species": 0.2245091011506594,
      "median_abs_epsilon_precision_ECOLI": 0.2874185207129649,
      "median_abs_epsilon_precision_HUMAN": 0.18097696925882012,
      "median_abs_epsilon_precision_YEAST": 0.20513181348019316,
      "mean_log2_empirical_ECOLI": -1.5919349196494195,
      "mean_log2_empirical_HUMAN": 0.06189466905662598,
      "mean_log2_empirical_YEAST": 1.0297212573242516,
      "mean_abs_epsilon_precision_global": 0.2844921702942628,
      "mean_abs_epsilon_precision_eq_species": 0.3508663451019857,
      "mean_abs_epsilon_precision_ECOLI": 0.4674309030293602,
      "mean_abs_epsilon_precision_HUMAN": 0.2700003332232861,