{
  "old_new": "new",
  "id": "FragPipe_20260309_104621",
  "software_name": "FragPipe",
  "software_version": "23.0",
  "search_engine": "MSFragger",
  "search_engine_version": "4.2",
  "ident_fdr_psm": 0.01,
  "ident_fdr_peptide": "",
  "ident_fdr_protein": 0.01,
  "enable_match_between_runs": true,
  "precursor_mass_tolerance": "[-20 ppm, 20 ppm]",
  "fragment_mass_tolerance": "[-20 ppm, 20 ppm]",
  "enzyme": "Trypsin/P",
  "allowed_miscleavages": 2,
  "min_peptide_length": 7,
  "max_peptide_length": 50,
  "is_temporary": false,
  "intermediate_hash": "2dcdab62ba079fad17f2f4ed46e9f3d148a960ff",
  "results": {
    "6": {
      "median_abs_epsilon_global": 0.15191496223471646,
      "median_abs_epsilon_eq_species": 0.166854087457556,
      "median_abs_epsilon_ECOLI": 0.1928588487262637,
      "median_abs_epsilon_HUMAN": 0.14887148872029954,
      "median_abs_epsilon_YEAST": 0.15883192492610476,
      "mean_abs_epsilon_global": 0.222519865188487,
      "mean_abs_epsilon_eq_species": 0.2567855897831599,
      "mean_abs_epsilon_ECOLI": 0.3216358231562393,
      "mean_abs_epsilon_HUMAN": 0.21812666301816544,
      "mean_abs_epsilon_YEAST": 0.23059428317507505,
      "median_log2_empirical_ECOLI": -1.9055815093500854,
      "median_log2_empirical_HUMAN": -0.04779197187707496,
      "median_log2_empirical_YEAST": 0.9855296939617944,
      "median_abs_epsilon_precision_global": 0.1543336725377209,
      "median_abs_epsilon_precision_eq_species": 0.16614471814287354,
      "median_abs_epsilon_precision_ECOLI": 0.18362533961450644,
      "median_abs_epsilon_precision_HUMAN": 0.1518679345053684,
      "median_abs_epsilon_precision_YEAST": 0.16294088030874576,
      "mean_log2_empirical_ECOLI": -1.8354692007529707,
      "mean_log2_empirical_HUMAN": -0.08334419195383211,
      "mean_log2_empirical_YEAST": 0.9319319096636078,
      "mean_abs_epsilon_precision_global": 0.22155471482887712,
      "mean_abs_epsilon_precision_eq_species": 0.25563908349516395,
      "mean_abs_epsilon_precision_ECOLI": 0.3160276829377464,
      "mean_abs_epsilon_precision_HUMAN": 0.2159831723681392,
      "mean_abs_epsilon_precision_YEAST": 0.2349063951796063,
      "CV_median": 0.14706095470392622,
      "CV_q75": 0.2605416063790603,
      "CV_q90": 0.3965914552464574,
      "CV_q95": 0.5004312242338772,
      "roc_auc": 0.9592003247046255,
      "roc_auc_directional": 0.9778358177204913,
      "nr_prec": 30289,
      "nr_prec_HUMAN": 23866,
      "nr_prec_YEAST": 5841,
      "nr_prec_ECOLI": 582,
      "variance_epsilon_global": 0.10621010156040821
    },
    "5": {
      "median_abs_epsilon_global": 0.16886289211058703,
      "median_abs_epsilon_eq_species": 0.1889932974333964,
      "median_abs_epsilon_ECOLI": 0.2256616319218665,
      "median_abs_epsilon_HUMAN": 0.16542550049980775,
      "median_abs_epsilon_YEAST": 0.17589275987851494,
      "mean_abs_epsilon_global": 0.2533725160769887,
      "mean_abs_epsilon_eq_species": 0.30487720757300657,
      "mean_abs_epsilon_ECOLI": 0.39927427386044784,
      "mean_abs_epsilon_HUMAN": 0.24512033150581952,
      "mean_abs_epsilon_YEAST": 0.27023701735275224,
      "median_log2_empirical_ECOLI": -1.8727044204561132,
      "median_log2_empirical_HUMAN": -0.05425550975705207,
      "median_log2_empirical_YEAST": 0.9666956001391078,
      "median_abs_epsilon_precision_global": 0.17053182644424858,
      "median_abs_epsilon_precision_eq_species": 0.1899615556877503,
      "median_abs_epsilon_precision_ECOLI": 0.220974226467467,
      "median_abs_epsilon_precision_HUMAN": 0.16635521969398326,
      "median_abs_epsilon_precision_YEAST": 0.18255522090180065,
      "mean_log2_empirical_ECOLI": -1.7731922641914304,
      "mean_log2_empirical_HUMAN": -0.08963073705167893,
      "mean_log2_empirical_YEAST": 0.8999234383173534,
      "mean_abs_epsilon_precision_global": 0.2517405500139852,
      "mean_abs_epsilon_precision_eq_species": 0.3032073086509041,
      "mean_abs_epsilon_precision_ECOLI": 0.3933062108724423,
      "mean_abs_epsilon_precision_HUMAN": 0.24223246120597602,
      "mean_abs_epsilon_precision_YEAST": 0.27408325387429394,
      "CV_median": 0.15168464867627235,
      "CV_q75": 0.27293121637730766,
      "CV_q90": 0.4229083073463329,
      "CV_q95": 0.5419499075289839,
      "roc_auc": 0.939037415478122,
      "roc_auc_directional": 0.9657936547844452,
      "nr_prec": 42154,
      "nr_prec_HUMAN": 32969,
      "nr_prec_YEAST": 8277,
      "nr_prec_ECOLI": 908,
      "variance_epsilon_global": 0.14140321432556713
    },
    "4": {
      "median_abs_epsilon_global": 0.1860675179275404,
      "median_abs_epsilon_eq_species": 0.22036591412925333,
      "median_abs_epsilon_ECOLI": 0.281899987204266,
      "median_abs_epsilon_HUMAN": 0.18055915375553866,
      "median_abs_epsilon_YEAST": 0.1986386014279553,
      "mean_abs_epsilon_global": 0.28989804436049726,
      "mean_abs_epsilon_eq_species": 0.3669190288988449,
      "mean_abs_epsilon_ECOLI": 0.5067006922328955,
      "mean_abs_epsilon_HUMAN": 0.27521303010198045,
      "mean_abs_epsilon_YEAST": 0.3188433643616589,
      "median_log2_empirical_ECOLI": -1.8502224157756828,
      "median_log2_empirical_HUMAN": -0.056270855656856966,
      "median_log2_empirical_YEAST": 0.9435873854788888,
      "median_abs_epsilon_precision_global": 0.18730274310516926,
      "median_abs_epsilon_precision_eq_species": 0.21908986223077656,
      "median_abs_epsilon_precision_ECOLI": 0.27135412693589345,
      "median_abs_epsilon_precision_HUMAN": 0.18018489254617975,
      "median_abs_epsilon_precision_YEAST": 0.2057305672102565,
      "mean_log2_empirical_ECOLI": -1.7047711475297023,
      "mean_log2_empirical_HUMAN": -0.09109708330697684,
      "mean_log2_empirical_YEAST": 0.871016685969006,
      "mean_abs_epsilon_precision_global": 0.2879135389466811,
      "mean_abs_epsilon_precision_eq_species": 0.36463686791936106,
      "mean_abs_epsilon_precision_ECOLI": 0.5003474828926615,
      "mean_abs_epsilon_precision_HUMAN": 0.2721947095430742,
      "mean_abs_epsilon_precision_YEAST": 0.32136841132234767,
      "CV_median": 0.15398504215865808,
      "CV_q75": 0.28038256714406196,
      "CV_q90": 0.4395543248866307,
      "CV_q95": 0.568255746814422,
      "roc_auc": 0.9139547741469937,
      "roc_auc_directional": 0.9456616766072019,
      "nr_prec": 52349,
      "nr_prec_HUMAN": 40456,
      "nr_prec_YEAST": 10563,
      "nr_prec_ECOLI": 1330,
      "variance_epsilon_global": 0.1939932001280015
    },
    "3": {
      "median_abs_epsilon_global": 0.2002352279536126,
      "median_abs_epsilon_eq_species": 0.23877353794689662,
      "median_abs_epsilon_ECOLI": 0.3059585747429985,
      "median_abs_epsilon_HUMAN": 0.1937203431540624,
      "median_abs_epsilon_YEAST": 0.21664169594362903,
      "mean_abs_epsilon_global": 0.3229330025230436,
      "mean_abs_epsilon_eq_species": 0.41140571593802994,
      "mean_abs_epsilon_ECOLI": 0.5685337980465801,
      "mean_abs_epsilon_HUMAN": 0.3056963620241341,
      "mean_abs_epsilon_YEAST": 0.3599869877433755,
      "median_log2_empirical_ECOLI": -1.8277492498161436,
      "median_log2_empirical_HUMAN": -0.054940569592492494,
      "median_log2_empirical_YEAST": 0.9320120937484795,
      "median_abs_epsilon_precision_global": 0.20081480563326437,
      "median_abs_epsilon_precision_eq_species": 0.24282472163678884,
      "median_abs_epsilon_precision_ECOLI": 0.3133609093565788,
      "median_abs_epsilon_precision_HUMAN": 0.19269095204744247,
      "median_abs_epsilon_precision_YEAST": 0.2224223035063453,
      "mean_log2_empirical_ECOLI": -1.6579685088794454,
      "mean_log2_empirical_HUMAN": -0.09036253469098492,
      "mean_log2_empirical_YEAST": 0.8517320619705915,
      "mean_abs_epsilon_precision_global": 0.3210658501829092,
      "mean_abs_epsilon_precision_eq_species": 0.4088168632775064,
      "mean_abs_epsilon_precision_ECOLI": 0.5618700178485584,
      "mean_abs_epsilon_precision_HUMAN": 0.3031233952995408,