{
  "old_new": "new",
  "id": "MaxQuant_20250610_105213",
  "software_name": "MaxQuant",
  "software_version": "2.1.4.0",
  "search_engine": "Andromeda",
  "search_engine_version": "nan",
  "ident_fdr_psm": "0.01",
  "ident_fdr_peptide": null,
  "ident_fdr_protein": "0.01",
  "enable_match_between_runs": false,
  "precursor_mass_tolerance": "[-4.5 ppm, 4.5 ppm]",
  "fragment_mass_tolerance": "[-20 ppm, 20 ppm]",
  "enzyme": "Trypsin/P",
  "allowed_miscleavages": "1",
  "min_peptide_length": "7",
  "max_peptide_length": null,
  "is_temporary": false,
  "intermediate_hash": "36b7b01b380f641722b3b34633bb53d72348eb80",
  "results": {
    "6": {
      "median_abs_epsilon": 0.15752622038719366,
      "mean_abs_epsilon": 0.19982400851360596,
      "variance_epsilon": 0.08317153289539835,
      "nr_prec": 13765,
      "CV_median": 0.2043704657559407,
      "CV_q90": 0.395301407328011,
      "CV_q75": 0.279624046121755,
      "CV_q95": 0.49114231992428775
    },
    "5": {
      "median_abs_epsilon": 0.16854417966442625,
      "mean_abs_epsilon": 0.21713101783276695,
      "variance_epsilon": 0.09830130462961177,
      "nr_prec": 19962,
      "CV_median": 0.204028587224581,
      "CV_q90": 0.40722190319795054,
      "CV_q75": 0.28517291907953846,
      "CV_q95": 0.5030699452024965
    },
    "4": {
      "median_abs_epsilon": 0.18133968547412493,
      "mean_abs_epsilon": 0.23989740419500835,
      "variance_epsilon": 0.11929803033649247,
      "nr_prec": 25485,
      "CV_median": 0.2034661667314002,
      "CV_q90": 0.4107940810981565,
      "CV_q75": 0.28807033066104387,
      "CV_q95": 0.5067694852076834
    },
    "3": {
      "median_abs_epsilon": 0.19286874330230575,
      "mean_abs_epsilon": 0.26000483314347445,
      "variance_epsilon": 0.138833442796579,
      "nr_prec": 32032,
      "CV_median": 0.20355780748529279,
      "CV_q90": 0.41514422143665564,
      "CV_q75": 0.2910021849313565,
      "CV_q95": 0.5108435370949411
    },
    "2": {
      "median_abs_epsilon": 0.19979807377848502,
      "mean_abs_epsilon": 0.274604935551287,
      "variance_epsilon": 0.16008720938131862,
      "nr_prec": 39532,
      "CV_median": 0.20258512800237044,
      "CV_q90": 0.41649163597622807,
      "CV_q75": 0.29187198067372444,
      "CV_q95": 0.512343824343596
    },
    "1": {
      "median_abs_epsilon": 0.19979807377848502,
      "mean_abs_epsilon": 0.274604935551287,
      "variance_epsilon": 0.1600872093813186,
      "nr_prec": 50338,
      "CV_median": 0.20258512800237044,
      "CV_q90": 0.41649163597622807,
      "CV_q75": 0.29187198067372444,
      "CV_q95": 0.512343824343596
    }
  },
  "median_abs_epsilon": 0.19286874330230575,
  "mean_abs_epsilon": 0.26000483314347445,
  "nr_prec": 32032,
  "comments": "",
  "proteobench_version": "0.8.22",
  "color": "#377eb8",
  "hover_text": "ProteoBench ID: MaxQuant_20250610_105213<br>Software tool: MaxQuant <br>Comment (private submission): ...",
  "scatter_size": 20,
  "fixed_mods": "Carbamidomethyl (C)",
  "variable_mods": "Oxidation (M),Acetyl (Protein N-term)",
  "max_mods": "5",
  "min_precursor_charge": null,
  "max_precursor_charge": "7",
  "quantification_method": "nan",
  "protein_inference": "nan",
  "abundance_normalization_ions": "nan",
  "submission_comments": "\n\n ### No parameter changes detected. \n\n\nDataset URL: https://proteobench.cubimed.rub.de/datasets/36b7b01b380f641722b3b34633bb53d72348eb80/"
}