{
  "old_new": "new",
  "id": "MaxQuant_20250610_105213",
  "software_name": "MaxQuant",
  "software_version": "2.1.4.0",
  "search_engine": "Andromeda",
  "search_engine_version": NaN,
  "ident_fdr_psm": 0.01,
  "ident_fdr_peptide": NaN,
  "ident_fdr_protein": 0.01,
  "enable_match_between_runs": false,
  "precursor_mass_tolerance": "[-4.5 ppm, 4.5 ppm]",
  "fragment_mass_tolerance": "[-20 ppm, 20 ppm]",
  "enzyme": "Trypsin/P",
  "allowed_miscleavages": 1,
  "min_peptide_length": 7,
  "max_peptide_length": NaN,
  "is_temporary": false,
  "intermediate_hash": "36b7b01b380f641722b3b34633bb53d72348eb80",
  "results": {
    "6": {
      "median_abs_epsilon_global": 0.15694686126809643,
      "median_abs_epsilon_eq_species": 0.16958778599193813,
      "median_abs_epsilon_ECOLI": 0.17776027995831356,
      "median_abs_epsilon_HUMAN": 0.15163701416618203,
      "median_abs_epsilon_YEAST": 0.1793660638513188,
      "mean_abs_epsilon_global": 0.1983637724034907,
      "mean_abs_epsilon_eq_species": 0.22777018389572423,
      "mean_abs_epsilon_ECOLI": 0.27305907391840084,
      "mean_abs_epsilon_HUMAN": 0.19228232888890845,
      "mean_abs_epsilon_YEAST": 0.21796914887986346,
      "median_log2_empirical_ECOLI": -1.8688248992516119,
      "median_log2_empirical_HUMAN": 0.05992006467373123,
      "median_log2_empirical_YEAST": 1.1275579663756758,
      "median_abs_epsilon_precision_global": 0.1418128693659142,
      "median_abs_epsilon_precision_eq_species": 0.14918652829474807,
      "median_abs_epsilon_precision_ECOLI": 0.1669111532494334,
      "median_abs_epsilon_precision_HUMAN": 0.1421755634463988,
      "median_abs_epsilon_precision_YEAST": 0.13847286818841198,
      "mean_log2_empirical_ECOLI": -1.7958377566987784,
      "mean_log2_empirical_HUMAN": 0.0438121834937542,
      "mean_log2_empirical_YEAST": 1.09830050755772,
      "mean_abs_epsilon_precision_global": 0.18824544361862242,
      "mean_abs_epsilon_precision_eq_species": 0.210398186047933,
      "mean_abs_epsilon_precision_ECOLI": 0.2533949676853831,
      "mean_abs_epsilon_precision_HUMAN": 0.18622556545521604,
      "mean_abs_epsilon_precision_YEAST": 0.19157402500319987,
      "CV_median": 0.20407764563475858,
      "CV_q75": 0.2786259896951689,
      "CV_q90": 0.3915262661906662,
      "CV_q95": 0.48785290756333677,
      "variance_epsilon_global": 0.08108885372308144,
      "nr_feature": 13496,
      "roc_auc": 0.9879137424551329
    },
    "5": {
      "median_abs_epsilon_global": 0.16818736169160964,
      "median_abs_epsilon_eq_species": 0.18998150636521713,
      "median_abs_epsilon_ECOLI": 0.2180830058848997,
      "median_abs_epsilon_HUMAN": 0.1627289603682005,
      "median_abs_epsilon_YEAST": 0.18913255284255115,
      "mean_abs_epsilon_global": 0.21640526527626644,
      "mean_abs_epsilon_eq_species": 0.24599499684309434,
      "mean_abs_epsilon_ECOLI": 0.2921689490504748,
      "mean_abs_epsilon_HUMAN": 0.20999105986347472,
      "mean_abs_epsilon_YEAST": 0.23582498161533347,
      "median_log2_empirical_ECOLI": -1.8266320710216242,
      "median_log2_empirical_HUMAN": 0.06259894619238615,
      "median_log2_empirical_YEAST": 1.1116114392906695,
      "median_abs_epsilon_precision_global": 0.1538304033686373,
      "median_abs_epsilon_precision_eq_species": 0.16261381223012764,
      "median_abs_epsilon_precision_ECOLI": 0.17867459230081906,
      "median_abs_epsilon_precision_HUMAN": 0.15267017497496305,
      "median_abs_epsilon_precision_YEAST": 0.15649666941460083,
      "mean_log2_empirical_ECOLI": -1.7880556261537701,
      "mean_log2_empirical_HUMAN": 0.04801999955258827,
      "mean_log2_empirical_YEAST": 1.0751126330433876,
      "mean_abs_epsilon_precision_global": 0.20740699772608118,
      "mean_abs_epsilon_precision_eq_species": 0.22533594019896727,
      "mean_abs_epsilon_precision_ECOLI": 0.25362628438626406,
      "mean_abs_epsilon_precision_HUMAN": 0.20361175285784575,
      "mean_abs_epsilon_precision_YEAST": 0.2187697833527919,
      "CV_median": 0.20373337728061647,
      "CV_q75": 0.28412625538585146,
      "CV_q90": 0.40417033590718465,
      "CV_q95": 0.5001545009941251,
      "variance_epsilon_global": 0.09726275238009223,
      "nr_feature": 19658,
      "roc_auc": 0.9835439660719824
    },
    "4": {
      "median_abs_epsilon_global": 0.181160358636685,
      "median_abs_epsilon_eq_species": 0.20693187595376847,
      "median_abs_epsilon_ECOLI": 0.24526901751058006,
      "median_abs_epsilon_HUMAN": 0.17560976701436104,
      "median_abs_epsilon_YEAST": 0.19991684333636428,
      "mean_abs_epsilon_global": 0.23967980470959943,
      "mean_abs_epsilon_eq_species": 0.28418369166511526,
      "mean_abs_epsilon_ECOLI": 0.36002465613463414,
      "mean_abs_epsilon_HUMAN": 0.23109151188466323,
      "mean_abs_epsilon_YEAST": 0.2614349069760484,
      "median_log2_empirical_ECOLI": -1.7850828331422726,
      "median_log2_empirical_HUMAN": 0.06553779536753268,
      "median_log2_empirical_YEAST": 1.0905817651533205,
      "median_abs_epsilon_precision_global": 0.16854796871226085,
      "median_abs_epsilon_precision_eq_species": 0.1829080996452562,
      "median_abs_epsilon_precision_ECOLI": 0.20572212203606455,
      "median_abs_epsilon_precision_HUMAN": 0.16555812703203543,
      "median_abs_epsilon_precision_YEAST": 0.1774440498676686,
      "mean_log2_empirical_ECOLI": -1.7286390780011898,
      "mean_log2_empirical_HUMAN": 0.05386049526565627,
      "mean_log2_empirical_YEAST": 1.0489874866644726,
      "mean_abs_epsilon_precision_global": 0.23165759204143008,
      "mean_abs_epsilon_precision_eq_species": 0.26173667059365385,
      "mean_abs_epsilon_precision_ECOLI": 0.3082383947648553,
      "mean_abs_epsilon_precision_HUMAN": 0.22442665379212545,
      "mean_abs_epsilon_precision_YEAST": 0.25254496322398073,
      "CV_median": 0.2032555580080294,
      "CV_q75": 0.28740360632805584,
      "CV_q90": 0.4087821868680487,
      "CV_q95": 0.503517753972454,
      "variance_epsilon_global": 0.11904584986967795,
      "nr_feature": 25148,
      "roc_auc": 0.971863336966527
    },
    "3": {
      "median_abs_epsilon_global": 0.19283371751830103,
      "median_abs_epsilon_eq_species": 0.2192909325289989,
      "median_abs_epsilon_ECOLI": 0.258121098769557,
      "median_abs_epsilon_HUMAN": 0.187946317794788,
      "median_abs_epsilon_YEAST": 0.21180538102265167,
      "mean_abs_epsilon_global": 0.25985752979349525,
      "mean_abs_epsilon_eq_species": 0.3065384456634659,
      "mean_abs_epsilon_ECOLI": 0.3876480435660748,
      "mean_abs_epsilon_HUMAN": 0.25178443564634184,
      "mean_abs_epsilon_YEAST": 0.2801828577779811,
      "median_log2_empirical_ECOLI": -1.7701934862253736,
      "median_log2_empirical_HUMAN": 0.0686190303923091,
      "median_log2_empirical_YEAST": 1.0811032801898008,
      "median_abs_epsilon_precision_global": 0.18111818969549986,
      "median_abs_epsilon_precision_eq_species": 0.19486647707657193,
      "median_abs_epsilon_precision_ECOLI": 0.21747365821896736,
      "median_abs_epsilon_precision_HUMAN": 0.1781449803552526,
      "median_abs_epsilon_precision_YEAST": 0.18898079265549583,
      "mean_log2_empirical_ECOLI": -1.6959055349451893,
      "mean_log2_empirical_HUMAN": 0.05928102970181741,
      "mean_log2_empirical_YEAST": 1.0400459254035317,
      "mean_abs_epsilon_precision_global": 0.2519943225405003,
      "mean_abs_epsilon_precision_eq_species": 0.2831508281663841,
      "mean_abs_epsilon_precision_ECOLI": 0.3310382915025042,
      "mean_abs_epsilon_precision_HUMAN": 0.2448077005792008,
      "mean_abs_epsilon_precision_YEAST": 0.2736064924174472,
      "CV_median": 0.20325169000141788,
      "CV_q75": 0.29025358236358667,
      "CV_q90": 0.4131479155797464,
      "CV_q95": 0.5083238847749337,
      "variance_epsilon_global": 0.13767311762901951,
      "nr_feature": 31677,
      "roc_auc": 0.9614518395390445
    },
    "2": {
      "median_abs_epsilon_global": 0.19978638906275492,