{
  "id": "FragPipe_20250523_091503",
  "old_new": "new",
  "software_name": "FragPipe",
  "software_version": "FragPipe (22.1-build02) runtime properties",
  "search_engine": "MSFragger",
  "search_engine_version": null,
  "ident_fdr_psm": "0.01",
  "ident_fdr_peptide": "0.01",
  "ident_fdr_protein": "0.01",
  "enable_match_between_runs": true,
  "precursor_mass_tolerance": "[-20 ppm, 20 ppm]",
  "fragment_mass_tolerance": "[-20 ppm, 20 ppm]",
  "enzyme": "Trypsin/P",
  "allowed_miscleavages": "2",
  "min_peptide_length": "7",
  "max_peptide_length": "50",
  "is_temporary": false,
  "intermediate_hash": "36e71df3192f3c948a250ed55ae2ca492aaf736b",
  "results": {
    "6": {
      "median_abs_epsilon": 0.18493715778475384,
      "mean_abs_epsilon": 0.3048396299055882,
      "variance_epsilon": 0.23194316786950686,
      "nr_prec": 16850,
      "CV_median": 0.16017186309297138,
      "CV_q90": 0.46611736556913047,
      "CV_q75": 0.2927873214213061,
      "CV_q95": 0.623819717767381
    },
    "5": {
      "median_abs_epsilon": 0.20812038907255825,
      "mean_abs_epsilon": 0.3545450482030228,
      "variance_epsilon": 0.32960628165037725,
      "nr_prec": 23757,
      "CV_median": 0.1664436424252499,
      "CV_q90": 0.5160518613066118,
      "CV_q75": 0.31061381576250435,
      "CV_q95": 0.7062093499822076
    },
    "4": {
      "median_abs_epsilon": 0.23435441885625607,
      "mean_abs_epsilon": 0.4179238223508252,
      "variance_epsilon": 0.4755792269313968,
      "nr_prec": 29821,
      "CV_median": 0.17205860354934277,
      "CV_q90": 0.5628630722657916,
      "CV_q75": 0.32680941702122923,
      "CV_q95": 0.7771557118459882
    },
    "3": {
      "median_abs_epsilon": 0.2582565881569572,
      "mean_abs_epsilon": 0.4748402974367952,
      "variance_epsilon": 0.6155780969821713,
      "nr_prec": 36719,
      "CV_median": 0.17560475254967323,
      "CV_q90": 0.5949070309119409,
      "CV_q75": 0.3377128939264073,
      "CV_q95": 0.817458086912819
    },
    "2": {
      "median_abs_epsilon": 0.27440339583386475,
      "mean_abs_epsilon": 0.5218371423884909,
      "variance_epsilon": 0.754025660731381,
      "nr_prec": 44408,
      "CV_median": 0.17844614113179008,
      "CV_q90": 0.6186415973995913,
      "CV_q75": 0.3461564838852101,
      "CV_q95": 0.8428645484727042
    },
    "1": {
      "median_abs_epsilon": 0.27440339583386475,
      "mean_abs_epsilon": 0.5218371423884908,
      "variance_epsilon": 0.754025660731381,
      "nr_prec": 54902,
      "CV_median": 0.17844614113179008,
      "CV_q90": 0.6186415973995913,
      "CV_q75": 0.3461564838852101,
      "CV_q95": 0.8428645484727042
    }
  },
  "median_abs_epsilon": 0.2582565881569572,
  "nr_prec": 36719,
  "comments": "",
  "fixed_mods": "0.0,C-Term Peptide,true,-1; 0.0,N-Term Peptide,true,-1; 0.0,C-Term Protein,true,-1; 0.0,N-Term Protein,true,-1; 0.0,G (glycine),true,-1; 0.0,A (alanine),true,-1; 0.0,S (serine),true,-1; 0.0,P (proline),true,-1; 0.0,V (valine),true,-1; 0.0,T (threonine),true,-1; 57.02146,C (cysteine),true,-1; 0.0,L (leucine),true,-1; 0.0,I (isoleucine),true,-1; 0.0,N (asparagine),true,-1; 0.0,D (aspartic acid),true,-1; 0.0,Q (glutamine),true,-1; 0.0,K (lysine),true,-1; 0.0,E (glutamic acid),true,-1; 0.0,M (methionine),true,-1; 0.0,H (histidine),true,-1; 0.0,F (phenylalanine),true,-1; 0.0,R (arginine),true,-1; 0.0,Y (tyrosine),true,-1; 0.0,W (tryptophan),true,-1; 0.0,B ,true,-1; 0.0,J,true,-1; 0.0,O,true,-1; 0.0,U,true,-1; 0.0,X,true,-1; 0.0,Z,true,-1",
  "variable_mods": "15.9949,M,true,3; 42.0106,[^,true,1; 79.96633,STY,false,3; -17.0265,nQnC,false,1; -18.0106,nE,false,1; 4.025107,K,false,2; 6.020129,R,false,2; 8.014199,K,false,2; 10.008269,R,false,2; 0.0,site_10,false,1; 0.0,site_11,false,1; 0.0,site_12,false,1; 0.0,site_13,false,1; 0.0,site_14,false,1; 0.0,site_15,false,1; 0.0,site_16,false,1",
  "max_mods": "3",
  "min_precursor_charge": "1",
  "max_precursor_charge": null,
  "submission_comments": "I used the same workflow file as from dataset FragPipe_20250227_120758.\n\n ### Parameter changes detected:\n- **ident_fdr_peptide**: `1` \u2192 `0.01`\n- **ident_fdr_protein**: `1` \u2192 `0.01`\n\nDataset URL: https://proteobench.cubimed.rub.de/datasets/36e71df3192f3c948a250ed55ae2ca492aaf736b/",
  "proteobench_version": "0.8.13",
  "minPeptideLength": NaN,
  "color": "#ff7f00",
  "hover_text": "ProteoBench ID: FragPipe_20250523_091503<br>Software tool: FragPipe <br>Comment (private submission): ...",
  "scatter_size": 20,
  "scan_window": NaN,
  "quantification_method_DIANN": NaN,
  "second_pass": NaN,
  "protein_inference": "ProteinProphet: --maxppmdiff 2000000",
  "predictors_library": NaN,
  "quantification_method": "nan",
  "mean_abs_epsilon": 0.4748402974367952,
  "abundance_normalization_ions": "1"
}