{
  "old_new": "new",
  "id": "FragPipe_20250605_125823",
  "software_name": "FragPipe",
  "software_version": "22.0",
  "search_engine": "MSFragger",
  "search_engine_version": null,
  "ident_fdr_psm": 0.01,
  "ident_fdr_peptide": 0.01,
  "ident_fdr_protein": 0.01,
  "enable_match_between_runs": true,
  "precursor_mass_tolerance": "[-20 ppm, 20 ppm]",
  "fragment_mass_tolerance": "[-20 ppm, 20 ppm]",
  "enzyme": "Trypsin/P",
  "allowed_miscleavages": 2,
  "min_peptide_length": 7,
  "max_peptide_length": 50,
  "is_temporary": false,
  "intermediate_hash": "3bd27fcfd7013d81b578e850035874af14b1cc26",
  "results": {
    "6": {
      "median_abs_epsilon_global": 0.193177870457653,
      "median_abs_epsilon_eq_species": 0.23294280454445193,
      "median_abs_epsilon_ECOLI": 0.30300978997289896,
      "median_abs_epsilon_HUMAN": 0.18662972889130103,
      "median_abs_epsilon_YEAST": 0.2091888947691558,
      "mean_abs_epsilon_global": 0.30914997506725334,
      "mean_abs_epsilon_eq_species": 0.3614477231551316,
      "mean_abs_epsilon_ECOLI": 0.47027715831682265,
      "mean_abs_epsilon_HUMAN": 0.3057511803157667,
      "mean_abs_epsilon_YEAST": 0.3083148308328053,
      "median_log2_empirical_ECOLI": -2.1572525141003567,
      "median_log2_empirical_HUMAN": -0.08241669614774239,
      "median_log2_empirical_YEAST": 1.0993920348409887,
      "median_abs_epsilon_precision_global": 0.18688830915733945,
      "median_abs_epsilon_precision_eq_species": 0.2091857453539827,
      "median_abs_epsilon_precision_ECOLI": 0.2527466190168486,
      "median_abs_epsilon_precision_HUMAN": 0.18457075937015688,
      "median_abs_epsilon_precision_YEAST": 0.19023985767494267,
      "mean_log2_empirical_ECOLI": -2.101084921654407,
      "mean_log2_empirical_HUMAN": -0.15628394311684105,
      "mean_log2_empirical_YEAST": 1.0632241404667189,
      "mean_abs_epsilon_precision_global": 0.30381177989837854,
      "mean_abs_epsilon_precision_eq_species": 0.34832204113829124,
      "mean_abs_epsilon_precision_ECOLI": 0.4456572206969036,
      "mean_abs_epsilon_precision_HUMAN": 0.30228517644587094,
      "mean_abs_epsilon_precision_YEAST": 0.2970237262720992,
      "CV_median": 0.1698124373745948,
      "CV_q75": 0.29964815272264317,
      "CV_q90": 0.4924669949867941,
      "CV_q95": 0.6508536009329962,
      "roc_auc": 0.9317605693064155,
      "roc_auc_directional": 0.9630286009891622,
      "nr_prec": 29534,
      "nr_prec_HUMAN": 23357,
      "nr_prec_YEAST": 5655,
      "nr_prec_ECOLI": 522,
      "variance_epsilon_global": 0.23535015459667508
    },
    "5": {
      "median_abs_epsilon_global": 0.2163198576865284,
      "median_abs_epsilon_eq_species": 0.26460627433133865,
      "median_abs_epsilon_ECOLI": 0.348864948161836,
      "median_abs_epsilon_HUMAN": 0.2078589001405824,
      "median_abs_epsilon_YEAST": 0.23709497469159757,
      "mean_abs_epsilon_global": 0.3511529595501806,
      "mean_abs_epsilon_eq_species": 0.417025886720416,
      "mean_abs_epsilon_ECOLI": 0.5427758965163383,
      "mean_abs_epsilon_HUMAN": 0.3425685479028612,
      "mean_abs_epsilon_YEAST": 0.3657332157420487,
      "median_log2_empirical_ECOLI": -2.1873221443647726,
      "median_log2_empirical_HUMAN": -0.08683394298565617,
      "median_log2_empirical_YEAST": 1.108096383566897,
      "median_abs_epsilon_precision_global": 0.2078985744301498,
      "median_abs_epsilon_precision_eq_species": 0.24476702936065267,
      "median_abs_epsilon_precision_ECOLI": 0.3108593668210542,
      "median_abs_epsilon_precision_HUMAN": 0.20370542465857255,
      "median_abs_epsilon_precision_YEAST": 0.2197362966023313,
      "mean_log2_empirical_ECOLI": -2.1341352242258935,
      "mean_log2_empirical_HUMAN": -0.16243236767751915,
      "mean_log2_empirical_YEAST": 1.0895239560403103,
      "mean_abs_epsilon_precision_global": 0.3448103201840589,
      "mean_abs_epsilon_precision_eq_species": 0.4002005867897598,
      "mean_abs_epsilon_precision_ECOLI": 0.5099312364233288,
      "mean_abs_epsilon_precision_HUMAN": 0.33878921982323573,
      "mean_abs_epsilon_precision_YEAST": 0.3518813041227148,
      "CV_median": 0.17842619778250532,
      "CV_q75": 0.32389845070000983,
      "CV_q90": 0.5413405949581602,
      "CV_q95": 0.7213634026007056,
      "roc_auc": 0.9150158328966541,
      "roc_auc_directional": 0.9572344664574921,
      "nr_prec": 37291,
      "nr_prec_HUMAN": 29219,
      "nr_prec_YEAST": 7320,
      "nr_prec_ECOLI": 752,
      "variance_epsilon_global": 0.2987436679331163
    },
    "4": {
      "median_abs_epsilon_global": 0.239213592651204,
      "median_abs_epsilon_eq_species": 0.29926417048312776,
      "median_abs_epsilon_ECOLI": 0.407098951095314,
      "median_abs_epsilon_HUMAN": 0.22751816714515272,
      "median_abs_epsilon_YEAST": 0.2631753932089165,
      "mean_abs_epsilon_global": 0.3973084841558788,
      "mean_abs_epsilon_eq_species": 0.4897366805016288,
      "mean_abs_epsilon_ECOLI": 0.6604382790536971,
      "mean_abs_epsilon_HUMAN": 0.38107339140059004,
      "mean_abs_epsilon_YEAST": 0.4276983710505992,
      "median_log2_empirical_ECOLI": -2.240617112322944,
      "median_log2_empirical_HUMAN": -0.08943126312944116,
      "median_log2_empirical_YEAST": 1.1174023858908022,
      "median_abs_epsilon_precision_global": 0.22908719465983474,
      "median_abs_epsilon_precision_eq_species": 0.2772045557102582,
      "median_abs_epsilon_precision_ECOLI": 0.3603754709681155,
      "median_abs_epsilon_precision_HUMAN": 0.22156997342520768,
      "median_abs_epsilon_precision_YEAST": 0.24966822273745137,
      "mean_log2_empirical_ECOLI": -2.23267602434249,
      "mean_log2_empirical_HUMAN": -0.16750865313682944,
      "mean_log2_empirical_YEAST": 1.1144974820645692,
      "mean_abs_epsilon_precision_global": 0.39032270949258957,
      "mean_abs_epsilon_precision_eq_species": 0.4686090054856737,
      "mean_abs_epsilon_precision_ECOLI": 0.6161959187051573,
      "mean_abs_epsilon_precision_HUMAN": 0.37750002936983096,
      "mean_abs_epsilon_precision_YEAST": 0.4121310683820327,
      "CV_median": 0.18375571220270404,
      "CV_q75": 0.33994372868609235,
      "CV_q90": 0.5766422683401666,
      "CV_q95": 0.7645893386733107,
      "roc_auc": 0.8986719350093516,
      "roc_auc_directional": 0.9505681755110971,
      "nr_prec": 44224,
      "nr_prec_HUMAN": 34231,
      "nr_prec_YEAST": 8910,
      "nr_prec_ECOLI": 1083,
      "variance_epsilon_global": 0.3883432717556636
    },
    "3": {
      "median_abs_epsilon_global": 0.25589827801813136,
      "median_abs_epsilon_eq_species": 0.3169671215960044,
      "median_abs_epsilon_ECOLI": 0.4236389829018137,
      "median_abs_epsilon_HUMAN": 0.24552393736513167,
      "median_abs_epsilon_YEAST": 0.2817384445210678,
      "mean_abs_epsilon_global": 0.4382957183402029,
      "mean_abs_epsilon_eq_species": 0.5285845871403733,
      "mean_abs_epsilon_ECOLI": 0.690362816586345,
      "mean_abs_epsilon_HUMAN": 0.42163234611332856,
      "mean_abs_epsilon_YEAST": 0.4737585987214463,
      "median_log2_empirical_ECOLI": -2.2340353763871583,
      "median_log2_empirical_HUMAN": -0.0890531723037924,
      "median_log2_empirical_YEAST": 1.1227981097123134,
      "median_abs_epsilon_precision_global": 0.24628181567970664,
      "median_abs_epsilon_precision_eq_species": 0.2959859878658235,
      "median_abs_epsilon_precision_ECOLI": 0.3787082612912034,
      "median_abs_epsilon_precision_HUMAN": 0.2376821879967821,
      "median_abs_epsilon_precision_YEAST": 0.2715675143094849,
      "mean_log2_empirical_ECOLI": -2.217580205233228,
      "mean_log2_empirical_HUMAN": -0.17073619777356058,
      "mean_log2_empirical_YEAST": 1.1284944395544445,
      "mean_abs_epsilon_precision_global": 0.4321825638299962,
      "mean_abs_epsilon_precision_eq_species": 0.5090830495785553,
      "mean_abs_epsilon_precision_ECOLI": 0.650470612139205,
      "mean_abs_epsilon_precision_HUMAN": 0.41908779861664763,
      "mean_abs_epsilon_precision_YEAST": 0.45769073797981313,