{
  "id": "FragPipe_20250227_120758",
  "old_new": "new",
  "software_name": "FragPipe",
  "software_version": "22.0",
  "search_engine": "MSFragger",
  "search_engine_version": "4.1",
  "ident_fdr_psm": "0.01",
  "ident_fdr_peptide": "1",
  "ident_fdr_protein": "1",
  "enable_match_between_runs": true,
  "precursor_mass_tolerance": "[-20 ppm, 20 ppm]",
  "fragment_mass_tolerance": "[-20 ppm, 20 ppm]",
  "enzyme": "Trypsin/P",
  "allowed_miscleavages": "2",
  "min_peptide_length": "7",
  "max_peptide_length": "50",
  "is_temporary": false,
  "intermediate_hash": "3bd27fcfd7013d81b578e850035874af14b1cc26",
  "results": {
    "6": {
      "median_abs_epsilon": 0.1931537580493412,
      "mean_abs_epsilon": 0.3115817288643356,
      "variance_epsilon": 0.2436734280967715,
      "nr_prec": 29940,
      "CV_median": 0.17014861215801963,
      "CV_q90": 0.4955256902955261,
      "CV_q75": 0.30097017536846127,
      "CV_q95": 0.6550668059850431
    },
    "5": {
      "median_abs_epsilon": 0.21615797044347929,
      "mean_abs_epsilon": 0.3530283686368372,
      "variance_epsilon": 0.30543207423246693,
      "nr_prec": 37741,
      "CV_median": 0.17866684949354988,
      "CV_q90": 0.5435880012552529,
      "CV_q75": 0.3249888146489777,
      "CV_q95": 0.7238287429917667
    },
    "4": {
      "median_abs_epsilon": 0.23903811682033904,
      "mean_abs_epsilon": 0.3986837467978125,
      "variance_epsilon": 0.39368868198976126,
      "nr_prec": 44716,
      "CV_median": 0.18397688028132947,
      "CV_q90": 0.5786672601146728,
      "CV_q75": 0.341173100665619,
      "CV_q95": 0.7664817707009937
    },
    "3": {
      "median_abs_epsilon": 0.25575972764185906,
      "mean_abs_epsilon": 0.43963882402675075,
      "variance_epsilon": 0.48470685746681313,
      "nr_prec": 52398,
      "CV_median": 0.18714632973990566,
      "CV_q90": 0.5966898534522159,
      "CV_q75": 0.35019818027858196,
      "CV_q95": 0.7866424819742397
    },
    "2": {
      "median_abs_epsilon": 0.2675114722119325,
      "mean_abs_epsilon": 0.47409588486972426,
      "variance_epsilon": 0.5809459109464412,
      "nr_prec": 60006,
      "CV_median": 0.18910834671125573,
      "CV_q90": 0.6106482454627215,
      "CV_q75": 0.35581069781602487,
      "CV_q95": 0.8037818124001701
    },
    "1": {
      "median_abs_epsilon": 0.2675114722119325,
      "mean_abs_epsilon": 0.47409588486972426,
      "variance_epsilon": 0.5809459109464411,
      "nr_prec": 68291,
      "CV_median": 0.18910834671125573,
      "CV_q90": 0.6106482454627215,
      "CV_q75": 0.35581069781602487,
      "CV_q95": 0.8037818124001701
    }
  },
  "median_abs_epsilon": 0.25575972764185906,
  "nr_prec": 52398,
  "comments": "",
  "fixed_mods": "0.0,C-Term Peptide,true,-1; 0.0,N-Term Peptide,true,-1; 0.0,C-Term Protein,true,-1; 0.0,N-Term Protein,true,-1; 0.0,G (glycine),true,-1; 0.0,A (alanine),true,-1; 0.0,S (serine),true,-1; 0.0,P (proline),true,-1; 0.0,V (valine),true,-1; 0.0,T (threonine),true,-1; 57.02146,C (cysteine),true,-1; 0.0,L (leucine),true,-1; 0.0,I (isoleucine),true,-1; 0.0,N (asparagine),true,-1; 0.0,D (aspartic acid),true,-1; 0.0,Q (glutamine),true,-1; 0.0,K (lysine),true,-1; 0.0,E (glutamic acid),true,-1; 0.0,M (methionine),true,-1; 0.0,H (histidine),true,-1; 0.0,F (phenylalanine),true,-1; 0.0,R (arginine),true,-1; 0.0,Y (tyrosine),true,-1; 0.0,W (tryptophan),true,-1; 0.0,B ,true,-1; 0.0,J,true,-1; 0.0,O,true,-1; 0.0,U,true,-1; 0.0,X,true,-1; 0.0,Z,true,-1",
  "variable_mods": "15.9949,M,true,3; 42.0106,[^,true,1; 79.96633,STY,false,3; -17.0265,nQnC,false,1; -18.0106,nE,false,1; 4.025107,K,false,2; 6.020129,R,false,2; 8.014199,K,false,2; 10.008269,R,false,2; 0.0,site_10,false,1; 0.0,site_11,false,1; 0.0,site_12,false,1; 0.0,site_13,false,1; 0.0,site_14,false,1; 0.0,site_15,false,1; 0.0,site_16,false,1",
  "max_mods": "3",
  "min_precursor_charge": "1",
  "max_precursor_charge": null,
  "submission_comments": "\n\n ### Parameter changes Detected:\n- **search_engine_version**: `` \u2192 `4.1`\n\nDataset URL: https://proteobench.cubimed.rub.de/datasets/3bd27fcfd7013d81b578e850035874af14b1cc26/",
  "proteobench_version": "0.6.0",
  "minPeptideLength": NaN,
  "color": "#ff7f00",
  "hover_text": "ProteoBench ID: FragPipe_20250227_120758<br>Software tool: FragPipe <br>Comment (private submission): ",
  "scatter_size": 20,
  "scan_window": NaN,
  "quantification_method_DIANN": NaN,
  "second_pass": NaN,
  "protein_inference": "ProteinProphet: --maxppmdiff 2000000",
  "predictors_library": NaN,
  "quantification_method": "nan",
  "mean_abs_epsilon": 0.43963882402675075,
  "abundance_normalization_ions": "1"
}