{
  "old_new": "new",
  "id": "i2MassChroQ_20250605_074554",
  "software_name": "i2MassChroQ",
  "software_version": "1.2.0",
  "search_engine": "Sage",
  "search_engine_version": "0.15.0-alpha",
  "ident_fdr_psm": "0.0099991764759",
  "ident_fdr_peptide": "0.0141726898633",
  "ident_fdr_protein": "0.00948714423209",
  "enable_match_between_runs": true,
  "precursor_mass_tolerance": "-10 10 ppm",
  "fragment_mass_tolerance": "-0.02 0.02 da",
  "enzyme": "KR,P,T",
  "allowed_miscleavages": "2",
  "min_peptide_length": "5",
  "max_peptide_length": "50",
  "is_temporary": false,
  "intermediate_hash": "3cffb02abcf3ce5950dae07bb94985e12d632da9",
  "results": {
    "6": {
      "median_abs_epsilon": 0.18934032261740086,
      "mean_abs_epsilon": 0.2921096797929562,
      "variance_epsilon": 0.19133409634526313,
      "nr_prec": 50650,
      "CV_median": 0.11508718134589796,
      "CV_q90": 0.44002631313735363,
      "CV_q75": 0.23512347053290117,
      "CV_q95": 0.5724495306483282
    },
    "5": {
      "median_abs_epsilon": 0.20161753312245878,
      "mean_abs_epsilon": 0.32165971240116636,
      "variance_epsilon": 0.23998242728291494,
      "nr_prec": 58509,
      "CV_median": 0.1232161682998758,
      "CV_q90": 0.4749488489320073,
      "CV_q75": 0.26053962904724326,
      "CV_q95": 0.6150165569046504
    },
    "4": {
      "median_abs_epsilon": 0.21006704424667788,
      "mean_abs_epsilon": 0.3409354960381986,
      "variance_epsilon": 0.27358974315052786,
      "nr_prec": 63627,
      "CV_median": 0.12714137790915853,
      "CV_q90": 0.488140591432778,
      "CV_q75": 0.272906471576683,
      "CV_q95": 0.6313459200133379
    },
    "3": {
      "median_abs_epsilon": 0.2135552650587087,
      "mean_abs_epsilon": 0.3506137225707978,
      "variance_epsilon": 0.2935987601453886,
      "nr_prec": 68081,
      "CV_median": 0.1289334869835819,
      "CV_q90": 0.49287009579880836,
      "CV_q75": 0.27716200809420966,
      "CV_q95": 0.6386383249249636
    },
    "2": {
      "median_abs_epsilon": 0.21565733827534217,
      "mean_abs_epsilon": 0.355204652668184,
      "variance_epsilon": 0.30324845999906525,
      "nr_prec": 71148,
      "CV_median": 0.12953540649638062,
      "CV_q90": 0.4942383908429848,
      "CV_q75": 0.2784211723088805,
      "CV_q95": 0.6397130462001386
    },
    "1": {
      "median_abs_epsilon": 0.21565733827534217,
      "mean_abs_epsilon": 0.355204652668184,
      "variance_epsilon": 0.3032484599990652,
      "nr_prec": 73044,
      "CV_median": 0.12953540649638062,
      "CV_q90": 0.4942383908429848,
      "CV_q75": 0.2784211723088805,
      "CV_q95": 0.6397130462001386
    }
  },
  "median_abs_epsilon": 0.2135552650587087,
  "mean_abs_epsilon": 0.3506137225707978,
  "nr_prec": 68081,
  "comments": "",
  "proteobench_version": "0.8.15",
  "color": "#984ea3",
  "hover_text": "ProteoBench ID: i2MassChroQ_20250605_074554<br>Software tool: i2MassChroQ <br>Comment (private submission): ...",
  "scatter_size": 20,
  "fixed_mods": "C:57.021465",
  "variable_mods": "M:15.994915 [:42.0106 ^E:-18.010565 ^Q:-17.026548",
  "max_mods": "2",
  "min_precursor_charge": "2",
  "max_precursor_charge": "4",
  "quantification_method": "nan",
  "protein_inference": "nan",
  "abundance_normalization_ions": "nan",
  "submission_comments": "i2MassChroQ 1.2.0, MassChroQ 3.0\n\n ### No parameter changes detected. \n\n\nDataset URL: https://proteobench.cubimed.rub.de/datasets/3cffb02abcf3ce5950dae07bb94985e12d632da9/"
}