{
  "id": "i2MassChroQ_20250305_154924",
  "old_new": "new",
  "software_name": "i2MassChroQ",
  "software_version": "1.2.0",
  "search_engine": "Sage",
  "search_engine_version": "0.15.0-alpha",
  "ident_fdr_psm": "0.0099991764759",
  "ident_fdr_peptide": "0.0141726898633",
  "ident_fdr_protein": "0.00948714423209",
  "enable_match_between_runs": false,
  "precursor_mass_tolerance": "-10 10 ppm",
  "fragment_mass_tolerance": "-0.02 0.02 da",
  "enzyme": "KR,P,T",
  "allowed_miscleavages": "2",
  "min_peptide_length": "5",
  "max_peptide_length": "50",
  "is_temporary": false,
  "intermediate_hash": "4455fe37836eb6ae90f3592f214038c3a2b28b23",
  "results": {
    "6": {
      "median_abs_epsilon": 0.1749517981210147,
      "mean_abs_epsilon": 0.2474667183213991,
      "variance_epsilon": 0.11226088068624769,
      "nr_prec": 22843,
      "CV_median": 0.1211022019242283,
      "CV_q90": 0.4547302373418137,
      "CV_q75": 0.2571979758491192,
      "CV_q95": 0.5621315512354162
    },
    "5": {
      "median_abs_epsilon": 0.1829395103038145,
      "mean_abs_epsilon": 0.26792956966630627,
      "variance_epsilon": 0.14163094883868765,
      "nr_prec": 32545,
      "CV_median": 0.119595307490276,
      "CV_q90": 0.46577286462195133,
      "CV_q75": 0.2584105895090259,
      "CV_q95": 0.5850219291486966
    },
    "4": {
      "median_abs_epsilon": 0.19150274533107492,
      "mean_abs_epsilon": 0.29015277374010257,
      "variance_epsilon": 0.17757258837391626,
      "nr_prec": 40653,
      "CV_median": 0.12019711880346251,
      "CV_q90": 0.47332041492044163,
      "CV_q75": 0.2626932993678908,
      "CV_q95": 0.5993227079789003
    },
    "3": {
      "median_abs_epsilon": 0.19777202330921284,
      "mean_abs_epsilon": 0.3090419162432572,
      "variance_epsilon": 0.21370421427208358,
      "nr_prec": 49728,
      "CV_median": 0.12064731737322112,
      "CV_q90": 0.4768547132249188,
      "CV_q75": 0.26373490265190436,
      "CV_q95": 0.6080581771532731
    },
    "2": {
      "median_abs_epsilon": 0.2025171113951636,
      "mean_abs_epsilon": 0.3247963244119731,
      "variance_epsilon": 0.2515619160876331,
      "nr_prec": 59485,
      "CV_median": 0.12076640498935062,
      "CV_q90": 0.4773083485001812,
      "CV_q75": 0.2641189687496641,
      "CV_q95": 0.6127195526783555
    },
    "1": {
      "median_abs_epsilon": 0.2025171113951636,
      "mean_abs_epsilon": 0.3247963244119729,
      "variance_epsilon": 0.25156191608763306,
      "nr_prec": 72272,
      "CV_median": 0.12076640498935062,
      "CV_q90": 0.4773083485001812,
      "CV_q75": 0.2641189687496641,
      "CV_q95": 0.6127195526783555
    }
  },
  "median_abs_epsilon": 0.19777202330921284,
  "nr_prec": 49728,
  "comments": "",
  "fixed_mods": "C:57.021465",
  "variable_mods": "M:15.994915 [:42.0106 ^E:-18.010565 ^Q:-17.026548",
  "max_mods": "2",
  "min_precursor_charge": "2",
  "max_precursor_charge": "4",
  "submission_comments": "NO MBR, MassChroQ 3.0\n\n ### No parameter changes detected. \n\n\nDataset URL: https://proteobench.cubimed.rub.de/datasets/4455fe37836eb6ae90f3592f214038c3a2b28b23/",
  "proteobench_version": "0.6.0",
  "minPeptideLength": NaN,
  "color": "#984ea3",
  "hover_text": "ProteoBench ID: i2MassChroQ_20250305_154924<br>Software tool: i2MassChroQ <br>Comment (private submission): ",
  "scatter_size": 20,
  "scan_window": NaN,
  "quantification_method_DIANN": NaN,
  "second_pass": NaN,
  "protein_inference": "nan",
  "predictors_library": NaN,
  "quantification_method": "nan",
  "mean_abs_epsilon": 0.3090419162432572,
  "abundance_normalization_ions": "nan"
}