{
  "old_new": "new",
  "id": "FragPipe_20250610_105602",
  "software_name": "FragPipe",
  "software_version": "22.0",
  "search_engine": "MSFragger",
  "search_engine_version": null,
  "ident_fdr_psm": "0.01",
  "ident_fdr_peptide": "0.01",
  "ident_fdr_protein": "0.01",
  "enable_match_between_runs": true,
  "precursor_mass_tolerance": "[-10 ppm, 10 ppm]",
  "fragment_mass_tolerance": "[-0.02 Da, 0.02 Da]",
  "enzyme": "Trypsin/P",
  "allowed_miscleavages": "2",
  "min_peptide_length": "7",
  "max_peptide_length": "50",
  "is_temporary": false,
  "intermediate_hash": "45486140efcbe205e2485f1ef4d668ec3d79fb99",
  "results": {
    "6": {
      "median_abs_epsilon": 0.17954686350100957,
      "mean_abs_epsilon": 0.28469182962606704,
      "variance_epsilon": 0.20330315686923997,
      "nr_prec": 15331,
      "CV_median": 0.1629340683225124,
      "CV_q90": 0.4712280563360295,
      "CV_q75": 0.28559495924709205,
      "CV_q95": 0.620795013133355
    },
    "5": {
      "median_abs_epsilon": 0.20382784014153188,
      "mean_abs_epsilon": 0.3317341862606711,
      "variance_epsilon": 0.2801561056725866,
      "nr_prec": 24151,
      "CV_median": 0.1679797012363545,
      "CV_q90": 0.514027605924027,
      "CV_q75": 0.30467226457613467,
      "CV_q95": 0.6878777539738212
    },
    "4": {
      "median_abs_epsilon": 0.22754947104828815,
      "mean_abs_epsilon": 0.3819606999042824,
      "variance_epsilon": 0.378842646012728,
      "nr_prec": 32277,
      "CV_median": 0.1711412792321011,
      "CV_q90": 0.5470768896387355,
      "CV_q75": 0.3176694530876103,
      "CV_q95": 0.738208361759432
    },
    "3": {
      "median_abs_epsilon": 0.2478222924593183,
      "mean_abs_epsilon": 0.42965251659593556,
      "variance_epsilon": 0.4878412396750396,
      "nr_prec": 41072,
      "CV_median": 0.1738125837204929,
      "CV_q90": 0.5714305632558216,
      "CV_q75": 0.3266240677354542,
      "CV_q95": 0.7666631196851577
    },
    "2": {
      "median_abs_epsilon": 0.2621641351946451,
      "mean_abs_epsilon": 0.4687862505455997,
      "variance_epsilon": 0.5942242768923538,
      "nr_prec": 51401,
      "CV_median": 0.1759625378811826,
      "CV_q90": 0.5877617181827686,
      "CV_q75": 0.33374552457145357,
      "CV_q95": 0.7880348822361558
    },
    "1": {
      "median_abs_epsilon": 0.2621641351946451,
      "mean_abs_epsilon": 0.4687862505455997,
      "variance_epsilon": 0.5942242768923539,
      "nr_prec": 66868,
      "CV_median": 0.1759625378811826,
      "CV_q90": 0.5877617181827686,
      "CV_q75": 0.33374552457145357,
      "CV_q95": 0.7880348822361558
    }
  },
  "median_abs_epsilon": 0.2478222924593183,
  "mean_abs_epsilon": 0.42965251659593556,
  "nr_prec": 41072,
  "comments": "",
  "proteobench_version": "0.8.22",
  "color": "#ff7f00",
  "hover_text": "ProteoBench ID: FragPipe_20250610_105602<br>Software tool: FragPipe <br>Comment (private submission): ...",
  "scatter_size": 20,
  "fixed_mods": "0.0,C-Term Peptide,true,-1; 0.0,N-Term Peptide,true,-1; 0.0,C-Term Protein,true,-1; 0.0,N-Term Protein,true,-1; 0.0,G (glycine),true,-1; 0.0,A (alanine),true,-1; 0.0,S (serine),true,-1; 0.0,P (proline),true,-1; 0.0,V (valine),true,-1; 0.0,T (threonine),true,-1; 57.02146,C (cysteine),true,-1; 0.0,L (leucine),true,-1; 0.0,I (isoleucine),true,-1; 0.0,N (asparagine),true,-1; 0.0,D (aspartic acid),true,-1; 0.0,Q (glutamine),true,-1; 0.0,K (lysine),true,-1; 0.0,E (glutamic acid),true,-1; 0.0,M (methionine),true,-1; 0.0,H (histidine),true,-1; 0.0,F (phenylalanine),true,-1; 0.0,R (arginine),true,-1; 0.0,Y (tyrosine),true,-1; 0.0,W (tryptophan),true,-1; 0.0,B ,true,-1; 0.0,J,true,-1; 0.0,O,true,-1; 0.0,U,true,-1; 0.0,X,true,-1; 0.0,Z,true,-1",
  "variable_mods": "15.9949,M,true,3; 42.0106,[^,true,1; 79.96633,STY,false,3; -17.0265,nQnC,false,1; -18.0106,nE,false,1; 4.025107,K,false,2; 6.020129,R,false,2; 8.014199,K,false,2; 10.008269,R,false,2; 0.0,site_10,false,1; 0.0,site_11,false,1; 0.0,site_12,false,1; 0.0,site_13,false,1; 0.0,site_14,false,1; 0.0,site_15,false,1; 0.0,site_16,false,1",
  "max_mods": "3",
  "min_precursor_charge": "1",
  "max_precursor_charge": null,
  "quantification_method": "nan",
  "protein_inference": "ProteinProphet: --maxppmdiff 2000000",
  "abundance_normalization_ions": "nan",
  "submission_comments": "\n\n ### No parameter changes detected. \n\n\nDataset URL: https://proteobench.cubimed.rub.de/datasets/45486140efcbe205e2485f1ef4d668ec3d79fb99/"
}