{
  "old_new": "new",
  "id": "FragPipe_20250610_105602",
  "software_name": "FragPipe",
  "software_version": "22.0",
  "search_engine": "MSFragger",
  "search_engine_version": null,
  "ident_fdr_psm": 0.01,
  "ident_fdr_peptide": 0.01,
  "ident_fdr_protein": 0.01,
  "enable_match_between_runs": false,
  "precursor_mass_tolerance": "[-10 ppm, 10 ppm]",
  "fragment_mass_tolerance": "[-0.02 Da, 0.02 Da]",
  "enzyme": "Trypsin/P",
  "allowed_miscleavages": 2,
  "min_peptide_length": 7,
  "max_peptide_length": 50,
  "is_temporary": false,
  "intermediate_hash": "45486140efcbe205e2485f1ef4d668ec3d79fb99",
  "results": {
    "6": {
      "median_abs_epsilon_global": 0.17960402401546105,
      "median_abs_epsilon_eq_species": 0.21169296120080835,
      "median_abs_epsilon_ECOLI": 0.2695288647273042,
      "median_abs_epsilon_HUMAN": 0.1743941822801336,
      "median_abs_epsilon_YEAST": 0.19115583659498725,
      "mean_abs_epsilon_global": 0.28146857671514874,
      "mean_abs_epsilon_eq_species": 0.3072583799665551,
      "mean_abs_epsilon_ECOLI": 0.36832612870805953,
      "mean_abs_epsilon_HUMAN": 0.2821776728430714,
      "mean_abs_epsilon_YEAST": 0.2712713383485343,
      "median_log2_empirical_ECOLI": -2.16645416287702,
      "median_log2_empirical_HUMAN": -0.07014469552301783,
      "median_log2_empirical_YEAST": 1.1015985968983486,
      "median_abs_epsilon_precision_global": 0.175392509638721,
      "median_abs_epsilon_precision_eq_species": 0.19480881141868225,
      "median_abs_epsilon_precision_ECOLI": 0.23768140643739422,
      "median_abs_epsilon_precision_HUMAN": 0.1753012992593561,
      "median_abs_epsilon_precision_YEAST": 0.17144372855929646,
      "mean_log2_empirical_ECOLI": -2.229253380499522,
      "mean_log2_empirical_HUMAN": -0.1482050913539002,
      "mean_log2_empirical_YEAST": 1.067983066718266,
      "mean_abs_epsilon_precision_global": 0.2782406991592176,
      "mean_abs_epsilon_precision_eq_species": 0.2916529543469232,
      "mean_abs_epsilon_precision_ECOLI": 0.33458605735595415,
      "mean_abs_epsilon_precision_HUMAN": 0.28191955858264645,
      "mean_abs_epsilon_precision_YEAST": 0.2584532471021689,
      "CV_median": 0.1626389390456772,
      "CV_q75": 0.2841031136624673,
      "CV_q90": 0.46765024793223886,
      "CV_q95": 0.615098903430537,
      "roc_auc": 0.9470896355825751,
      "roc_auc_directional": 0.9850949620177989,
      "nr_prec": 15037,
      "nr_prec_HUMAN": 11888,
      "nr_prec_YEAST": 2905,
      "nr_prec_ECOLI": 244,
      "variance_epsilon_global": 0.19518750418670852
    },
    "5": {
      "median_abs_epsilon_global": 0.20404768508913662,
      "median_abs_epsilon_eq_species": 0.2377252335751733,
      "median_abs_epsilon_ECOLI": 0.2981308574250203,
      "median_abs_epsilon_HUMAN": 0.1966201944010475,
      "median_abs_epsilon_YEAST": 0.21842464889945212,
      "mean_abs_epsilon_global": 0.3292382653459569,
      "mean_abs_epsilon_eq_species": 0.3593060791506746,
      "mean_abs_epsilon_ECOLI": 0.4177357226076031,
      "mean_abs_epsilon_HUMAN": 0.3259640831025994,
      "mean_abs_epsilon_YEAST": 0.33421843174182125,
      "median_log2_empirical_ECOLI": -2.191131083975794,
      "median_log2_empirical_HUMAN": -0.07869594041173578,
      "median_log2_empirical_YEAST": 1.112816485910825,
      "median_abs_epsilon_precision_global": 0.1980113064443536,
      "median_abs_epsilon_precision_eq_species": 0.21694948708959613,
      "median_abs_epsilon_precision_ECOLI": 0.254679757782041,
      "median_abs_epsilon_precision_HUMAN": 0.19660853679568824,
      "median_abs_epsilon_precision_YEAST": 0.19956016669105914,
      "mean_log2_empirical_ECOLI": -2.2463381655001977,
      "mean_log2_empirical_HUMAN": -0.1594045845763448,
      "mean_log2_empirical_YEAST": 1.0939843287884812,
      "mean_abs_epsilon_precision_global": 0.32481497024319306,
      "mean_abs_epsilon_precision_eq_species": 0.34062226410008334,
      "mean_abs_epsilon_precision_ECOLI": 0.37828070082763354,
      "mean_abs_epsilon_precision_HUMAN": 0.32512416144036194,
      "mean_abs_epsilon_precision_YEAST": 0.3184619300322544,
      "CV_median": 0.16759470017991018,
      "CV_q75": 0.30292629354285505,
      "CV_q90": 0.5107564966962017,
      "CV_q95": 0.6830124127697048,
      "roc_auc": 0.9284412841933697,
      "roc_auc_directional": 0.9781207885117281,
      "nr_prec": 23772,
      "nr_prec_HUMAN": 18754,
      "nr_prec_YEAST": 4582,
      "nr_prec_ECOLI": 436,
      "variance_epsilon_global": 0.2732688101912216
    },
    "4": {
      "median_abs_epsilon_global": 0.22794001148150222,
      "median_abs_epsilon_eq_species": 0.2664623030838739,
      "median_abs_epsilon_ECOLI": 0.3350246051490231,
      "median_abs_epsilon_HUMAN": 0.22041343413246928,
      "median_abs_epsilon_YEAST": 0.24394886997012932,
      "mean_abs_epsilon_global": 0.3799939831368723,
      "mean_abs_epsilon_eq_species": 0.43124824423203395,
      "mean_abs_epsilon_ECOLI": 0.528026899428473,
      "mean_abs_epsilon_HUMAN": 0.3727557240562761,
      "mean_abs_epsilon_YEAST": 0.3929621092113527,
      "median_log2_empirical_ECOLI": -2.226112256655412,
      "median_log2_empirical_HUMAN": -0.07987653264357952,
      "median_log2_empirical_YEAST": 1.1244552388091655,
      "median_abs_epsilon_precision_global": 0.22021972683865165,
      "median_abs_epsilon_precision_eq_species": 0.2454097072805125,
      "median_abs_epsilon_precision_ECOLI": 0.2924164660609385,
      "median_abs_epsilon_precision_HUMAN": 0.21735235053143676,
      "median_abs_epsilon_precision_YEAST": 0.22646030524916227,
      "mean_log2_empirical_ECOLI": -2.291933030718956,
      "mean_log2_empirical_HUMAN": -0.16555775161942474,
      "mean_log2_empirical_YEAST": 1.115273313689003,
      "mean_abs_epsilon_precision_global": 0.3755634801418661,
      "mean_abs_epsilon_precision_eq_species": 0.4111011699115423,
      "mean_abs_epsilon_precision_ECOLI": 0.48584007932752055,
      "mean_abs_epsilon_precision_HUMAN": 0.37281168292452516,
      "mean_abs_epsilon_precision_YEAST": 0.3746517474825811,
      "CV_median": 0.17081446409585713,
      "CV_q75": 0.3162227349184835,
      "CV_q90": 0.5443499892373462,
      "CV_q95": 0.7350136741655432,
      "roc_auc": 0.9083419142474047,
      "roc_auc_directional": 0.9667149980328378,
      "nr_prec": 31850,
      "nr_prec_HUMAN": 24946,
      "nr_prec_YEAST": 6230,
      "nr_prec_ECOLI": 674,
      "variance_epsilon_global": 0.3716912514801584
    },
    "3": {
      "median_abs_epsilon_global": 0.24801928515860538,
      "median_abs_epsilon_eq_species": 0.28475233530094535,
      "median_abs_epsilon_ECOLI": 0.34610441926997026,
      "median_abs_epsilon_HUMAN": 0.24055742640586608,
      "median_abs_epsilon_YEAST": 0.2675951602269997,
      "mean_abs_epsilon_global": 0.42797741213901064,
      "mean_abs_epsilon_eq_species": 0.47219018875048707,
      "mean_abs_epsilon_ECOLI": 0.5515820347205933,
      "mean_abs_epsilon_HUMAN": 0.4208401301352354,
      "mean_abs_epsilon_YEAST": 0.44414840139563244,
      "median_log2_empirical_ECOLI": -2.2195056437141183,
      "median_log2_empirical_HUMAN": -0.07694326508259763,
      "median_log2_empirical_YEAST": 1.1312004204053494,
      "median_abs_epsilon_precision_global": 0.24071040118110432,
      "median_abs_epsilon_precision_eq_species": 0.2674626653578815,
      "median_abs_epsilon_precision_ECOLI": 0.31408912702262803,
      "median_abs_epsilon_precision_HUMAN": 0.23699063852176572,
      "median_abs_epsilon_precision_YEAST": 0.25130823052925066,
      "mean_log2_empirical_ECOLI": -2.282167064760532,
      "mean_log2_empirical_HUMAN": -0.16899484117696145,
      "mean_log2_empirical_YEAST": 1.127434263133637,
      "mean_abs_epsilon_precision_global": 0.42491234113176074,
      "mean_abs_epsilon_precision_eq_species": 0.45389181961440944,
      "mean_abs_epsilon_precision_ECOLI": 0.5140735431914899,
      "mean_abs_epsilon_precision_HUMAN": 0.4226023609529807,