{
  "old_new": "new",
  "id": "MSAngel_20250610_105928",
  "software_name": "MaxQuant",
  "software_version": "2.3.1.0",
  "search_engine": "Andromeda",
  "search_engine_version": "nan",
  "ident_fdr_psm": "0.01",
  "ident_fdr_peptide": null,
  "ident_fdr_protein": "0.01",
  "enable_match_between_runs": false,
  "precursor_mass_tolerance": "[-4.5 ppm, 4.5 ppm]",
  "fragment_mass_tolerance": "[-20 ppm, 20 ppm]",
  "enzyme": "Trypsin/P",
  "allowed_miscleavages": "1",
  "min_peptide_length": "7",
  "max_peptide_length": null,
  "is_temporary": false,
  "intermediate_hash": "45fbb2dc2468abd6dbaec4520c2a0e96cb7f7e0f",
  "results": {
    "6": {
      "median_abs_epsilon": 0.1867732354729501,
      "mean_abs_epsilon": 0.27036621594023474,
      "variance_epsilon": 0.1696792875051677,
      "nr_prec": 34050,
      "CV_median": 0.22624247774832526,
      "CV_q90": 0.4916071568632169,
      "CV_q75": 0.32548511014342574,
      "CV_q95": 0.6057326313619926
    },
    "5": {
      "median_abs_epsilon": 0.19956610276507902,
      "mean_abs_epsilon": 0.2948962657293643,
      "variance_epsilon": 0.2013176339859194,
      "nr_prec": 42805,
      "CV_median": 0.2292208710507906,
      "CV_q90": 0.510847874302763,
      "CV_q75": 0.3377863714521695,
      "CV_q95": 0.6332048623693711
    },
    "4": {
      "median_abs_epsilon": 0.21003166986160515,
      "mean_abs_epsilon": 0.3210245086066128,
      "variance_epsilon": 0.24534828654770433,
      "nr_prec": 48362,
      "CV_median": 0.23045688834603367,
      "CV_q90": 0.521098832558045,
      "CV_q75": 0.3435574731956976,
      "CV_q95": 0.6499722726794209
    },
    "3": {
      "median_abs_epsilon": 0.21722059675886385,
      "mean_abs_epsilon": 0.3376617437410275,
      "variance_epsilon": 0.27617632958152555,
      "nr_prec": 52607,
      "CV_median": 0.23106487283813915,
      "CV_q90": 0.5265944723238727,
      "CV_q75": 0.346851138236603,
      "CV_q95": 0.6581334045227508
    },
    "2": {
      "median_abs_epsilon": 0.2193713434272233,
      "mean_abs_epsilon": 0.34544131223648117,
      "variance_epsilon": 0.2952641042219486,
      "nr_prec": 55193,
      "CV_median": 0.23112514401781853,
      "CV_q90": 0.5278398461463938,
      "CV_q75": 0.3476070447936932,
      "CV_q95": 0.6605118740755043
    },
    "1": {
      "median_abs_epsilon": 0.2193713434272233,
      "mean_abs_epsilon": 0.34544131223648117,
      "variance_epsilon": 0.2952641042219485,
      "nr_prec": 56321,
      "CV_median": 0.23112514401781853,
      "CV_q90": 0.5278398461463938,
      "CV_q75": 0.3476070447936932,
      "CV_q95": 0.6605118740755043
    }
  },
  "median_abs_epsilon": 0.21722059675886385,
  "mean_abs_epsilon": 0.3376617437410275,
  "nr_prec": 52607,
  "comments": "",
  "proteobench_version": "0.8.22",
  "color": "#e41a1c",
  "hover_text": "ProteoBench ID: MSAngel_20250610_105928<br>Software tool: MSAngel <br>Comment (private submission): ...",
  "scatter_size": 20,
  "fixed_mods": "Carbamidomethyl (C)",
  "variable_mods": "Oxidation (M),Acetyl (Protein N-term)",
  "max_mods": "5",
  "min_precursor_charge": null,
  "max_precursor_charge": "7",
  "quantification_method": "nan",
  "protein_inference": "nan",
  "abundance_normalization_ions": "nan",
  "submission_comments": "\n\n ### No parameter changes detected. \n\n\nDataset URL: https://proteobench.cubimed.rub.de/datasets/45fbb2dc2468abd6dbaec4520c2a0e96cb7f7e0f/"
}