{
    "id": "MaxQuant_20241216_134651",
    "old_new": "old",
    "software_name": "MaxQuant",
    "software_version": "2.3.1.0",
    "search_engine": "Andromeda",
    "search_engine_version": null,
    "ident_fdr_psm": null,
    "ident_fdr_peptide": 0.01,
    "ident_fdr_protein": 0.01,
    "enable_match_between_runs": false,
    "precursor_mass_tolerance": "[-4.5 ppm, 4.5 ppm]",
    "fragment_mass_tolerance": "[-20 ppm, 20 ppm]",
    "enzyme": "Trypsin/P",
    "allowed_miscleavages": 1,
    "min_peptide_length": 7.0,
    "max_peptide_length": null,
    "is_temporary": false,
    "intermediate_hash": "47db7ef37a0fb5fec79f3bedbfb4f67835774f10",
    "results": {
        "6": {
            "median_abs_epsilon": 0.1575262204,
            "mean_abs_epsilon": 0.1998240085,
            "variance_epsilon": 0.0831715329,
            "nr_prec": 13765,
            "CV_median": 0.2043704658,
            "CV_q90": 0.3953014073,
            "CV_q75": 0.2796240461,
            "CV_q95": 0.4911423199
        },
        "5": {
            "median_abs_epsilon": 0.1685441797,
            "mean_abs_epsilon": 0.2171310178,
            "variance_epsilon": 0.0983013046,
            "nr_prec": 19962,
            "CV_median": 0.2040285872,
            "CV_q90": 0.4072219032,
            "CV_q75": 0.2851729191,
            "CV_q95": 0.5030699452
        },
        "4": {
            "median_abs_epsilon": 0.1813396855,
            "mean_abs_epsilon": 0.2398974042,
            "variance_epsilon": 0.1192980303,
            "nr_prec": 25485,
            "CV_median": 0.2034661667,
            "CV_q90": 0.4107940811,
            "CV_q75": 0.2880703307,
            "CV_q95": 0.5067694852
        },
        "3": {
            "median_abs_epsilon": 0.1928687433,
            "mean_abs_epsilon": 0.2600048331,
            "variance_epsilon": 0.1388334428,
            "nr_prec": 32032,
            "CV_median": 0.2035578075,
            "CV_q90": 0.4151442214,
            "CV_q75": 0.2910021849,
            "CV_q95": 0.5108435371
        },
        "2": {
            "median_abs_epsilon": 0.1997980738,
            "mean_abs_epsilon": 0.2746049356,
            "variance_epsilon": 0.1600872094,
            "nr_prec": 39532,
            "CV_median": 0.202585128,
            "CV_q90": 0.416491636,
            "CV_q75": 0.2918719807,
            "CV_q95": 0.5123438243
        },
        "1": {
            "median_abs_epsilon": 0.1997980738,
            "mean_abs_epsilon": 0.2746049356,
            "variance_epsilon": 0.1600872094,
            "nr_prec": 50338,
            "CV_median": 0.202585128,
            "CV_q90": 0.416491636,
            "CV_q75": 0.2918719807,
            "CV_q95": 0.5123438243
        }
    },
    "median_abs_epsilon": 0.1928687433,
    "nr_prec": 32032,
    "comments": "",
    "fixed_mods": "Carbamidomethyl (C)",
    "variable_mods": "Oxidation (M),Acetyl (Protein N-term)",
    "max_mods": 5.0,
    "min_precursor_charge": null,
    "max_precursor_charge": 7,
    "submission_comments": "\n\nDataset URL: https://proteobench.cubimed.rub.de/datasets/47db7ef37a0fb5fec79f3bedbfb4f67835774f10/",
    "proteobench_version": "0.3.4.dev269+g92dbfe1",
    "minPeptideLength": null,
    "color": "#377eb8",
    "hover_text": "ProteoBench ID: MaxQuant_20241216_134651<br>Software tool: MaxQuant <br>Comment (private submission): ",
    "scatter_size": 20,
    "scan_window": null,
    "quantification_method_DIANN": null,
    "second_pass": null,
    "protein_inference": null,
    "predictors_library": null,
    "quantification_method": null,
    "mean_abs_epsilon": 0.2600048331,
    "abundance_normalization_ions": null
}