{
  "old_new": "new",
  "id": "i2MassChroQ_20250610_113133",
  "software_name": "i2MassChroQ",
  "software_version": "1.0.18",
  "search_engine": "Sage",
  "search_engine_version": "0.14.7",
  "ident_fdr_psm": "0.005999419143",
  "ident_fdr_peptide": "0.008561447245",
  "ident_fdr_protein": "0.009234643907",
  "enable_match_between_runs": true,
  "precursor_mass_tolerance": "-10 10 ppm",
  "fragment_mass_tolerance": "-0.02 0.02 da",
  "enzyme": "KR,P,true",
  "allowed_miscleavages": "2",
  "min_peptide_length": "5",
  "max_peptide_length": "50",
  "is_temporary": false,
  "intermediate_hash": "486400e1f302edf5eb97c776727aef2716168ca5",
  "results": {
    "6": {
      "median_abs_epsilon": 0.1898364789301965,
      "mean_abs_epsilon": 0.29243923049009574,
      "variance_epsilon": 0.18818013580615275,
      "nr_prec": 50314,
      "CV_median": 0.11641962976127906,
      "CV_q90": 0.44126603472300524,
      "CV_q75": 0.2364573768597774,
      "CV_q95": 0.5733200777576185
    },
    "5": {
      "median_abs_epsilon": 0.20179503855099412,
      "mean_abs_epsilon": 0.32236437026049924,
      "variance_epsilon": 0.23574776186604543,
      "nr_prec": 58245,
      "CV_median": 0.12459041734615323,
      "CV_q90": 0.4772880093623902,
      "CV_q75": 0.26266349978041603,
      "CV_q95": 0.6170347768725462
    },
    "4": {
      "median_abs_epsilon": 0.2106427250953704,
      "mean_abs_epsilon": 0.34320492544605374,
      "variance_epsilon": 0.27359805965719425,
      "nr_prec": 63468,
      "CV_median": 0.12851380882959723,
      "CV_q90": 0.4902867477497788,
      "CV_q75": 0.2755840016310253,
      "CV_q95": 0.6333057786702015
    },
    "3": {
      "median_abs_epsilon": 0.21474647317633,
      "mean_abs_epsilon": 0.35258829732275465,
      "variance_epsilon": 0.2932985579660331,
      "nr_prec": 67891,
      "CV_median": 0.13039621646714078,
      "CV_q90": 0.49506999784615513,
      "CV_q75": 0.2799621566492974,
      "CV_q95": 0.6412535514368882
    },
    "2": {
      "median_abs_epsilon": 0.21698599764086168,
      "mean_abs_epsilon": 0.35780043129286065,
      "variance_epsilon": 0.30546560790964256,
      "nr_prec": 71050,
      "CV_median": 0.13093548155051982,
      "CV_q90": 0.49643023506938555,
      "CV_q75": 0.281160161019102,
      "CV_q95": 0.6421478013564874
    },
    "1": {
      "median_abs_epsilon": 0.21698599764086168,
      "mean_abs_epsilon": 0.35780043129286065,
      "variance_epsilon": 0.30546560790964256,
      "nr_prec": 73380,
      "CV_median": 0.13093548155051982,
      "CV_q90": 0.49643023506938555,
      "CV_q75": 0.281160161019102,
      "CV_q95": 0.6421478013564874
    }
  },
  "median_abs_epsilon": 0.21474647317633,
  "mean_abs_epsilon": 0.35258829732275465,
  "nr_prec": 67891,
  "comments": "",
  "proteobench_version": "0.8.23",
  "color": "#108E2E",
  "hover_text": "ProteoBench ID: i2MassChroQ_20250610_113133<br>Software tool: i2MassChroQ <br>Comment (private submission): ...",
  "scatter_size": 20,
  "fixed_mods": "C:57.021465",
  "variable_mods": "M:15.994915 ^E:-18.010565 ^Q:-17.026548",
  "max_mods": "2",
  "min_precursor_charge": "2",
  "max_precursor_charge": "4",
  "quantification_method": "nan",
  "protein_inference": "nan",
  "abundance_normalization_ions": "nan",
  "submission_comments": "\n\n ### No parameter changes detected. \n\n\nDataset URL: https://proteobench.cubimed.rub.de/datasets/486400e1f302edf5eb97c776727aef2716168ca5/"
}