{
  "old_new": "new",
  "id": "MaxQuant_20260603_100746",
  "software_name": "MaxQuant",
  "software_version": "1.5.3.30",
  "search_engine": "Andromeda",
  "search_engine_version": "nan",
  "ident_fdr_psm": "0.01",
  "ident_fdr_peptide": null,
  "ident_fdr_protein": "0.01",
  "enable_match_between_runs": true,
  "precursor_mass_tolerance": "[-4.5 ppm, 4.5 ppm]",
  "fragment_mass_tolerance": "[-20 ppm, 20 ppm]",
  "enzyme": "Trypsin/P",
  "allowed_miscleavages": "2",
  "min_peptide_length": "7",
  "max_peptide_length": null,
  "is_temporary": false,
  "intermediate_hash": "4ac66d00097e3f0522fa43c59538c8b07df04f30",
  "results": {
    "6": {
      "median_abs_epsilon_global": 0.15164888751798955,
      "median_abs_epsilon_eq_species": 0.19319325528938158,
      "median_abs_epsilon_ECOLI": 0.2556010742070427,
      "median_abs_epsilon_HUMAN": 0.14531084443098763,
      "median_abs_epsilon_YEAST": 0.17866784723011442,
      "mean_abs_epsilon_global": 0.20620093138083787,
      "mean_abs_epsilon_eq_species": 0.21818408936873743,
      "mean_abs_epsilon_ECOLI": 0.2556010742070427,
      "mean_abs_epsilon_HUMAN": 0.207656061582684,
      "mean_abs_epsilon_YEAST": 0.19129513231648554,
      "median_log2_empirical_ECOLI": -1.7443989257929573,
      "median_log2_empirical_HUMAN": 0.04749779268844989,
      "median_log2_empirical_YEAST": 1.1780296570343154,
      "median_abs_epsilon_precision_global": 0.13001610902922778,
      "median_abs_epsilon_precision_eq_species": 0.06685374387146996,
      "median_abs_epsilon_precision_ECOLI": 0.0,
      "median_abs_epsilon_precision_HUMAN": 0.14969154393411266,
      "median_abs_epsilon_precision_YEAST": 0.050869687680297204,
      "mean_log2_empirical_ECOLI": -1.7443989257929573,
      "mean_log2_empirical_HUMAN": 0.023870002520181826,
      "mean_log2_empirical_YEAST": 1.120965462910958,
      "mean_abs_epsilon_precision_global": 0.19184859719978253,
      "mean_abs_epsilon_precision_eq_species": 0.1122768477418602,
      "mean_abs_epsilon_precision_ECOLI": 0.0,
      "mean_abs_epsilon_precision_HUMAN": 0.20601814236457403,
      "mean_abs_epsilon_precision_YEAST": 0.13081240086100654,
      "CV_median": 0.19384422778942528,
      "CV_q75": 0.2664299843209928,
      "CV_q90": 0.4593221902789587,
      "CV_q95": 0.5160867573754235,
      "variance_epsilon_global": 0.08429180459549308,
      "nr_prec": 57,
      "roc_auc": 0.9861111111111112
    },
    "5": {
      "median_abs_epsilon_global": 0.16392536909789612,
      "median_abs_epsilon_eq_species": 0.20860402924018887,
      "median_abs_epsilon_ECOLI": 0.2556010742070427,
      "median_abs_epsilon_HUMAN": 0.15990552517603973,
      "median_abs_epsilon_YEAST": 0.2103054883374842,
      "mean_abs_epsilon_global": 0.255356044679973,
      "mean_abs_epsilon_eq_species": 0.31216024615075605,
      "mean_abs_epsilon_ECOLI": 0.4558186084693692,
      "mean_abs_epsilon_HUMAN": 0.24988535199637815,
      "mean_abs_epsilon_YEAST": 0.2307767779865209,
      "median_log2_empirical_ECOLI": -1.7443989257929573,
      "median_log2_empirical_HUMAN": 0.07542899029379413,
      "median_log2_empirical_YEAST": 1.2103054883374842,
      "median_abs_epsilon_precision_global": 0.1532061820555093,
      "median_abs_epsilon_precision_eq_species": 0.12620237852821425,
      "median_abs_epsilon_precision_ECOLI": 0.13980070978432835,
      "median_abs_epsilon_precision_HUMAN": 0.16899027420771517,
      "median_abs_epsilon_precision_YEAST": 0.06981615159259924,
      "mean_log2_empirical_ECOLI": -1.5441813915306308,
      "mean_log2_empirical_HUMAN": 0.02668727624812605,
      "mean_log2_empirical_YEAST": 1.1745130424620989,
      "mean_abs_epsilon_precision_global": 0.23652228436771744,
      "mean_abs_epsilon_precision_eq_species": 0.24851691075850235,
      "mean_abs_epsilon_precision_ECOLI": 0.3601571855393209,
      "mean_abs_epsilon_precision_HUMAN": 0.24571511194003895,
      "mean_abs_epsilon_precision_YEAST": 0.13967843479614714,
      "CV_median": 0.20527163559000672,
      "CV_q75": 0.28365414945661593,
      "CV_q90": 0.47364106352566226,
      "CV_q95": 0.5547888619413305,
      "variance_epsilon_global": 0.14040811609696172,
      "nr_prec": 78,
      "roc_auc": 0.9775147928994082
    },
    "4": {
      "median_abs_epsilon_global": 0.206329446610777,
      "median_abs_epsilon_eq_species": 0.22098480553770017,
      "median_abs_epsilon_ECOLI": 0.2649746007531384,
      "median_abs_epsilon_HUMAN": 0.1784876953676804,
      "median_abs_epsilon_YEAST": 0.21949212049228173,
      "mean_abs_epsilon_global": 0.3084346816198142,
      "mean_abs_epsilon_eq_species": 0.336319948311717,
      "mean_abs_epsilon_ECOLI": 0.41045098817683545,
      "mean_abs_epsilon_HUMAN": 0.3059177126949857,
      "mean_abs_epsilon_YEAST": 0.29259114406333,
      "median_log2_empirical_ECOLI": -1.7350253992468616,
      "median_log2_empirical_HUMAN": 0.08680260305747467,
      "median_log2_empirical_YEAST": 1.2103054883374842,
      "median_abs_epsilon_precision_global": 0.18276875505038426,
      "median_abs_epsilon_precision_eq_species": 0.13187166692707267,
      "median_abs_epsilon_precision_ECOLI": 0.07927388143825986,
      "median_abs_epsilon_precision_HUMAN": 0.18671244309492252,
      "median_abs_epsilon_precision_YEAST": 0.12962867624803565,
      "mean_log2_empirical_ECOLI": -1.5895490118231645,
      "mean_log2_empirical_HUMAN": 0.05985189439598051,
      "mean_log2_empirical_YEAST": 1.1406663910687962,
      "mean_abs_epsilon_precision_global": 0.2869029147235929,
      "mean_abs_epsilon_precision_eq_species": 0.27433015619909656,
      "mean_abs_epsilon_precision_ECOLI": 0.2928016993007576,
      "mean_abs_epsilon_precision_HUMAN": 0.29668697645360115,
      "mean_abs_epsilon_precision_YEAST": 0.23350179284293107,
      "CV_median": 0.20886045139823106,
      "CV_q75": 0.3055769231801243,
      "CV_q90": 0.5138968233147722,
      "CV_q95": 0.5898422448731115,
      "variance_epsilon_global": 0.2029099520781883,
      "nr_prec": 92,
      "roc_auc": 0.945945945945946
    },
    "3": {
      "median_abs_epsilon_global": 0.2073733169840608,
      "median_abs_epsilon_eq_species": 0.2264527679809749,
      "median_abs_epsilon_ECOLI": 0.2649746007531384,
      "median_abs_epsilon_HUMAN": 0.18863712189613047,
      "median_abs_epsilon_YEAST": 0.22574658129365588,
      "mean_abs_epsilon_global": 0.3222922419921658,
      "mean_abs_epsilon_eq_species": 0.3600250419487489,
      "mean_abs_epsilon_ECOLI": 0.41045098817683545,
      "mean_abs_epsilon_HUMAN": 0.3120354843863225,
      "mean_abs_epsilon_YEAST": 0.3575886532830888,
      "median_log2_empirical_ECOLI": -1.7350253992468616,
      "median_log2_empirical_HUMAN": 0.08680260305747467,
      "median_log2_empirical_YEAST": 1.2073733169840608,
      "median_abs_epsilon_precision_global": 0.18576821200619875,
      "median_abs_epsilon_precision_eq_species": 0.1462692115719643,
      "median_abs_epsilon_precision_ECOLI": 0.07927388143825986,
      "median_abs_epsilon_precision_HUMAN": 0.18993044209737242,
      "median_abs_epsilon_precision_YEAST": 0.16960331118026062,
      "mean_log2_empirical_ECOLI": -1.5895490118231645,
      "mean_log2_empirical_HUMAN": 0.05847134189206364,
      "mean_log2_empirical_YEAST": 1.0467850461735622,
      "mean_abs_epsilon_precision_global": 0.3092085149141143,
      "mean_abs_epsilon_precision_eq_species": 0.31301620813553926,
      "mean_abs_epsilon_precision_ECOLI": 0.2928016993007576,
      "mean_abs_epsilon_precision_HUMAN": 0.3042532872139587,
      "mean_abs_epsilon_precision_YEAST": 0.3419936378919014,
      "CV_median": 0.2136725723966702,
      "CV_q75": 0.31803167848550146,
      "CV_q90": 0.5071206898704377,
      "CV_q95": 0.588422483165588,
      "variance_epsilon_global": 0.2176484065849225,
      "nr_prec": 110,
      "roc_auc": 0.9314565483476132
    },
    "2": {
      "median_abs_epsilon_global": 0.2103054883374842,
      "median_abs_epsilon_eq_species": 0.227143144358962,