{
  "old_new": "new",
  "id": "i2MassChroQ_20250605_074845",
  "software_name": "i2MassChroQ",
  "software_version": "1.2.1",
  "search_engine": "X!Tandem",
  "search_engine_version": NaN,
  "ident_fdr_psm": 0.00999799237101,
  "ident_fdr_peptide": 0.0133552379471,
  "ident_fdr_protein": 0.00985995998857,
  "enable_match_between_runs": true,
  "precursor_mass_tolerance": "[-10 ppm, 10 ppm]",
  "fragment_mass_tolerance": "[-0.02 Da, 0.02 Da]",
  "enzyme": "Trypsin",
  "allowed_miscleavages": 3,
  "min_peptide_length": NaN,
  "max_peptide_length": NaN,
  "is_temporary": false,
  "intermediate_hash": "4b50085fa82695a0d0b67283f022aff106c0a983",
  "results": {
    "6": {
      "median_abs_epsilon_global": 0.1949278571236448,
      "median_abs_epsilon_eq_species": 0.2383344666272933,
      "median_abs_epsilon_ECOLI": 0.3522337114472389,
      "median_abs_epsilon_HUMAN": 0.1987951579352245,
      "median_abs_epsilon_YEAST": 0.16397453049941646,
      "mean_abs_epsilon_global": 0.30466573430845834,
      "mean_abs_epsilon_eq_species": 0.4280498827182617,
      "mean_abs_epsilon_ECOLI": 0.6784470563689787,
      "mean_abs_epsilon_HUMAN": 0.28762719402626424,
      "mean_abs_epsilon_YEAST": 0.31807539775954224,
      "median_log2_empirical_ECOLI": -2.041328522568696,
      "median_log2_empirical_HUMAN": -0.16058165467502583,
      "median_log2_empirical_YEAST": 0.9508935058486436,
      "median_abs_epsilon_precision_global": 0.14427510436976654,
      "median_abs_epsilon_precision_eq_species": 0.21285010076977015,
      "median_abs_epsilon_precision_ECOLI": 0.33830990217714074,
      "median_abs_epsilon_precision_HUMAN": 0.13544962683346817,
      "median_abs_epsilon_precision_YEAST": 0.1647907732987015,
      "mean_log2_empirical_ECOLI": -1.6882942753752341,
      "mean_log2_empirical_HUMAN": -0.16035479168583314,
      "mean_log2_empirical_YEAST": 0.8618062610268324,
      "mean_abs_epsilon_precision_global": 0.27133001643733534,
      "mean_abs_epsilon_precision_eq_species": 0.4401207314550806,
      "mean_abs_epsilon_precision_ECOLI": 0.7540870583521418,
      "mean_abs_epsilon_precision_HUMAN": 0.23840649460566066,
      "mean_abs_epsilon_precision_YEAST": 0.3278686414074394,
      "CV_median": 0.11662730134878391,
      "CV_q75": 0.23734030400874417,
      "CV_q90": 0.4407089809383512,
      "CV_q95": 0.5727990352498147,
      "variance_epsilon_global": 0.2088440536766714,
      "nr_feature": 54703,
      "roc_auc": 0.9093325187524577
    },
    "5": {
      "median_abs_epsilon_global": 0.2068445212336698,
      "median_abs_epsilon_eq_species": 0.26341330519507383,
      "median_abs_epsilon_ECOLI": 0.39872513968085244,
      "median_abs_epsilon_HUMAN": 0.2077060007457625,
      "median_abs_epsilon_YEAST": 0.1838087751586066,
      "mean_abs_epsilon_global": 0.3348943153059931,
      "mean_abs_epsilon_eq_species": 0.46156102764878865,
      "mean_abs_epsilon_ECOLI": 0.7139222799763164,
      "mean_abs_epsilon_HUMAN": 0.31320121393289135,
      "mean_abs_epsilon_YEAST": 0.3575595890371581,
      "median_log2_empirical_ECOLI": -2.0377987134890834,
      "median_log2_empirical_HUMAN": -0.1615763270235071,
      "median_log2_empirical_YEAST": 0.9487904139943613,
      "median_abs_epsilon_precision_global": 0.15960213994896755,
      "median_abs_epsilon_precision_eq_species": 0.2438513363643692,
      "median_abs_epsilon_precision_ECOLI": 0.394439209013159,
      "median_abs_epsilon_precision_HUMAN": 0.1486750670936985,
      "median_abs_epsilon_precision_YEAST": 0.18843973298625016,
      "mean_log2_empirical_ECOLI": -1.6923867169947153,
      "mean_log2_empirical_HUMAN": -0.16378770123959163,
      "mean_log2_empirical_YEAST": 0.846848587626782,
      "mean_abs_epsilon_precision_global": 0.3041091951892167,
      "mean_abs_epsilon_precision_eq_species": 0.472275725693537,
      "mean_abs_epsilon_precision_ECOLI": 0.7813502145767942,
      "mean_abs_epsilon_precision_HUMAN": 0.26621737249691163,
      "mean_abs_epsilon_precision_YEAST": 0.3692595900069051,
      "CV_median": 0.12467004439844233,
      "CV_q75": 0.26393750662180504,
      "CV_q90": 0.4768707908252404,
      "CV_q95": 0.6166308018154825,
      "variance_epsilon_global": 0.2575175530764072,
      "nr_feature": 63189,
      "roc_auc": 0.8932007706514847
    },
    "4": {
      "median_abs_epsilon_global": 0.21595560177497752,
      "median_abs_epsilon_eq_species": 0.2849605766446525,
      "median_abs_epsilon_ECOLI": 0.4407305839445499,
      "median_abs_epsilon_HUMAN": 0.2150623272972645,
      "median_abs_epsilon_YEAST": 0.19908881869214312,
      "mean_abs_epsilon_global": 0.3544202308739386,
      "mean_abs_epsilon_eq_species": 0.48460933908142784,
      "mean_abs_epsilon_ECOLI": 0.7418114842770419,
      "mean_abs_epsilon_HUMAN": 0.32898148738556215,
      "mean_abs_epsilon_YEAST": 0.38303504558167933,
      "median_log2_empirical_ECOLI": -2.0372525683876344,
      "median_log2_empirical_HUMAN": -0.162560497216246,
      "median_log2_empirical_YEAST": 0.9479973462300872,
      "median_abs_epsilon_precision_global": 0.17034049537934948,
      "median_abs_epsilon_precision_eq_species": 0.2619903221463922,
      "median_abs_epsilon_precision_ECOLI": 0.42464629986682567,
      "median_abs_epsilon_precision_HUMAN": 0.15750872416285944,
      "median_abs_epsilon_precision_YEAST": 0.2038159424094914,
      "mean_log2_empirical_ECOLI": -1.7026271337922874,
      "mean_log2_empirical_HUMAN": -0.1657117522373118,
      "mean_log2_empirical_YEAST": 0.8413308700169408,
      "mean_abs_epsilon_precision_global": 0.3249186508683366,
      "mean_abs_epsilon_precision_eq_species": 0.49339633323678855,
      "mean_abs_epsilon_precision_ECOLI": 0.8016543461344958,
      "mean_abs_epsilon_precision_HUMAN": 0.28328077026522724,
      "mean_abs_epsilon_precision_YEAST": 0.3952538833106426,
      "CV_median": 0.128703352266187,
      "CV_q75": 0.27644408482394145,
      "CV_q90": 0.49064384606859046,
      "CV_q95": 0.6359423569416363,
      "variance_epsilon_global": 0.2909420916773533,
      "nr_feature": 69074,
      "roc_auc": 0.8853393890364253
    },
    "3": {
      "median_abs_epsilon_global": 0.21947473524956962,
      "median_abs_epsilon_eq_species": 0.2918944537134749,
      "median_abs_epsilon_ECOLI": 0.4529326047773772,
      "median_abs_epsilon_HUMAN": 0.21804763679540784,
      "median_abs_epsilon_YEAST": 0.20470311956763965,
      "mean_abs_epsilon_global": 0.3636868634247116,
      "mean_abs_epsilon_eq_species": 0.4973436011430162,
      "mean_abs_epsilon_ECOLI": 0.7604552459842484,
      "mean_abs_epsilon_HUMAN": 0.3379484728127493,
      "mean_abs_epsilon_YEAST": 0.3936270846320508,
      "median_log2_empirical_ECOLI": -2.027405329620102,
      "median_log2_empirical_HUMAN": -0.1607853161558257,
      "median_log2_empirical_YEAST": 0.946347015213739,
      "median_abs_epsilon_precision_global": 0.17557177348008413,
      "median_abs_epsilon_precision_eq_species": 0.27221499136132127,
      "median_abs_epsilon_precision_ECOLI": 0.4437252586546059,
      "median_abs_epsilon_precision_HUMAN": 0.16244575299703,
      "median_abs_epsilon_precision_YEAST": 0.21047396243232797,
      "mean_log2_empirical_ECOLI": -1.6804248068352041,
      "mean_log2_empirical_HUMAN": -0.16253204922265221,
      "mean_log2_empirical_YEAST": 0.8356635894892458,
      "mean_abs_epsilon_precision_global": 0.33570486230789504,
      "mean_abs_epsilon_precision_eq_species": 0.5072950626419653,
      "mean_abs_epsilon_precision_ECOLI": 0.8211484547317983,
      "mean_abs_epsilon_precision_HUMAN": 0.2942904268540696,
      "mean_abs_epsilon_precision_YEAST": 0.406446306340028,
      "CV_median": 0.13055825263341014,
      "CV_q75": 0.2807226396863304,
      "CV_q90": 0.4959614306936974,
      "CV_q95": 0.6432222129025904,
      "variance_epsilon_global": 0.31077337525399423,
      "nr_feature": 74012,
      "roc_auc": 0.8798738162425268
    },
    "2": {
      "median_abs_epsilon_global": 0.22159566811440712,