{
  "id": "i2MassChroQ_20250305_104643",
  "old_new": "new",
  "software_name": "i2MassChroQ",
  "software_version": "1.2.1",
  "search_engine": "X!Tandem",
  "search_engine_version": "nan",
  "ident_fdr_psm": "0.00999799237101",
  "ident_fdr_peptide": "0.0133552379471",
  "ident_fdr_protein": "0.00985995998857",
  "enable_match_between_runs": true,
  "precursor_mass_tolerance": "[-10 ppm, 10 ppm]",
  "fragment_mass_tolerance": "[-0.02 Da, 0.02 Da]",
  "enzyme": "Trypsin",
  "allowed_miscleavages": "3",
  "min_peptide_length": null,
  "max_peptide_length": null,
  "is_temporary": false,
  "intermediate_hash": "4b50085fa82695a0d0b67283f022aff106c0a983",
  "results": {
    "6": {
      "median_abs_epsilon": 0.19499183685493726,
      "mean_abs_epsilon": 0.3047626675214956,
      "variance_epsilon": 0.20882699279108546,
      "nr_prec": 55480,
      "CV_median": 0.11680760906660656,
      "CV_q90": 0.44162994365099684,
      "CV_q75": 0.23818318532090196,
      "CV_q95": 0.5734904339203206
    },
    "5": {
      "median_abs_epsilon": 0.20679473782471547,
      "mean_abs_epsilon": 0.3347918675182531,
      "variance_epsilon": 0.25743787207247293,
      "nr_prec": 64040,
      "CV_median": 0.12480341521108461,
      "CV_q90": 0.47767395008651414,
      "CV_q75": 0.2646762814886366,
      "CV_q95": 0.6174199567736335
    },
    "4": {
      "median_abs_epsilon": 0.21588507422222847,
      "mean_abs_epsilon": 0.35426830586572433,
      "variance_epsilon": 0.29082054549667463,
      "nr_prec": 69982,
      "CV_median": 0.12882379329241433,
      "CV_q90": 0.49136555410628374,
      "CV_q75": 0.27742735587697437,
      "CV_q95": 0.636488671462224
    },
    "3": {
      "median_abs_epsilon": 0.2194405217440334,
      "mean_abs_epsilon": 0.3635413097046747,
      "variance_epsilon": 0.3105913487506432,
      "nr_prec": 74969,
      "CV_median": 0.1307164758400491,
      "CV_q90": 0.49669910911873005,
      "CV_q75": 0.28180170980458286,
      "CV_q95": 0.6437188199009528
    },
    "2": {
      "median_abs_epsilon": 0.2215146772392842,
      "mean_abs_epsilon": 0.36852286318239835,
      "variance_epsilon": 0.322266527355212,
      "nr_prec": 78447,
      "CV_median": 0.1313052700762033,
      "CV_q90": 0.4982090060408722,
      "CV_q75": 0.2830122219456682,
      "CV_q95": 0.6451445090388128
    },
    "1": {
      "median_abs_epsilon": 0.2215146772392842,
      "mean_abs_epsilon": 0.3685228631823983,
      "variance_epsilon": 0.3222665273552121,
      "nr_prec": 80659,
      "CV_median": 0.1313052700762033,
      "CV_q90": 0.4982090060408722,
      "CV_q75": 0.2830122219456682,
      "CV_q95": 0.6451445090388128
    }
  },
  "median_abs_epsilon": 0.2194405217440334,
  "nr_prec": 74969,
  "comments": "",
  "fixed_mods": "57.02146@C",
  "variable_mods": "15.99491@M;Acetyl(N-term);Pyrolidone(N-term)",
  "max_mods": null,
  "min_precursor_charge": "1",
  "max_precursor_charge": "4",
  "submission_comments": "MassChroQ 3.0\n\n ### No parameter changes detected. \n\n\nDataset URL: https://proteobench.cubimed.rub.de/datasets/4b50085fa82695a0d0b67283f022aff106c0a983/",
  "proteobench_version": "0.6.0",
  "minPeptideLength": NaN,
  "color": "#d30067",
  "hover_text": "ProteoBench ID: i2MassChroQ_20250305_104643<br>Software tool: i2MassChroQ <br>Comment (private submission): ",
  "scatter_size": 40,
  "scan_window": NaN,
  "quantification_method_DIANN": NaN,
  "second_pass": NaN,
  "protein_inference": "nan",
  "predictors_library": NaN,
  "quantification_method": "nan",
  "mean_abs_epsilon": 0.3635413097046747,
  "abundance_normalization_ions": "nan"
}