{
  "id": "WOMBAT_20250522_134628",
  "old_new": "new",
  "software_name": "WOMBAT",
  "software_version": "0.9.11",
  "search_engine": "XTandem",
  "search_engine_version": "nan",
  "ident_fdr_psm": "0.01",
  "ident_fdr_peptide": "0.01",
  "ident_fdr_protein": "0.01",
  "enable_match_between_runs": true,
  "precursor_mass_tolerance": "10 ppm",
  "fragment_mass_tolerance": "0.01 Da",
  "enzyme": "Trypsin",
  "allowed_miscleavages": "1",
  "min_peptide_length": "5",
  "max_peptide_length": "35",
  "is_temporary": false,
  "intermediate_hash": "4decb9e0d2d9ed9f9be6a9ad5aa066b1dcd1e616",
  "results": {
    "6": {
      "median_abs_epsilon": 0.1780676581683558,
      "mean_abs_epsilon": 0.2539895355659457,
      "variance_epsilon": 0.14470542486895047,
      "nr_prec": 30447,
      "CV_median": 0.21276201924724608,
      "CV_q90": 0.41770213626214037,
      "CV_q75": 0.29121075717028017,
      "CV_q95": 0.5402929743550684
    },
    "5": {
      "median_abs_epsilon": 0.18516625659880503,
      "mean_abs_epsilon": 0.2698553667892915,
      "variance_epsilon": 0.1685798231224428,
      "nr_prec": 35268,
      "CV_median": 0.21314112334987698,
      "CV_q90": 0.4336324794379245,
      "CV_q75": 0.296075744998502,
      "CV_q95": 0.5671820346750014
    },
    "4": {
      "median_abs_epsilon": 0.19174342373132092,
      "mean_abs_epsilon": 0.2849577634155078,
      "variance_epsilon": 0.19334778833003102,
      "nr_prec": 38794,
      "CV_median": 0.21302437565851806,
      "CV_q90": 0.44020515572422747,
      "CV_q75": 0.2979505408578462,
      "CV_q95": 0.5794010888679026
    },
    "3": {
      "median_abs_epsilon": 0.19542917671011395,
      "mean_abs_epsilon": 0.2935630730865999,
      "variance_epsilon": 0.21188681529127493,
      "nr_prec": 41691,
      "CV_median": 0.21268398352065443,
      "CV_q90": 0.4422725292382518,
      "CV_q75": 0.29853110230398755,
      "CV_q95": 0.5839217662202526
    },
    "2": {
      "median_abs_epsilon": 0.19775058309837235,
      "mean_abs_epsilon": 0.29944619820631435,
      "variance_epsilon": 0.22536402591497046,
      "nr_prec": 44377,
      "CV_median": 0.21228775335103858,
      "CV_q90": 0.44274264635017957,
      "CV_q75": 0.2985477654332086,
      "CV_q95": 0.5850356021487101
    },
    "1": {
      "median_abs_epsilon": 0.19775058309837235,
      "mean_abs_epsilon": 0.29944619820631435,
      "variance_epsilon": 0.22536402591497046,
      "nr_prec": 47374,
      "CV_median": 0.21228775335103858,
      "CV_q90": 0.44274264635017957,
      "CV_q75": 0.2985477654332086,
      "CV_q95": 0.5850356021487101
    }
  },
  "median_abs_epsilon": 0.19542917671011395,
  "nr_prec": 41691,
  "comments": "",
  "fixed_mods": "Carbamidomethyl of C",
  "variable_mods": "Acetyl of Protein N-term,Oxidation of M",
  "max_mods": "4",
  "min_precursor_charge": "2",
  "max_precursor_charge": "4",
  "submission_comments": "Compomics workflow\n\n ### Parameter changes detected:\n- **search_engine**: `various` \u2192 `XTandem`\n\nDataset URL: https://proteobench.cubimed.rub.de/datasets/4decb9e0d2d9ed9f9be6a9ad5aa066b1dcd1e616/",
  "proteobench_version": "0.8.12",
  "minPeptideLength": NaN,
  "color": "#d30067",
  "hover_text": "ProteoBench ID: WOMBAT_20250522_134628<br>Software tool: WOMBAT <br>Comment (private submission): ...",
  "scatter_size": 40,
  "scan_window": NaN,
  "quantification_method_DIANN": NaN,
  "second_pass": NaN,
  "protein_inference": "nan",
  "predictors_library": NaN,
  "quantification_method": "nan",
  "mean_abs_epsilon": 0.2935630730865999,
  "abundance_normalization_ions": "median"
}