{
  "old_new": "new",
  "id": "WOMBAT_20250605_075042",
  "software_name": "WOMBAT",
  "software_version": "0.9.11",
  "search_engine": "XTandem",
  "search_engine_version": NaN,
  "ident_fdr_psm": 0.01,
  "ident_fdr_peptide": 0.01,
  "ident_fdr_protein": 0.01,
  "enable_match_between_runs": true,
  "precursor_mass_tolerance": "10 ppm",
  "fragment_mass_tolerance": "0.01 Da",
  "enzyme": "Trypsin",
  "allowed_miscleavages": 1,
  "min_peptide_length": 5,
  "max_peptide_length": 35,
  "is_temporary": false,
  "intermediate_hash": "4decb9e0d2d9ed9f9be6a9ad5aa066b1dcd1e616",
  "results": {
    "6": {
      "median_abs_epsilon_global": 0.17788351012677772,
      "median_abs_epsilon_eq_species": 0.23521017107901207,
      "median_abs_epsilon_ECOLI": 0.34800007337142347,
      "median_abs_epsilon_HUMAN": 0.17224818608606896,
      "median_abs_epsilon_YEAST": 0.18538225377954376,
      "mean_abs_epsilon_global": 0.252728529236893,
      "mean_abs_epsilon_eq_species": 0.33657582475884135,
      "mean_abs_epsilon_ECOLI": 0.5099132503973913,
      "mean_abs_epsilon_HUMAN": 0.24028252806715922,
      "mean_abs_epsilon_YEAST": 0.25953169581197366,
      "median_log2_empirical_ECOLI": -1.686531532461144,
      "median_log2_empirical_HUMAN": 0.05876664608777915,
      "median_log2_empirical_YEAST": 1.0552258316756031,
      "median_abs_epsilon_precision_global": 0.1666190747227887,
      "median_abs_epsilon_precision_eq_species": 0.1999787879983188,
      "median_abs_epsilon_precision_ECOLI": 0.2620335683157293,
      "median_abs_epsilon_precision_HUMAN": 0.16166719837895016,
      "median_abs_epsilon_precision_YEAST": 0.17623559730027694,
      "mean_log2_empirical_ECOLI": -1.5929173119368116,
      "mean_log2_empirical_HUMAN": 0.030747295775423986,
      "mean_log2_empirical_YEAST": 1.021800505034172,
      "mean_abs_epsilon_precision_global": 0.24598273075710556,
      "mean_abs_epsilon_precision_eq_species": 0.30197412490414627,
      "mean_abs_epsilon_precision_ECOLI": 0.413291891514314,
      "mean_abs_epsilon_precision_HUMAN": 0.23602265898924504,
      "mean_abs_epsilon_precision_YEAST": 0.2566078242088797,
      "CV_median": 0.2126764973619818,
      "CV_q75": 0.2908678099302816,
      "CV_q90": 0.41670405795326076,
      "CV_q95": 0.5383745597142604,
      "roc_auc": 0.9586888892046223,
      "roc_auc_directional": 0.9689997822251843,
      "nr_prec": 29976,
      "nr_prec_HUMAN": 22353,
      "nr_prec_YEAST": 6719,
      "nr_prec_ECOLI": 904,
      "variance_epsilon_global": 0.14179156199357892
    },
    "5": {
      "median_abs_epsilon_global": 0.18504089089821818,
      "median_abs_epsilon_eq_species": 0.24771852066899372,
      "median_abs_epsilon_ECOLI": 0.371397840010685,
      "median_abs_epsilon_HUMAN": 0.17812300745276843,
      "median_abs_epsilon_YEAST": 0.19363471454352776,
      "mean_abs_epsilon_global": 0.268415833134925,
      "mean_abs_epsilon_eq_species": 0.35575009672214414,
      "mean_abs_epsilon_ECOLI": 0.5388689774136823,
      "mean_abs_epsilon_HUMAN": 0.25333406680164483,
      "mean_abs_epsilon_YEAST": 0.27504724595110536,
      "median_log2_empirical_ECOLI": -1.6778386469033197,
      "median_log2_empirical_HUMAN": 0.057680112707565456,
      "median_log2_empirical_YEAST": 1.050782466866,
      "median_abs_epsilon_precision_global": 0.17496792838894848,
      "median_abs_epsilon_precision_eq_species": 0.21404681964114047,
      "median_abs_epsilon_precision_ECOLI": 0.28862160749980426,
      "median_abs_epsilon_precision_HUMAN": 0.16857361408137095,
      "median_abs_epsilon_precision_YEAST": 0.18494523734224622,
      "mean_log2_empirical_ECOLI": -1.5710779865671005,
      "mean_log2_empirical_HUMAN": 0.029643272901409147,
      "mean_log2_empirical_YEAST": 1.0132933969389981,
      "mean_abs_epsilon_precision_global": 0.26189688420779533,
      "mean_abs_epsilon_precision_eq_species": 0.3232156561238493,
      "mean_abs_epsilon_precision_ECOLI": 0.44680857291308856,
      "mean_abs_epsilon_precision_HUMAN": 0.24941015704916675,
      "mean_abs_epsilon_precision_YEAST": 0.27342823840929253,
      "CV_median": 0.21305390698463783,
      "CV_q75": 0.295691301055513,
      "CV_q90": 0.43188484408388184,
      "CV_q95": 0.5648776950702965,
      "roc_auc": 0.9513217950125747,
      "roc_auc_directional": 0.9634477430162102,
      "nr_prec": 34721,
      "nr_prec_HUMAN": 25549,
      "nr_prec_YEAST": 7942,
      "nr_prec_ECOLI": 1230,
      "variance_epsilon_global": 0.16507558933889646
    },
    "4": {
      "median_abs_epsilon_global": 0.1915275465469417,
      "median_abs_epsilon_eq_species": 0.25991369154761007,
      "median_abs_epsilon_ECOLI": 0.39440180737254593,
      "median_abs_epsilon_HUMAN": 0.18329386847065798,
      "median_abs_epsilon_YEAST": 0.20204539879962624,
      "mean_abs_epsilon_global": 0.28343165893667666,
      "mean_abs_epsilon_eq_species": 0.37695032865962785,
      "mean_abs_epsilon_ECOLI": 0.5721861350626426,
      "mean_abs_epsilon_HUMAN": 0.26506095376959504,
      "mean_abs_epsilon_YEAST": 0.29360389714664603,
      "median_log2_empirical_ECOLI": -1.6694002925438234,
      "median_log2_empirical_HUMAN": 0.05805329876896259,
      "median_log2_empirical_YEAST": 1.0460205020243478,
      "median_abs_epsilon_precision_global": 0.18161223499834378,
      "median_abs_epsilon_precision_eq_species": 0.22565214825904256,
      "median_abs_epsilon_precision_ECOLI": 0.3106222626832533,
      "median_abs_epsilon_precision_HUMAN": 0.17385770200991324,
      "median_abs_epsilon_precision_YEAST": 0.19247648008396112,
      "mean_log2_empirical_ECOLI": -1.5539238090342817,
      "mean_log2_empirical_HUMAN": 0.030234589742070668,
      "mean_log2_empirical_YEAST": 1.0064036589067347,
      "mean_abs_epsilon_precision_global": 0.2768199334020696,
      "mean_abs_epsilon_precision_eq_species": 0.3441492617398401,
      "mean_abs_epsilon_precision_ECOLI": 0.4783996424723117,
      "mean_abs_epsilon_precision_HUMAN": 0.2611660138879408,
      "mean_abs_epsilon_precision_YEAST": 0.2928821288592678,
      "CV_median": 0.21294052755244972,
      "CV_q75": 0.2977004801238309,
      "CV_q90": 0.4389292458808626,
      "CV_q95": 0.5765314193889202,
      "roc_auc": 0.9435637851613117,
      "roc_auc_directional": 0.9573272343812356,
      "nr_prec": 38182,
      "nr_prec_HUMAN": 27906,
      "nr_prec_YEAST": 8811,
      "nr_prec_ECOLI": 1465,
      "variance_epsilon_global": 0.18966823800526833
    },
    "3": {
      "median_abs_epsilon_global": 0.1951315800905693,
      "median_abs_epsilon_eq_species": 0.26201671960489153,
      "median_abs_epsilon_ECOLI": 0.3941254163282224,
      "median_abs_epsilon_HUMAN": 0.18742818630502178,
      "median_abs_epsilon_YEAST": 0.20449655618143048,
      "mean_abs_epsilon_global": 0.291437774592201,
      "mean_abs_epsilon_eq_species": 0.3824699382877202,
      "mean_abs_epsilon_ECOLI": 0.5721469581021966,
      "mean_abs_epsilon_HUMAN": 0.27413635298231037,
      "mean_abs_epsilon_YEAST": 0.30112650377865374,
      "median_log2_empirical_ECOLI": -1.6717402362669223,
      "median_log2_empirical_HUMAN": 0.05831334773472818,
      "median_log2_empirical_YEAST": 1.0462055485159407,
      "median_abs_epsilon_precision_global": 0.18571873041081055,
      "median_abs_epsilon_precision_eq_species": 0.22832648642127573,
      "median_abs_epsilon_precision_ECOLI": 0.3108074485691539,
      "median_abs_epsilon_precision_HUMAN": 0.17856333900892807,
      "median_abs_epsilon_precision_YEAST": 0.19560867168574525,
      "mean_log2_empirical_ECOLI": -1.5580106281253934,
      "mean_log2_empirical_HUMAN": 0.03136652154360054,
      "mean_log2_empirical_YEAST": 1.0067232582659367,
      "mean_abs_epsilon_precision_global": 0.2849095854907994,
      "mean_abs_epsilon_precision_eq_species": 0.34996940526715425,
      "mean_abs_epsilon_precision_ECOLI": 0.47935919757764056,
      "mean_abs_epsilon_precision_HUMAN": 0.27017356391172354,
      "mean_abs_epsilon_precision_YEAST": 0.30037545431209856,