{
  "id": "MaxQuant_20250508_171716",
  "old_new": "new",
  "software_name": "MaxQuant",
  "software_version": "2.4.13.0",
  "search_engine": "Andromeda",
  "search_engine_version": NaN,
  "ident_fdr_psm": 0.01,
  "ident_fdr_peptide": null,
  "ident_fdr_protein": 0.01,
  "enable_match_between_runs": false,
  "precursor_mass_tolerance": "[-4.5 ppm, 4.5 ppm]",
  "fragment_mass_tolerance": "[-20 ppm, 20 ppm]",
  "enzyme": "Trypsin/P",
  "allowed_miscleavages": 2,
  "min_peptide_length": 7,
  "max_peptide_length": null,
  "is_temporary": false,
  "intermediate_hash": "5397d5f56ae5109561276b5123f1069dd6918b8d",
  "results": {
    "6": {
      "median_abs_epsilon": 0.15480867940200937,
      "mean_abs_epsilon": 0.1935963812460102,
      "variance_epsilon": 0.07338941034359822,
      "nr_prec": 12029,
      "CV_median": 0.20113985236229176,
      "CV_q90": 0.37737796869984896,
      "CV_q75": 0.27257967613187706,
      "CV_q95": 0.4720759763385911
    },
    "5": {
      "median_abs_epsilon": 0.16617108338123998,
      "mean_abs_epsilon": 0.21234752271676238,
      "variance_epsilon": 0.09171530239587049,
      "nr_prec": 18103,
      "CV_median": 0.2004901303136939,
      "CV_q90": 0.39160412788145726,
      "CV_q75": 0.27804027887743543,
      "CV_q95": 0.4886643701168716
    },
    "4": {
      "median_abs_epsilon": 0.17864035053817418,
      "mean_abs_epsilon": 0.23496868163456675,
      "variance_epsilon": 0.11636073553656075,
      "nr_prec": 23655,
      "CV_median": 0.19950561237894907,
      "CV_q90": 0.39633368031143595,
      "CV_q75": 0.2810570658311248,
      "CV_q95": 0.4918614249692211
    },
    "3": {
      "median_abs_epsilon": 0.19195921756189094,
      "mean_abs_epsilon": 0.25725262281458555,
      "variance_epsilon": 0.1366622527869684,
      "nr_prec": 30086,
      "CV_median": 0.19924392316161216,
      "CV_q90": 0.4018730451689108,
      "CV_q75": 0.2841237155329439,
      "CV_q95": 0.4971401013612953
    },
    "2": {
      "median_abs_epsilon": 0.20001497126474632,
      "mean_abs_epsilon": 0.2729325078262738,
      "variance_epsilon": 0.16019479062158634,
      "nr_prec": 37610,
      "CV_median": 0.19825987779888282,
      "CV_q90": 0.40395864372707624,
      "CV_q75": 0.2849938116057277,
      "CV_q95": 0.49834567908152305
    },
    "1": {
      "median_abs_epsilon": 0.20001497126474632,
      "mean_abs_epsilon": 0.2729325078262738,
      "variance_epsilon": 0.16019479062158634,
      "nr_prec": 48562,
      "CV_median": 0.19825987779888282,
      "CV_q90": 0.40395864372707624,
      "CV_q75": 0.2849938116057277,
      "CV_q95": 0.49834567908152305
    }
  },
  "median_abs_epsilon": 0.19195921756189094,
  "nr_prec": 30086,
  "comments": "",
  "fixed_mods": "Carbamidomethyl (C)",
  "variable_mods": "Oxidation (M),Acetyl (Protein N-term)",
  "max_mods": 5,
  "min_precursor_charge": null,
  "max_precursor_charge": 7,
  "submission_comments": "\n\nDataset URL: https://proteobench.cubimed.rub.de/datasets/5397d5f56ae5109561276b5123f1069dd6918b8d/",
  "proteobench_version": "0.5.10.dev28+g149aad0.d20241219",
  "minPeptideLength": NaN,
  "color": NaN,
  "hover_text": NaN,
  "scatter_size": NaN,
  "scan_window": NaN,
  "quantification_method_DIANN": NaN,
  "second_pass": NaN,
  "protein_inference": NaN,
  "predictors_library": NaN,
  "quantification_method": NaN,
  "mean_abs_epsilon": 0.25725262281458555,
  "abundance_normalization_ions": NaN
}