{
  "id": "MaxQuant_20250508_171235",
  "old_new": "new",
  "software_name": "MaxQuant",
  "software_version": "2.1.3.0",
  "search_engine": "Andromeda",
  "search_engine_version": NaN,
  "ident_fdr_psm": 0.01,
  "ident_fdr_peptide": null,
  "ident_fdr_protein": 0.01,
  "enable_match_between_runs": true,
  "precursor_mass_tolerance": "[-4.5 ppm, 4.5 ppm]",
  "fragment_mass_tolerance": "[-20 ppm, 20 ppm]",
  "enzyme": "Trypsin/P",
  "allowed_miscleavages": 2,
  "min_peptide_length": 7,
  "max_peptide_length": null,
  "is_temporary": false,
  "intermediate_hash": "559d8d2951cf209d271c59edf38451e784cd9f63",
  "results": {
    "6": {
      "median_abs_epsilon": 0.1711483403021603,
      "mean_abs_epsilon": 0.22608537577722426,
      "variance_epsilon": 0.10729708164320409,
      "nr_prec": 25389,
      "CV_median": 0.21299666326569444,
      "CV_q90": 0.4288853472262074,
      "CV_q75": 0.2953326055626254,
      "CV_q95": 0.5288021062489059
    },
    "5": {
      "median_abs_epsilon": 0.1851929767757916,
      "mean_abs_epsilon": 0.25600452446931754,
      "variance_epsilon": 0.14675438586265935,
      "nr_prec": 32907,
      "CV_median": 0.21532884538270303,
      "CV_q90": 0.4518158343965947,
      "CV_q75": 0.3073870947995295,
      "CV_q95": 0.5597412509435218
    },
    "4": {
      "median_abs_epsilon": 0.1973020215368564,
      "mean_abs_epsilon": 0.2882042186950082,
      "variance_epsilon": 0.19961394593576173,
      "nr_prec": 38889,
      "CV_median": 0.21663782288071282,
      "CV_q90": 0.4644911126933325,
      "CV_q75": 0.3132860468971035,
      "CV_q95": 0.5771077854590858
    },
    "3": {
      "median_abs_epsilon": 0.2070103538262522,
      "mean_abs_epsilon": 0.3097305807490712,
      "variance_epsilon": 0.23800512865807666,
      "nr_prec": 44076,
      "CV_median": 0.21744999598711184,
      "CV_q90": 0.4713987925143378,
      "CV_q75": 0.316835251753446,
      "CV_q95": 0.5875261830108329
    },
    "2": {
      "median_abs_epsilon": 0.21041167663416438,
      "mean_abs_epsilon": 0.32067612771626763,
      "variance_epsilon": 0.2638659296779053,
      "nr_prec": 48143,
      "CV_median": 0.21759622505589118,
      "CV_q90": 0.4739892533280917,
      "CV_q75": 0.318008660782761,
      "CV_q95": 0.5917906104469067
    },
    "1": {
      "median_abs_epsilon": 0.21041167663416438,
      "mean_abs_epsilon": 0.3206761277162676,
      "variance_epsilon": 0.2638659296779053,
      "nr_prec": 50734,
      "CV_median": 0.21759622505589118,
      "CV_q90": 0.4739892533280917,
      "CV_q75": 0.318008660782761,
      "CV_q95": 0.5917906104469067
    }
  },
  "median_abs_epsilon": 0.2070103538262522,
  "nr_prec": 44076,
  "comments": "",
  "fixed_mods": "Carbamidomethyl (C)",
  "variable_mods": "Oxidation (M),Acetyl (Protein N-term)",
  "max_mods": 5,
  "min_precursor_charge": null,
  "max_precursor_charge": 7,
  "submission_comments": "\n\nDataset URL: https://proteobench.cubimed.rub.de/datasets/559d8d2951cf209d271c59edf38451e784cd9f63/",
  "proteobench_version": "0.5.10.dev28+g149aad0.d20241219",
  "minPeptideLength": NaN,
  "color": NaN,
  "hover_text": NaN,
  "scatter_size": NaN,
  "scan_window": NaN,
  "quantification_method_DIANN": NaN,
  "second_pass": NaN,
  "protein_inference": NaN,
  "predictors_library": NaN,
  "quantification_method": NaN,
  "mean_abs_epsilon": 0.3097305807490712,
  "abundance_normalization_ions": NaN
}