{
  "old_new": "new",
  "id": "WOMBAT_20250610_110345",
  "software_name": "WOMBAT",
  "software_version": "0.9.11",
  "search_engine": "XTandem",
  "search_engine_version": NaN,
  "ident_fdr_psm": 0.01,
  "ident_fdr_peptide": 0.01,
  "ident_fdr_protein": 0.01,
  "enable_match_between_runs": true,
  "precursor_mass_tolerance": "20 ppm",
  "fragment_mass_tolerance": "0.02 Da",
  "enzyme": "Trypsin",
  "allowed_miscleavages": 1,
  "min_peptide_length": 5,
  "max_peptide_length": 35,
  "is_temporary": false,
  "intermediate_hash": "58dfec050e16a3ff10999c76d727f23a5cd6c6f9",
  "results": {
    "6": {
      "median_abs_epsilon_global": 0.17939366900574605,
      "median_abs_epsilon_eq_species": 0.23641738633536788,
      "median_abs_epsilon_ECOLI": 0.3492500882722531,
      "median_abs_epsilon_HUMAN": 0.1739283749218714,
      "median_abs_epsilon_YEAST": 0.18607369581197908,
      "mean_abs_epsilon_global": 0.2570725011220957,
      "mean_abs_epsilon_eq_species": 0.3350021598431781,
      "mean_abs_epsilon_ECOLI": 0.4974317068572223,
      "mean_abs_epsilon_HUMAN": 0.24609903876704825,
      "mean_abs_epsilon_YEAST": 0.2614757339052638,
      "median_log2_empirical_ECOLI": -1.6882859509109416,
      "median_log2_empirical_HUMAN": 0.05127752454663792,
      "median_log2_empirical_YEAST": 1.04675257347494,
      "median_abs_epsilon_precision_global": 0.16882011696522348,
      "median_abs_epsilon_precision_eq_species": 0.2011740680934834,
      "median_abs_epsilon_precision_ECOLI": 0.2606731857523279,
      "median_abs_epsilon_precision_HUMAN": 0.16342732346619826,
      "median_abs_epsilon_precision_YEAST": 0.17942169506192407,
      "mean_log2_empirical_ECOLI": -1.6060194444823461,
      "mean_log2_empirical_HUMAN": 0.021326079195246175,
      "mean_log2_empirical_YEAST": 1.0124354175250614,
      "mean_abs_epsilon_precision_global": 0.2518464674962,
      "mean_abs_epsilon_precision_eq_species": 0.3012677589010296,
      "mean_abs_epsilon_precision_ECOLI": 0.4002960328717389,
      "mean_abs_epsilon_precision_HUMAN": 0.24344078708446157,
      "mean_abs_epsilon_precision_YEAST": 0.26006645674688833,
      "CV_median": 0.21335549962479283,
      "CV_q75": 0.29480957206596986,
      "CV_q90": 0.4295724724896796,
      "CV_q95": 0.5675775269540243,
      "roc_auc": 0.9549163908418945,
      "roc_auc_directional": 0.9692695888576679,
      "nr_prec": 25874,
      "nr_prec_HUMAN": 19363,
      "nr_prec_YEAST": 5732,
      "nr_prec_ECOLI": 779,
      "variance_epsilon_global": 0.148446268134669
    },
    "5": {
      "median_abs_epsilon_global": 0.18692422781918872,
      "median_abs_epsilon_eq_species": 0.24755323363671758,
      "median_abs_epsilon_ECOLI": 0.36827225361447447,
      "median_abs_epsilon_HUMAN": 0.18033415167455402,
      "median_abs_epsilon_YEAST": 0.19405329562112428,
      "mean_abs_epsilon_global": 0.27410334183990065,
      "mean_abs_epsilon_eq_species": 0.35246454527787724,
      "mean_abs_epsilon_ECOLI": 0.5155445519149386,
      "mean_abs_epsilon_HUMAN": 0.26044117240502035,
      "mean_abs_epsilon_YEAST": 0.28140791151367284,
      "median_log2_empirical_ECOLI": -1.6855989501071686,
      "median_log2_empirical_HUMAN": 0.04909632456318036,
      "median_log2_empirical_YEAST": 1.0420074901437637,
      "median_abs_epsilon_precision_global": 0.1772852632333768,
      "median_abs_epsilon_precision_eq_species": 0.21395485825585325,
      "median_abs_epsilon_precision_ECOLI": 0.2809548421566248,
      "median_abs_epsilon_precision_HUMAN": 0.17147417999007075,
      "median_abs_epsilon_precision_YEAST": 0.1894355526208642,
      "mean_log2_empirical_ECOLI": -1.5953665039943092,
      "mean_log2_empirical_HUMAN": 0.019287287375249495,
      "mean_log2_empirical_YEAST": 1.0041409303341335,
      "mean_abs_epsilon_precision_global": 0.2690919322400566,
      "mean_abs_epsilon_precision_eq_species": 0.32078121965684236,
      "mean_abs_epsilon_precision_ECOLI": 0.4232078568995787,
      "mean_abs_epsilon_precision_HUMAN": 0.2581486350903105,
      "mean_abs_epsilon_precision_YEAST": 0.28098716698063797,
      "CV_median": 0.21400819917480732,
      "CV_q75": 0.30036760464409507,
      "CV_q90": 0.4502403133636987,
      "CV_q95": 0.5989953045828831,
      "roc_auc": 0.9474459558440793,
      "roc_auc_directional": 0.9640206650500516,
      "nr_prec": 30306,
      "nr_prec_HUMAN": 22373,
      "nr_prec_YEAST": 6875,
      "nr_prec_ECOLI": 1058,
      "variance_epsilon_global": 0.17568118018748752
    },
    "4": {
      "median_abs_epsilon_global": 0.19328162707304486,
      "median_abs_epsilon_eq_species": 0.2613392185690439,
      "median_abs_epsilon_ECOLI": 0.3959765581560024,
      "median_abs_epsilon_HUMAN": 0.1856435237838152,
      "median_abs_epsilon_YEAST": 0.20239757376731404,
      "mean_abs_epsilon_global": 0.2901088133561073,
      "mean_abs_epsilon_eq_species": 0.3781316938554302,
      "mean_abs_epsilon_ECOLI": 0.5616882355376749,
      "mean_abs_epsilon_HUMAN": 0.27302362199953534,
      "mean_abs_epsilon_YEAST": 0.2996832240290805,
      "median_log2_empirical_ECOLI": -1.6728987202205268,
      "median_log2_empirical_HUMAN": 0.048638096715137635,
      "median_log2_empirical_YEAST": 1.038873683356515,
      "median_abs_epsilon_precision_global": 0.18485760854036926,
      "median_abs_epsilon_precision_eq_species": 0.22847774293166503,
      "median_abs_epsilon_precision_ECOLI": 0.3120788688424323,
      "median_abs_epsilon_precision_HUMAN": 0.17683093760478386,
      "median_abs_epsilon_precision_YEAST": 0.19652342234777898,
      "mean_log2_empirical_ECOLI": -1.5654295211551248,
      "mean_log2_empirical_HUMAN": 0.020716059357236503,
      "mean_log2_empirical_YEAST": 0.9954867199071704,
      "mean_abs_epsilon_precision_global": 0.2849422908458049,
      "mean_abs_epsilon_precision_eq_species": 0.346196253104825,
      "mean_abs_epsilon_precision_ECOLI": 0.46773357732957166,
      "mean_abs_epsilon_precision_HUMAN": 0.2707131819386512,
      "mean_abs_epsilon_precision_YEAST": 0.30014200004625197,
      "CV_median": 0.21382304260600066,
      "CV_q75": 0.3023444260613573,
      "CV_q90": 0.45790199308514945,
      "CV_q95": 0.6115780632369505,
      "roc_auc": 0.9383723582946879,
      "roc_auc_directional": 0.9565959498487027,
      "nr_prec": 33462,
      "nr_prec_HUMAN": 24538,
      "nr_prec_YEAST": 7650,
      "nr_prec_ECOLI": 1274,
      "variance_epsilon_global": 0.20376986558497923
    },
    "3": {
      "median_abs_epsilon_global": 0.19731620177939035,
      "median_abs_epsilon_eq_species": 0.26564009055991517,
      "median_abs_epsilon_ECOLI": 0.4017074645533256,
      "median_abs_epsilon_HUMAN": 0.19027382795425396,
      "median_abs_epsilon_YEAST": 0.20493897917216586,
      "mean_abs_epsilon_global": 0.30006701165596106,
      "mean_abs_epsilon_eq_species": 0.3885930115536076,
      "mean_abs_epsilon_ECOLI": 0.5737801238589675,
      "mean_abs_epsilon_HUMAN": 0.28365264190400824,
      "mean_abs_epsilon_YEAST": 0.30834626889784705,
      "median_log2_empirical_ECOLI": -1.6706743404175164,
      "median_log2_empirical_HUMAN": 0.049049320810674146,
      "median_log2_empirical_YEAST": 1.0400541967045456,
      "median_abs_epsilon_precision_global": 0.18939941558719298,
      "median_abs_epsilon_precision_eq_species": 0.23218451874155122,
      "median_abs_epsilon_precision_ECOLI": 0.3152757376907189,
      "median_abs_epsilon_precision_HUMAN": 0.18209831607726912,
      "median_abs_epsilon_precision_YEAST": 0.1991795024566656,
      "mean_log2_empirical_ECOLI": -1.5610791067770629,
      "mean_log2_empirical_HUMAN": 0.021749120822347003,
      "mean_log2_empirical_YEAST": 0.9969722825418517,
      "mean_abs_epsilon_precision_global": 0.2949379875813097,
      "mean_abs_epsilon_precision_eq_species": 0.3570230322354635,
      "mean_abs_epsilon_precision_ECOLI": 0.4811519991782424,
      "mean_abs_epsilon_precision_HUMAN": 0.2812656077595677,
      "mean_abs_epsilon_precision_YEAST": 0.3086514897685804,