{
  "old_new": "new",
  "id": "WOMBAT_20250610_110345",
  "software_name": "WOMBAT",
  "software_version": "0.9.11",
  "search_engine": "various",
  "search_engine_version": "nan",
  "ident_fdr_psm": "0.01",
  "ident_fdr_peptide": "0.01",
  "ident_fdr_protein": "0.01",
  "enable_match_between_runs": true,
  "precursor_mass_tolerance": "20 ppm",
  "fragment_mass_tolerance": "0.02 Da",
  "enzyme": "Trypsin",
  "allowed_miscleavages": "1",
  "min_peptide_length": "5",
  "max_peptide_length": "35",
  "is_temporary": false,
  "intermediate_hash": "58dfec050e16a3ff10999c76d727f23a5cd6c6f9",
  "results": {
    "6": {
      "median_abs_epsilon": 0.17982196910564774,
      "mean_abs_epsilon": 0.258270980604236,
      "variance_epsilon": 0.15067732627310046,
      "nr_prec": 26278,
      "CV_median": 0.21367194783897756,
      "CV_q90": 0.43193209499640417,
      "CV_q75": 0.29538699696494175,
      "CV_q95": 0.5703893789563852
    },
    "5": {
      "median_abs_epsilon": 0.18714103538806626,
      "mean_abs_epsilon": 0.27583143185150966,
      "variance_epsilon": 0.18015828013017207,
      "nr_prec": 30774,
      "CV_median": 0.21422223427424958,
      "CV_q90": 0.4524141109071523,
      "CV_q75": 0.30081339038264043,
      "CV_q95": 0.6022365390169213
    },
    "4": {
      "median_abs_epsilon": 0.19355384394476616,
      "mean_abs_epsilon": 0.29214053268586,
      "variance_epsilon": 0.20913133144369306,
      "nr_prec": 34002,
      "CV_median": 0.21407627217347233,
      "CV_q90": 0.4594369577897044,
      "CV_q75": 0.3031026756757905,
      "CV_q95": 0.6151615533157583
    },
    "3": {
      "median_abs_epsilon": 0.19766566151499632,
      "mean_abs_epsilon": 0.3028744885646021,
      "variance_epsilon": 0.23272807441038512,
      "nr_prec": 36719,
      "CV_median": 0.21390458072942145,
      "CV_q90": 0.46254456971400426,
      "CV_q75": 0.3040202977791816,
      "CV_q95": 0.6214991071214319
    },
    "2": {
      "median_abs_epsilon": 0.1996408279901143,
      "mean_abs_epsilon": 0.3088052973782981,
      "variance_epsilon": 0.24565830286900728,
      "nr_prec": 39244,
      "CV_median": 0.21346132429596804,
      "CV_q90": 0.4633955185254086,
      "CV_q75": 0.3041226485176603,
      "CV_q95": 0.624164921154374
    },
    "1": {
      "median_abs_epsilon": 0.1996408279901143,
      "mean_abs_epsilon": 0.30880529737829815,
      "variance_epsilon": 0.24565830286900728,
      "nr_prec": 42138,
      "CV_median": 0.21346132429596804,
      "CV_q90": 0.4633955185254086,
      "CV_q75": 0.3041226485176603,
      "CV_q95": 0.624164921154374
    }
  },
  "median_abs_epsilon": 0.19766566151499632,
  "mean_abs_epsilon": 0.3028744885646021,
  "nr_prec": 36719,
  "comments": "",
  "proteobench_version": "0.8.22",
  "color": "#f781bf",
  "hover_text": "ProteoBench ID: WOMBAT_20250610_110345<br>Software tool: WOMBAT <br>Comment (private submission): ...",
  "scatter_size": 20,
  "fixed_mods": "Carbamidomethyl of C",
  "variable_mods": "Acetyl of Protein N-term,Oxidation of M",
  "max_mods": "4",
  "min_precursor_charge": "2",
  "max_precursor_charge": "4",
  "quantification_method": "nan",
  "protein_inference": "nan",
  "abundance_normalization_ions": "median",
  "submission_comments": "Compomics workflow\n\n ### No parameter changes detected. \n\n\nDataset URL: https://proteobench.cubimed.rub.de/datasets/58dfec050e16a3ff10999c76d727f23a5cd6c6f9/"
}