{
  "old_new": "new",
  "id": "MaxQuant_20260410_164405",
  "software_name": "MaxQuant",
  "software_version": "1.5.2.8",
  "search_engine": "Andromeda",
  "search_engine_version": "nan",
  "ident_fdr_psm": "0.01",
  "ident_fdr_peptide": null,
  "ident_fdr_protein": "0.01",
  "enable_match_between_runs": false,
  "precursor_mass_tolerance": "[-4.5 ppm, 4.5 ppm]",
  "fragment_mass_tolerance": "[-20 ppm, 20 ppm]",
  "enzyme": "Trypsin/P",
  "allowed_miscleavages": "1",
  "min_peptide_length": "7",
  "max_peptide_length": null,
  "is_temporary": false,
  "intermediate_hash": "58ec83d86d717f2b88296dfaa2ad4ebff5514058",
  "results": {
    "6": {
      "median_abs_epsilon_global": 0.15994948354057215,
      "median_abs_epsilon_eq_species": 0.1759482856562696,
      "median_abs_epsilon_ECOLI": 0.19767069637297752,
      "median_abs_epsilon_HUMAN": 0.147601315146332,
      "median_abs_epsilon_YEAST": 0.18257284544949925,
      "mean_abs_epsilon_global": 0.20207773076997015,
      "mean_abs_epsilon_eq_species": 0.22701924919759353,
      "mean_abs_epsilon_ECOLI": 0.2699321988401014,
      "mean_abs_epsilon_HUMAN": 0.1870430226811616,
      "mean_abs_epsilon_YEAST": 0.2240825260715176,
      "median_log2_empirical_ECOLI": -1.8478191264416495,
      "median_log2_empirical_HUMAN": 0.054724242618068075,
      "median_log2_empirical_YEAST": 1.1344990441091127,
      "median_abs_epsilon_precision_global": 0.13972683501295435,
      "median_abs_epsilon_precision_eq_species": 0.1479186406012166,
      "median_abs_epsilon_precision_ECOLI": 0.16617157411245742,
      "median_abs_epsilon_precision_HUMAN": 0.13905921017433442,
      "median_abs_epsilon_precision_YEAST": 0.1385251375168579,
      "mean_log2_empirical_ECOLI": -1.7970347122395753,
      "mean_log2_empirical_HUMAN": 0.04294259616065705,
      "mean_log2_empirical_YEAST": 1.1012823503191158,
      "mean_abs_epsilon_precision_global": 0.18829587779058204,
      "mean_abs_epsilon_precision_eq_species": 0.20638428239248172,
      "mean_abs_epsilon_precision_ECOLI": 0.24132566140198836,
      "mean_abs_epsilon_precision_HUMAN": 0.1815473691199728,
      "mean_abs_epsilon_precision_YEAST": 0.19627981665548397,
      "CV_median": 0.2026638788175202,
      "CV_q75": 0.2785231534054403,
      "CV_q90": 0.39950269086308565,
      "CV_q95": 0.4901831223865471,
      "variance_epsilon_global": 0.0891379067743216,
      "nr_prec": 7710,
      "roc_auc": 0.9905550188761123
    },
    "5": {
      "median_abs_epsilon_global": 0.171473833353609,
      "median_abs_epsilon_eq_species": 0.19016285197611063,
      "median_abs_epsilon_ECOLI": 0.2195887199144142,
      "median_abs_epsilon_HUMAN": 0.15909679832116552,
      "median_abs_epsilon_YEAST": 0.1918030376927522,
      "mean_abs_epsilon_global": 0.22309155226349234,
      "mean_abs_epsilon_eq_species": 0.2501910296934822,
      "mean_abs_epsilon_ECOLI": 0.2996798924327846,
      "mean_abs_epsilon_HUMAN": 0.20816284535462132,
      "mean_abs_epsilon_YEAST": 0.24273035129304082,
      "median_log2_empirical_ECOLI": -1.800572223740648,
      "median_log2_empirical_HUMAN": 0.05402990349688963,
      "median_log2_empirical_YEAST": 1.1126157469075277,
      "median_abs_epsilon_precision_global": 0.15496725034080328,
      "median_abs_epsilon_precision_eq_species": 0.16314813137626535,
      "median_abs_epsilon_precision_ECOLI": 0.17814215170219683,
      "median_abs_epsilon_precision_HUMAN": 0.15162046688356767,
      "median_abs_epsilon_precision_YEAST": 0.15968177554303153,
      "mean_log2_empirical_ECOLI": -1.7682433710755328,
      "mean_log2_empirical_HUMAN": 0.04599504306372297,
      "mean_log2_empirical_YEAST": 1.0751287358961699,
      "mean_abs_epsilon_precision_global": 0.2125861545788464,
      "mean_abs_epsilon_precision_eq_species": 0.22775308029713212,
      "mean_abs_epsilon_precision_ECOLI": 0.254336685565418,
      "mean_abs_epsilon_precision_HUMAN": 0.20295474810618144,
      "mean_abs_epsilon_precision_YEAST": 0.22596780721979692,
      "CV_median": 0.20317749977181954,
      "CV_q75": 0.28530961483462514,
      "CV_q90": 0.4137655783178711,
      "CV_q95": 0.507268328655166,
      "variance_epsilon_global": 0.11345999377857201,
      "nr_prec": 11245,
      "roc_auc": 0.9842737119447778
    },
    "4": {
      "median_abs_epsilon_global": 0.18518776981939844,
      "median_abs_epsilon_eq_species": 0.20372281539917658,
      "median_abs_epsilon_ECOLI": 0.23354179626103466,
      "median_abs_epsilon_HUMAN": 0.17143681426579072,
      "median_abs_epsilon_YEAST": 0.20618983567070437,
      "mean_abs_epsilon_global": 0.24778314533665252,
      "mean_abs_epsilon_eq_species": 0.2847894405046254,
      "mean_abs_epsilon_ECOLI": 0.3562417650337274,
      "mean_abs_epsilon_HUMAN": 0.22895759873858695,
      "mean_abs_epsilon_YEAST": 0.26916895774156185,
      "median_log2_empirical_ECOLI": -1.7841366979249553,
      "median_log2_empirical_HUMAN": 0.059256889594710316,
      "median_log2_empirical_YEAST": 1.0965311396160136,
      "median_abs_epsilon_precision_global": 0.1701876906790467,
      "median_abs_epsilon_precision_eq_species": 0.18299326940697055,
      "median_abs_epsilon_precision_ECOLI": 0.2040251965812434,
      "median_abs_epsilon_precision_HUMAN": 0.16189000854177493,
      "median_abs_epsilon_precision_YEAST": 0.1830646030978933,
      "mean_log2_empirical_ECOLI": -1.717177444453263,
      "mean_log2_empirical_HUMAN": 0.05331241351017999,
      "mean_log2_empirical_YEAST": 1.0511977083071111,
      "mean_abs_epsilon_precision_global": 0.23908334330694203,
      "mean_abs_epsilon_precision_eq_species": 0.2627230670023965,
      "mean_abs_epsilon_precision_ECOLI": 0.30521022122519686,
      "mean_abs_epsilon_precision_HUMAN": 0.2232122052909127,
      "mean_abs_epsilon_precision_YEAST": 0.2597467744910799,
      "CV_median": 0.20301125700684503,
      "CV_q75": 0.2890779415715161,
      "CV_q90": 0.4192076643410528,
      "CV_q95": 0.5132242531733928,
      "variance_epsilon_global": 0.1359828189329995,
      "nr_prec": 14408,
      "roc_auc": 0.9718516950282916
    },
    "3": {
      "median_abs_epsilon_global": 0.19668607550999795,
      "median_abs_epsilon_eq_species": 0.21967453839005321,
      "median_abs_epsilon_ECOLI": 0.25661041650776895,
      "median_abs_epsilon_HUMAN": 0.1845999141755641,
      "median_abs_epsilon_YEAST": 0.21781328448682657,
      "mean_abs_epsilon_global": 0.2690804693674375,
      "mean_abs_epsilon_eq_species": 0.313363802298899,
      "mean_abs_epsilon_ECOLI": 0.40055907175941946,
      "mean_abs_epsilon_HUMAN": 0.25025986095168934,
      "mean_abs_epsilon_YEAST": 0.28927247418558816,
      "median_log2_empirical_ECOLI": -1.7698047330525082,
      "median_log2_empirical_HUMAN": 0.06289392686034034,
      "median_log2_empirical_YEAST": 1.0873750207001756,
      "median_abs_epsilon_precision_global": 0.18439790631135722,
      "median_abs_epsilon_precision_eq_species": 0.19692428895008796,
      "median_abs_epsilon_precision_ECOLI": 0.2198985216082967,
      "median_abs_epsilon_precision_HUMAN": 0.17520364677913847,
      "median_abs_epsilon_precision_YEAST": 0.1956706984628287,
      "mean_log2_empirical_ECOLI": -1.6710388808285772,
      "mean_log2_empirical_HUMAN": 0.05886669336419727,
      "mean_log2_empirical_YEAST": 1.0408390459010413,
      "mean_abs_epsilon_precision_global": 0.26107205684132706,
      "mean_abs_epsilon_precision_eq_species": 0.2906983923113997,
      "mean_abs_epsilon_precision_ECOLI": 0.34534389006528055,
      "mean_abs_epsilon_precision_HUMAN": 0.2443293473531637,
      "mean_abs_epsilon_precision_YEAST": 0.28242193951575484,
      "CV_median": 0.20357119964505382,
      "CV_q75": 0.29231673403012487,
      "CV_q90": 0.4230854865965551,
      "CV_q95": 0.5164628698623347,
      "variance_epsilon_global": 0.15774182006479162,
      "nr_prec": 18485,
      "roc_auc": 0.9608002569787296
    },
    "2": {
      "median_abs_epsilon_global": 0.20226718418447653,