{
  "id": "Sage_20250504_145417",
  "old_new": "new",
  "software_name": "Sage",
  "software_version": "0.14.6",
  "search_engine": "Sage",
  "search_engine_version": "0.14.6",
  "ident_fdr_psm": "0.01",
  "ident_fdr_peptide": NaN,
  "ident_fdr_protein": NaN,
  "enable_match_between_runs": true,
  "precursor_mass_tolerance": "[-20.0 ppm, 20.0 ppm]",
  "fragment_mass_tolerance": "[-20.0 ppm, 20.0 ppm]",
  "enzyme": "KR",
  "allowed_miscleavages": "1",
  "min_peptide_length": "7",
  "max_peptide_length": "50",
  "is_temporary": false,
  "intermediate_hash": "5d7209cf235899ad053ed7dc6b839ac67a226b3c",
  "results": {
    "6": {
      "median_abs_epsilon": 0.27516881951855154,
      "mean_abs_epsilon": 0.4448187365357453,
      "variance_epsilon": 0.45613872353358587,
      "nr_prec": 55748,
      "CV_median": 0.2746991120488087,
      "CV_q90": 0.8549044888452253,
      "CV_q75": 0.5298099467699013,
      "CV_q95": 1.125464931254931
    },
    "5": {
      "median_abs_epsilon": 0.28064287272147936,
      "mean_abs_epsilon": 0.4604347676825886,
      "variance_epsilon": 0.5038157530167781,
      "nr_prec": 57037,
      "CV_median": 0.27830153971301486,
      "CV_q90": 0.8727503312783114,
      "CV_q75": 0.5435571569312532,
      "CV_q95": 1.1595170246427537
    },
    "4": {
      "median_abs_epsilon": 0.2838630944181091,
      "mean_abs_epsilon": 0.474199017716318,
      "variance_epsilon": 0.5516404760915117,
      "nr_prec": 57968,
      "CV_median": 0.2797744692607387,
      "CV_q90": 0.880986373521814,
      "CV_q75": 0.5495972932344428,
      "CV_q95": 1.1751132862331013
    },
    "3": {
      "median_abs_epsilon": 0.2859724238077632,
      "mean_abs_epsilon": 0.48316276747836984,
      "variance_epsilon": 0.5852465482609964,
      "nr_prec": 58445,
      "CV_median": 0.2805159564229032,
      "CV_q90": 0.8850479565089662,
      "CV_q75": 0.5526130841165375,
      "CV_q95": 1.1827805389076236
    },
    "2": {
      "median_abs_epsilon": 0.28697933545861787,
      "mean_abs_epsilon": 0.48786613378854593,
      "variance_epsilon": 0.6059512832131537,
      "nr_prec": 58727,
      "CV_median": 0.28055731880472007,
      "CV_q90": 0.885422451842391,
      "CV_q75": 0.5528974504436495,
      "CV_q95": 1.183539362558209
    },
    "1": {
      "median_abs_epsilon": 0.28697933545861787,
      "mean_abs_epsilon": 0.48786613378854593,
      "variance_epsilon": 0.6059512832131535,
      "nr_prec": 58781,
      "CV_median": 0.28055731880472007,
      "CV_q90": 0.885422451842391,
      "CV_q75": 0.5528974504436495,
      "CV_q95": 1.183539362558209
    }
  },
  "median_abs_epsilon": 0.2859724238077632,
  "nr_prec": 58445,
  "comments": "",
  "fixed_mods": "{'C': 57.02146}",
  "variable_mods": "{'[': [42.0106], 'M': [15.9949]}",
  "max_mods": "3",
  "min_precursor_charge": "1",
  "max_precursor_charge": "7",
  "submission_comments": "\n\n ### Parameter changes Detected:\n- **abundance_normalization_ions**: `None` \u2192 `nan`\n- **quantification_method**: `None` \u2192 `Sage`\n- **protein_inference**: `None` \u2192 `nan`\n- **ident_fdr_protein**: `None` \u2192 `nan`\n- **ident_fdr_peptide**: `None` \u2192 `nan`\n- **ident_fdr_psm**: `None` \u2192 `0.01`\n\nDataset URL: https://proteobench.cubimed.rub.de/datasets/5d7209cf235899ad053ed7dc6b839ac67a226b3c/",
  "proteobench_version": "0.8.7",
  "minPeptideLength": NaN,
  "color": "#d30067",
  "hover_text": "ProteoBench ID: Sage_20250504_145417<br>Software tool: Sage <br>Comment (private submission): ...",
  "scatter_size": 40,
  "scan_window": NaN,
  "quantification_method_DIANN": NaN,
  "second_pass": NaN,
  "protein_inference": NaN,
  "predictors_library": NaN,
  "quantification_method": "Sage",
  "mean_abs_epsilon": 0.48316276747836984,
  "abundance_normalization_ions": NaN
}