{
  "old_new": "new",
  "id": "Sage_20250605_075340",
  "software_name": "AlphaPept",
  "software_version": "0.5.0",
  "search_engine": "AlphaPept",
  "search_engine_version": "0.5.0",
  "ident_fdr_psm": "0.01",
  "ident_fdr_peptide": "nan",
  "ident_fdr_protein": "0.01",
  "enable_match_between_runs": true,
  "precursor_mass_tolerance": "[-20 ppm, 20 ppm]",
  "fragment_mass_tolerance": "[-50 ppm, 50 ppm]",
  "enzyme": "Trypsin",
  "allowed_miscleavages": "2",
  "min_peptide_length": "7",
  "max_peptide_length": "27",
  "is_temporary": false,
  "intermediate_hash": "5d7209cf235899ad053ed7dc6b839ac67a226b3c",
  "results": {
    "6": {
      "median_abs_epsilon": 0.27516881951855104,
      "mean_abs_epsilon": 0.44481873653574505,
      "variance_epsilon": 0.45613872353358503,
      "nr_prec": 55748,
      "CV_median": 0.27469911204880804,
      "CV_q90": 0.8549044888452251,
      "CV_q75": 0.529809946769901,
      "CV_q95": 1.125464931254931
    },
    "5": {
      "median_abs_epsilon": 0.28064287272147903,
      "mean_abs_epsilon": 0.460434767682588,
      "variance_epsilon": 0.5038157530167781,
      "nr_prec": 57037,
      "CV_median": 0.278301539713014,
      "CV_q90": 0.872750331278311,
      "CV_q75": 0.5435571569312531,
      "CV_q95": 1.159517024642753
    },
    "4": {
      "median_abs_epsilon": 0.28386309441810903,
      "mean_abs_epsilon": 0.47419901771631806,
      "variance_epsilon": 0.551640476091511,
      "nr_prec": 57968,
      "CV_median": 0.279774469260738,
      "CV_q90": 0.8809863735218141,
      "CV_q75": 0.5495972932344421,
      "CV_q95": 1.175113286233101
    },
    "3": {
      "median_abs_epsilon": 0.285972423807763,
      "mean_abs_epsilon": 0.48316276747836906,
      "variance_epsilon": 0.5852465482609961,
      "nr_prec": 58445,
      "CV_median": 0.280515956422903,
      "CV_q90": 0.8850479565089661,
      "CV_q75": 0.5526130841165371,
      "CV_q95": 1.1827805389076231
    },
    "2": {
      "median_abs_epsilon": 0.28697933545861704,
      "mean_abs_epsilon": 0.48786613378854504,
      "variance_epsilon": 0.6059512832131531,
      "nr_prec": 58727,
      "CV_median": 0.28055731880472,
      "CV_q90": 0.8854224518423911,
      "CV_q75": 0.552897450443649,
      "CV_q95": 1.183539362558209
    },
    "1": {
      "median_abs_epsilon": 0.28697933545861704,
      "mean_abs_epsilon": 0.48786613378854504,
      "variance_epsilon": 0.6059512832131531,
      "nr_prec": 58781,
      "CV_median": 0.28055731880472,
      "CV_q90": 0.8854224518423911,
      "CV_q75": 0.552897450443649,
      "CV_q95": 1.183539362558209
    }
  },
  "median_abs_epsilon": 0.285972423807763,
  "mean_abs_epsilon": 0.48316276747836906,
  "nr_prec": 58445,
  "comments": "",
  "proteobench_version": "0.8.15",
  "color": "#E43924",
  "hover_text": "ProteoBench ID: Sage_20250605_075340<br>Software tool: Sage 0.14.6<br>Search engine: Sage 0.14.6<br>FDR psm: None<br>MBR: True<br>Precursor Tolerance: [-20.0 ppm, 20.0 ppm]<br>Fragment Tolerance: [-20.0 ppm, 20.0 ppm]<br>Enzyme: KR <br>Missed Cleavages: 1<br>Min peptide length: 7<br>Max peptide length: 50<br>Comment (public submission): \n\n ### Par......",
  "scatter_size": 10,
  "fixed_mods": "cC",
  "variable_mods": "oxM,a<^",
  "max_mods": "3",
  "min_precursor_charge": "1",
  "max_precursor_charge": "6",
  "quantification_method": "nan",
  "protein_inference": "nan",
  "abundance_normalization_ions": null,
  "submission_comments": "\n\n ### No parameter changes detected. \n\n\nDataset URL: https://proteobench.cubimed.rub.de/datasets/5d7209cf235899ad053ed7dc6b839ac67a226b3c/"
}