{
    "id": "MaxQuant_20241216_123004",
    "old_new": "old",
    "software_name": "MaxQuant",
    "software_version": "1.5.8.2",
    "search_engine": "Andromeda",
    "search_engine_version": null,
    "ident_fdr_psm": null,
    "ident_fdr_peptide": 0.01,
    "ident_fdr_protein": 0.01,
    "enable_match_between_runs": false,
    "precursor_mass_tolerance": "[-4.5 ppm, 4.5 ppm]",
    "fragment_mass_tolerance": "[-20 ppm, 20 ppm]",
    "enzyme": "Trypsin/P",
    "allowed_miscleavages": 1,
    "min_peptide_length": 7.0,
    "max_peptide_length": null,
    "is_temporary": false,
    "intermediate_hash": "5dc44925b46df18a2799648b5f975a41ba8bf89f",
    "results": {
        "6": {
            "median_abs_epsilon": 0.157467283,
            "mean_abs_epsilon": 0.1991674383,
            "variance_epsilon": 0.0821661148,
            "nr_prec": 13565,
            "CV_median": 0.2039654009,
            "CV_q90": 0.393159644,
            "CV_q75": 0.2788129353,
            "CV_q95": 0.4907753092
        },
        "5": {
            "median_abs_epsilon": 0.1694897372,
            "mean_abs_epsilon": 0.216675781,
            "variance_epsilon": 0.096534834,
            "nr_prec": 19661,
            "CV_median": 0.2035774914,
            "CV_q90": 0.4057914035,
            "CV_q75": 0.2842331972,
            "CV_q95": 0.5031927315
        },
        "4": {
            "median_abs_epsilon": 0.1816031564,
            "mean_abs_epsilon": 0.2391990273,
            "variance_epsilon": 0.1187934634,
            "nr_prec": 25213,
            "CV_median": 0.2029410574,
            "CV_q90": 0.4102085399,
            "CV_q75": 0.2870721206,
            "CV_q95": 0.5063675075
        },
        "3": {
            "median_abs_epsilon": 0.1930080035,
            "mean_abs_epsilon": 0.2586786406,
            "variance_epsilon": 0.1371860531,
            "nr_prec": 31676,
            "CV_median": 0.2029736871,
            "CV_q90": 0.4144216907,
            "CV_q75": 0.2902987865,
            "CV_q95": 0.5103016698
        },
        "2": {
            "median_abs_epsilon": 0.1998532269,
            "mean_abs_epsilon": 0.2729442227,
            "variance_epsilon": 0.1570513497,
            "nr_prec": 38998,
            "CV_median": 0.2021232156,
            "CV_q90": 0.415207702,
            "CV_q75": 0.2908846874,
            "CV_q95": 0.511222287
        },
        "1": {
            "median_abs_epsilon": 0.1998532269,
            "mean_abs_epsilon": 0.2729442227,
            "variance_epsilon": 0.1570513497,
            "nr_prec": 49749,
            "CV_median": 0.2021232156,
            "CV_q90": 0.415207702,
            "CV_q75": 0.2908846874,
            "CV_q95": 0.511222287
        }
    },
    "median_abs_epsilon": 0.1930080035,
    "nr_prec": 31676,
    "comments": "",
    "fixed_mods": "Carbamidomethyl (C)",
    "variable_mods": "Oxidation (M),Acetyl (Protein N-term)",
    "max_mods": 5.0,
    "min_precursor_charge": null,
    "max_precursor_charge": 7,
    "submission_comments": "\n\nDataset URL: https://proteobench.cubimed.rub.de/datasets/5dc44925b46df18a2799648b5f975a41ba8bf89f/",
    "proteobench_version": "0.5.8",
    "minPeptideLength": null,
    "color": "#377eb8",
    "hover_text": "ProteoBench ID: MaxQuant_20241216_123004<br>Software tool: MaxQuant <br>Comment (private submission): ",
    "scatter_size": 20,
    "scan_window": null,
    "quantification_method_DIANN": null,
    "second_pass": null,
    "protein_inference": null,
    "predictors_library": null,
    "quantification_method": null,
    "mean_abs_epsilon": 0.2586786406,
    "abundance_normalization_ions": null
}