{
  "old_new": "new",
  "id": "MaxQuant_20250605_075813",
  "software_name": "MaxQuant",
  "software_version": "1.5.8.2",
  "search_engine": "Andromeda",
  "search_engine_version": NaN,
  "ident_fdr_psm": 0.01,
  "ident_fdr_peptide": NaN,
  "ident_fdr_protein": 0.01,
  "enable_match_between_runs": false,
  "precursor_mass_tolerance": "[-4.5 ppm, 4.5 ppm]",
  "fragment_mass_tolerance": "[-20 ppm, 20 ppm]",
  "enzyme": "Trypsin/P",
  "allowed_miscleavages": 1,
  "min_peptide_length": 7,
  "max_peptide_length": NaN,
  "is_temporary": false,
  "intermediate_hash": "5dc44925b46df18a2799648b5f975a41ba8bf89f",
  "results": {
    "6": {
      "median_abs_epsilon_global": 0.15691275547577632,
      "median_abs_epsilon_eq_species": 0.16974653778206594,
      "median_abs_epsilon_ECOLI": 0.17760708586268947,
      "median_abs_epsilon_HUMAN": 0.15170871149852339,
      "median_abs_epsilon_YEAST": 0.17992381598498497,
      "mean_abs_epsilon_global": 0.19792175611406929,
      "mean_abs_epsilon_eq_species": 0.2241080115395723,
      "mean_abs_epsilon_ECOLI": 0.261741452339283,
      "mean_abs_epsilon_HUMAN": 0.19167945808730633,
      "mean_abs_epsilon_YEAST": 0.21890312419212765,
      "median_log2_empirical_ECOLI": -1.8630230961445449,
      "median_log2_empirical_HUMAN": 0.06145263268036416,
      "median_log2_empirical_YEAST": 1.1305461946817452,
      "median_abs_epsilon_precision_global": 0.14135693764620072,
      "median_abs_epsilon_precision_eq_species": 0.14838128912618606,
      "median_abs_epsilon_precision_ECOLI": 0.16494329326084767,
      "median_abs_epsilon_precision_HUMAN": 0.1418710956797664,
      "median_abs_epsilon_precision_YEAST": 0.13832947843794408,
      "mean_log2_empirical_ECOLI": -1.803762722646811,
      "mean_log2_empirical_HUMAN": 0.04411433016537676,
      "mean_log2_empirical_YEAST": 1.1003184163163686,
      "mean_abs_epsilon_precision_global": 0.1875495101442745,
      "mean_abs_epsilon_precision_eq_species": 0.20499650332269537,
      "mean_abs_epsilon_precision_ECOLI": 0.23749757122641832,
      "mean_abs_epsilon_precision_HUMAN": 0.18551057163158208,
      "mean_abs_epsilon_precision_YEAST": 0.19198136711008576,
      "CV_median": 0.20363322665324513,
      "CV_q75": 0.2779431389496315,
      "CV_q90": 0.39035874039575325,
      "CV_q95": 0.48783784373789646,
      "variance_epsilon_global": 0.08038368328225666,
      "nr_feature": 13301,
      "roc_auc": 0.9887758795450079
    },
    "5": {
      "median_abs_epsilon_global": 0.16921456411310842,
      "median_abs_epsilon_eq_species": 0.19054735121140887,
      "median_abs_epsilon_ECOLI": 0.21763907763270396,
      "median_abs_epsilon_HUMAN": 0.1634262991176012,
      "median_abs_epsilon_YEAST": 0.19057667688392144,
      "mean_abs_epsilon_global": 0.2161942902846154,
      "mean_abs_epsilon_eq_species": 0.2503267215201428,
      "mean_abs_epsilon_ECOLI": 0.304567859179401,
      "mean_abs_epsilon_HUMAN": 0.20909448433273745,
      "mean_abs_epsilon_YEAST": 0.23731782104828994,
      "median_log2_empirical_ECOLI": -1.8149944203159105,
      "median_log2_empirical_HUMAN": 0.062232578570242225,
      "median_log2_empirical_YEAST": 1.1140283417263284,
      "median_abs_epsilon_precision_global": 0.15453965576737616,
      "median_abs_epsilon_precision_eq_species": 0.16256937528016024,
      "median_abs_epsilon_precision_ECOLI": 0.1772011618818432,
      "median_abs_epsilon_precision_HUMAN": 0.15309579684239694,
      "median_abs_epsilon_precision_YEAST": 0.1574111671162406,
      "mean_log2_empirical_ECOLI": -1.7672661328877386,
      "mean_log2_empirical_HUMAN": 0.04796873528647838,
      "mean_log2_empirical_YEAST": 1.0785770426761574,
      "mean_abs_epsilon_precision_global": 0.2071015292730131,
      "mean_abs_epsilon_precision_eq_species": 0.22856636750847412,
      "mean_abs_epsilon_precision_ECOLI": 0.2632739847449336,
      "mean_abs_epsilon_precision_HUMAN": 0.2028103131821705,
      "mean_abs_epsilon_precision_YEAST": 0.21961480459831828,
      "CV_median": 0.2031809860159581,
      "CV_q75": 0.2833216478107049,
      "CV_q90": 0.4037423417214256,
      "CV_q95": 0.5010433878497031,
      "variance_epsilon_global": 0.09592564121982225,
      "nr_feature": 19359,
      "roc_auc": 0.983681981871071
    },
    "4": {
      "median_abs_epsilon_global": 0.18138845964088368,
      "median_abs_epsilon_eq_species": 0.20713614976866287,
      "median_abs_epsilon_ECOLI": 0.24267063609972794,
      "median_abs_epsilon_HUMAN": 0.17484685765907315,
      "median_abs_epsilon_YEAST": 0.2038909555471875,
      "mean_abs_epsilon_global": 0.23898806923952406,
      "mean_abs_epsilon_eq_species": 0.289051034466383,
      "mean_abs_epsilon_ECOLI": 0.37327270050872086,
      "mean_abs_epsilon_HUMAN": 0.22903361812810008,
      "mean_abs_epsilon_YEAST": 0.26484678476232804,
      "median_log2_empirical_ECOLI": -1.7843331132224662,
      "median_log2_empirical_HUMAN": 0.06408796547285434,
      "median_log2_empirical_YEAST": 1.094407677001831,
      "median_abs_epsilon_precision_global": 0.16815894069026793,
      "median_abs_epsilon_precision_eq_species": 0.1830102505639335,
      "median_abs_epsilon_precision_ECOLI": 0.2043640975390062,
      "median_abs_epsilon_precision_HUMAN": 0.1648878502233586,
      "median_abs_epsilon_precision_YEAST": 0.17977880392943568,
      "mean_log2_empirical_ECOLI": -1.7119368572563367,
      "mean_log2_empirical_HUMAN": 0.051863251859490256,
      "mean_log2_empirical_YEAST": 1.0508428491253397,
      "mean_abs_epsilon_precision_global": 0.23124576818460638,
      "mean_abs_epsilon_precision_eq_species": 0.2677117784968121,
      "mean_abs_epsilon_precision_ECOLI": 0.32488029513724603,
      "mean_abs_epsilon_precision_HUMAN": 0.2227394184394293,
      "mean_abs_epsilon_precision_YEAST": 0.255515621913761,
      "CV_median": 0.20263716585277658,
      "CV_q75": 0.28629723849905736,
      "CV_q90": 0.40824636660863,
      "CV_q95": 0.5041706544542794,
      "variance_epsilon_global": 0.11861591451192456,
      "nr_feature": 24874,
      "roc_auc": 0.9716857353194053
    },
    "3": {
      "median_abs_epsilon_global": 0.19292161749895698,
      "median_abs_epsilon_eq_species": 0.21929068114205208,
      "median_abs_epsilon_ECOLI": 0.25587167291784496,
      "median_abs_epsilon_HUMAN": 0.1873239794151651,
      "median_abs_epsilon_YEAST": 0.21467639109314618,
      "mean_abs_epsilon_global": 0.25869275840926603,
      "mean_abs_epsilon_eq_species": 0.31042335409095784,
      "mean_abs_epsilon_ECOLI": 0.3991463999352659,
      "mean_abs_epsilon_HUMAN": 0.2494056931629916,
      "mean_abs_epsilon_YEAST": 0.282717969174616,
      "median_log2_empirical_ECOLI": -1.7698047330525082,
      "median_log2_empirical_HUMAN": 0.0676510978260616,
      "median_log2_empirical_YEAST": 1.0866816601115552,
      "median_abs_epsilon_precision_global": 0.18150544563488502,
      "median_abs_epsilon_precision_eq_species": 0.19583769521630798,
      "median_abs_epsilon_precision_ECOLI": 0.218043024018991,
      "median_abs_epsilon_precision_HUMAN": 0.17765432989888197,
      "median_abs_epsilon_precision_YEAST": 0.19181573173105093,
      "mean_log2_empirical_ECOLI": -1.6813614289789793,
      "mean_log2_empirical_HUMAN": 0.05730904192770214,
      "mean_log2_empirical_YEAST": 1.0407750197021497,
      "mean_abs_epsilon_precision_global": 0.2510480644572397,
      "mean_abs_epsilon_precision_eq_species": 0.28766852069682525,
      "mean_abs_epsilon_precision_ECOLI": 0.3444209473616394,
      "mean_abs_epsilon_precision_HUMAN": 0.24273761035825595,
      "mean_abs_epsilon_precision_YEAST": 0.27584700437058046,
      "CV_median": 0.20262271463329357,
      "CV_q75": 0.28955088088219333,
      "CV_q90": 0.41265602102629606,
      "CV_q95": 0.5082012028337839,
      "variance_epsilon_global": 0.1364588813557118,
      "nr_feature": 31314,
      "roc_auc": 0.9616133528141854
    },
    "2": {
      "median_abs_epsilon_global": 0.19983741957069867,