{
  "old_new": "new",
  "id": "MaxQuant_20250605_075813",
  "software_name": "MaxQuant",
  "software_version": "1.5.8.2",
  "search_engine": "Andromeda",
  "search_engine_version": NaN,
  "ident_fdr_psm": 0.01,
  "ident_fdr_peptide": null,
  "ident_fdr_protein": 0.01,
  "enable_match_between_runs": false,
  "precursor_mass_tolerance": "[-4.5 ppm, 4.5 ppm]",
  "fragment_mass_tolerance": "[-20 ppm, 20 ppm]",
  "enzyme": "Trypsin/P",
  "allowed_miscleavages": 1,
  "min_peptide_length": 7,
  "max_peptide_length": null,
  "is_temporary": false,
  "intermediate_hash": "5dc44925b46df18a2799648b5f975a41ba8bf89f",
  "results": {
    "6": {
      "median_abs_epsilon_global": 0.15688696536877522,
      "median_abs_epsilon_eq_species": 0.1696572049043231,
      "median_abs_epsilon_ECOLI": 0.17760708586268947,
      "median_abs_epsilon_HUMAN": 0.1516464562635349,
      "median_abs_epsilon_YEAST": 0.17971807258674488,
      "mean_abs_epsilon_global": 0.19763054109110648,
      "mean_abs_epsilon_eq_species": 0.22392167651108963,
      "mean_abs_epsilon_ECOLI": 0.261741452339283,
      "mean_abs_epsilon_HUMAN": 0.1913747391158531,
      "mean_abs_epsilon_YEAST": 0.2186488380781328,
      "median_log2_empirical_ECOLI": -1.8630230961445449,
      "median_log2_empirical_HUMAN": 0.061435328733765004,
      "median_log2_empirical_YEAST": 1.1308787947410543,
      "median_abs_epsilon_precision_global": 0.14121660198388142,
      "median_abs_epsilon_precision_eq_species": 0.14831689924394395,
      "median_abs_epsilon_precision_ECOLI": 0.16494329326084767,
      "median_abs_epsilon_precision_HUMAN": 0.14180951004841091,
      "median_abs_epsilon_precision_YEAST": 0.13819789442257324,
      "mean_log2_empirical_ECOLI": -1.803762722646811,
      "mean_log2_empirical_HUMAN": 0.044040159995610825,
      "mean_log2_empirical_YEAST": 1.1008270622235972,
      "mean_abs_epsilon_precision_global": 0.18723396544025483,
      "mean_abs_epsilon_precision_eq_species": 0.20475959876905026,
      "mean_abs_epsilon_precision_ECOLI": 0.2374975712264183,
      "mean_abs_epsilon_precision_HUMAN": 0.18521146549581993,
      "mean_abs_epsilon_precision_YEAST": 0.19156975958491257,
      "CV_median": 0.2036367488425605,
      "CV_q75": 0.2779352375521873,
      "CV_q90": 0.3902937046233954,
      "CV_q95": 0.48771290571389403,
      "roc_auc": 0.9889097385789694,
      "roc_auc_directional": 0.9860066529497742,
      "nr_prec": 13294,
      "nr_prec_HUMAN": 10575,
      "nr_prec_YEAST": 2510,
      "nr_prec_ECOLI": 209,
      "variance_epsilon_global": 0.0800420849210205
    },
    "5": {
      "median_abs_epsilon_global": 0.16895866885054467,
      "median_abs_epsilon_eq_species": 0.19012079881428376,
      "median_abs_epsilon_ECOLI": 0.2169028397743098,
      "median_abs_epsilon_HUMAN": 0.16336332381576213,
      "median_abs_epsilon_YEAST": 0.19009623285277932,
      "mean_abs_epsilon_global": 0.21564113125532233,
      "mean_abs_epsilon_eq_species": 0.24837514166446564,
      "mean_abs_epsilon_ECOLI": 0.2995816512912904,
      "mean_abs_epsilon_HUMAN": 0.20860202879027978,
      "mean_abs_epsilon_YEAST": 0.2369417449118267,
      "median_log2_empirical_ECOLI": -1.8154963208425379,
      "median_log2_empirical_HUMAN": 0.06218139500685638,
      "median_log2_empirical_YEAST": 1.114250848790606,
      "median_abs_epsilon_precision_global": 0.15439180160873356,
      "median_abs_epsilon_precision_eq_species": 0.1619889456793988,
      "median_abs_epsilon_precision_ECOLI": 0.17572047009934266,
      "median_abs_epsilon_precision_HUMAN": 0.15300350142356223,
      "median_abs_epsilon_precision_YEAST": 0.15724286551529154,
      "mean_log2_empirical_ECOLI": -1.7724629976440813,
      "mean_log2_empirical_HUMAN": 0.047756517864273,
      "mean_log2_empirical_YEAST": 1.0792085594032332,
      "mean_abs_epsilon_precision_global": 0.20652883661134386,
      "mean_abs_epsilon_precision_eq_species": 0.22648866321990135,
      "mean_abs_epsilon_precision_ECOLI": 0.2580435056105917,
      "mean_abs_epsilon_precision_HUMAN": 0.2023330367067614,
      "mean_abs_epsilon_precision_YEAST": 0.21908944734235097,
      "CV_median": 0.2032006273292035,
      "CV_q75": 0.28330426642062756,
      "CV_q90": 0.40364677286030615,
      "CV_q95": 0.5008817135848652,
      "roc_auc": 0.9844258637699222,
      "roc_auc_directional": 0.9846081059693743,
      "nr_prec": 19344,
      "nr_prec_HUMAN": 15293,
      "nr_prec_YEAST": 3710,
      "nr_prec_ECOLI": 341,
      "variance_epsilon_global": 0.09510140881248683
    },
    "4": {
      "median_abs_epsilon_global": 0.18127905884618656,
      "median_abs_epsilon_eq_species": 0.20645477562643558,
      "median_abs_epsilon_ECOLI": 0.24111766322677752,
      "median_abs_epsilon_HUMAN": 0.17473487861509795,
      "median_abs_epsilon_YEAST": 0.20351178503743128,
      "mean_abs_epsilon_global": 0.2384169154015743,
      "mean_abs_epsilon_eq_species": 0.28655540717187095,
      "mean_abs_epsilon_ECOLI": 0.36665544682869167,
      "mean_abs_epsilon_HUMAN": 0.22859589920483478,
      "mean_abs_epsilon_YEAST": 0.26441487548208625,
      "median_log2_empirical_ECOLI": -1.786085258308205,
      "median_log2_empirical_HUMAN": 0.06397138467265151,
      "median_log2_empirical_YEAST": 1.0947390605798795,
      "median_abs_epsilon_precision_global": 0.16801645163929102,
      "median_abs_epsilon_precision_eq_species": 0.18229177068597716,
      "median_abs_epsilon_precision_ECOLI": 0.20261195245326746,
      "median_abs_epsilon_precision_HUMAN": 0.16484217268342505,
      "median_abs_epsilon_precision_YEAST": 0.17942118692123898,
      "mean_log2_empirical_ECOLI": -1.7188942688515958,
      "mean_log2_empirical_HUMAN": 0.05160020467027559,
      "mean_log2_empirical_YEAST": 1.0515980121777373,
      "mean_abs_epsilon_precision_global": 0.23065239970032558,
      "mean_abs_epsilon_precision_eq_species": 0.26493640164569204,
      "mean_abs_epsilon_precision_ECOLI": 0.31754864964276436,
      "mean_abs_epsilon_precision_HUMAN": 0.2223255586135991,
      "mean_abs_epsilon_precision_YEAST": 0.2549349966807127,
      "CV_median": 0.2026406488744188,
      "CV_q75": 0.2862619729604635,
      "CV_q90": 0.4080705610556837,
      "CV_q95": 0.5039600764582639,
      "roc_auc": 0.972538363332398,
      "roc_auc_directional": 0.9777727353386837,
      "nr_prec": 24852,
      "nr_prec_HUMAN": 19468,
      "nr_prec_YEAST": 4883,
      "nr_prec_ECOLI": 501,
      "variance_epsilon_global": 0.11775561732613972
    },
    "3": {
      "median_abs_epsilon_global": 0.1927912143199606,
      "median_abs_epsilon_eq_species": 0.21879621082271683,
      "median_abs_epsilon_ECOLI": 0.2546225413981791,
      "median_abs_epsilon_HUMAN": 0.1871929013825362,
      "median_abs_epsilon_YEAST": 0.21457318968743522,
      "mean_abs_epsilon_global": 0.2579425588956039,
      "mean_abs_epsilon_eq_species": 0.3058873865114417,
      "mean_abs_epsilon_ECOLI": 0.3865513619571478,
      "mean_abs_epsilon_HUMAN": 0.24891200110597303,
      "mean_abs_epsilon_YEAST": 0.2821987964712042,
      "median_log2_empirical_ECOLI": -1.7715236796753686,
      "median_log2_empirical_HUMAN": 0.06756398098139549,
      "median_log2_empirical_YEAST": 1.0868687499314937,
      "median_abs_epsilon_precision_global": 0.1811826116693851,
      "median_abs_epsilon_precision_eq_species": 0.19513098941011364,
      "median_abs_epsilon_precision_ECOLI": 0.21604827147142025,
      "median_abs_epsilon_precision_HUMAN": 0.17752322351556238,
      "median_abs_epsilon_precision_YEAST": 0.1918214732433583,
      "mean_log2_empirical_ECOLI": -1.694517497123747,
      "mean_log2_empirical_HUMAN": 0.05693827195820864,
      "mean_log2_empirical_YEAST": 1.041607189751816,
      "mean_abs_epsilon_precision_global": 0.250271763583575,
      "mean_abs_epsilon_precision_eq_species": 0.28273362915002237,
      "mean_abs_epsilon_precision_ECOLI": 0.330751998719268,
      "mean_abs_epsilon_precision_HUMAN": 0.24226539448474801,