{
  "old_new": "new",
  "id": "i2MassChroQ_20250605_080150",
  "software_name": "i2MassChroQ",
  "software_version": "1.0.18",
  "search_engine": "X!Tandem",
  "search_engine_version": "nan",
  "ident_fdr_psm": 0.009952004517,
  "ident_fdr_peptide": 0.01356727105,
  "ident_fdr_protein": 0.008595988539,
  "enable_match_between_runs": true,
  "precursor_mass_tolerance": "[-10 ppm, 10 ppm]",
  "fragment_mass_tolerance": "[-0.02 Da, 0.02 Da]",
  "enzyme": "[RK]|{P}",
  "allowed_miscleavages": 2,
  "min_peptide_length": null,
  "max_peptide_length": null,
  "is_temporary": false,
  "intermediate_hash": "5dfc20b3a720fb08c3e9ce1a4827e962664f6338",
  "results": {
    "6": {
      "median_abs_epsilon_global": 0.18563676697053566,
      "median_abs_epsilon_eq_species": 0.22235432331702162,
      "median_abs_epsilon_ECOLI": 0.3244534217247388,
      "median_abs_epsilon_HUMAN": 0.18901713439551138,
      "median_abs_epsilon_YEAST": 0.15359241383081468,
      "mean_abs_epsilon_global": 0.2844270632526143,
      "mean_abs_epsilon_eq_species": 0.3899332069039884,
      "mean_abs_epsilon_ECOLI": 0.6106034435786251,
      "mean_abs_epsilon_HUMAN": 0.2721409580913535,
      "mean_abs_epsilon_YEAST": 0.2870552190419865,
      "median_log2_empirical_ECOLI": -2.0478190137386676,
      "median_log2_empirical_HUMAN": -0.15225678098673256,
      "median_log2_empirical_YEAST": 0.9661640512736511,
      "median_abs_epsilon_precision_global": 0.1396296137071893,
      "median_abs_epsilon_precision_eq_species": 0.1979890278189315,
      "median_abs_epsilon_precision_ECOLI": 0.3042719935553251,
      "median_abs_epsilon_precision_HUMAN": 0.13252322435188368,
      "median_abs_epsilon_precision_YEAST": 0.15717186554958573,
      "mean_log2_empirical_ECOLI": -1.7518159495435857,
      "mean_log2_empirical_HUMAN": -0.15882971306767377,
      "mean_log2_empirical_YEAST": 0.9039219131407501,
      "mean_abs_epsilon_precision_global": 0.2519646946859321,
      "mean_abs_epsilon_precision_eq_species": 0.39750266980482524,
      "mean_abs_epsilon_precision_ECOLI": 0.6732492897284577,
      "mean_abs_epsilon_precision_HUMAN": 0.22645506347307803,
      "mean_abs_epsilon_precision_YEAST": 0.2928036562129401,
      "CV_median": 0.11709220955529567,
      "CV_q75": 0.23773863983728039,
      "CV_q90": 0.4401821202971702,
      "CV_q95": 0.5674227693580323,
      "roc_auc": 0.928465876885476,
      "roc_auc_directional": 0.935689695896534,
      "nr_prec": 45485,
      "nr_prec_HUMAN": 35176,
      "nr_prec_YEAST": 9057,
      "nr_prec_ECOLI": 1252,
      "variance_epsilon_global": 0.17787972480064557
    },
    "5": {
      "median_abs_epsilon_global": 0.19702478441163507,
      "median_abs_epsilon_eq_species": 0.2471130851582887,
      "median_abs_epsilon_ECOLI": 0.3685868730524433,
      "median_abs_epsilon_HUMAN": 0.19810741507578555,
      "median_abs_epsilon_YEAST": 0.17464496734663726,
      "mean_abs_epsilon_global": 0.3138750298536883,
      "mean_abs_epsilon_eq_species": 0.4257259713744222,
      "mean_abs_epsilon_ECOLI": 0.6543137202530449,
      "mean_abs_epsilon_HUMAN": 0.2971821564111641,
      "mean_abs_epsilon_YEAST": 0.3256820374590576,
      "median_log2_empirical_ECOLI": -2.0526150136743553,
      "median_log2_empirical_HUMAN": -0.15346124390284643,
      "median_log2_empirical_YEAST": 0.9637881553784311,
      "median_abs_epsilon_precision_global": 0.15373247328950512,
      "median_abs_epsilon_precision_eq_species": 0.22613172581046825,
      "median_abs_epsilon_precision_ECOLI": 0.35708140430998725,
      "median_abs_epsilon_precision_HUMAN": 0.14438550903969372,
      "median_abs_epsilon_precision_YEAST": 0.1769282640817238,
      "mean_log2_empirical_ECOLI": -1.7493926741414727,
      "mean_log2_empirical_HUMAN": -0.162860487163429,
      "mean_log2_empirical_YEAST": 0.8902631960462853,
      "mean_abs_epsilon_precision_global": 0.2838260515129551,
      "mean_abs_epsilon_precision_eq_species": 0.4335577512162951,
      "mean_abs_epsilon_precision_ECOLI": 0.7138363550161232,
      "mean_abs_epsilon_precision_HUMAN": 0.25346568913579637,
      "mean_abs_epsilon_precision_YEAST": 0.33337120949696564,
      "CV_median": 0.12487735133858438,
      "CV_q75": 0.26426560707780805,
      "CV_q90": 0.47452307982631264,
      "CV_q95": 0.6123526130102295,
      "roc_auc": 0.9119044055029318,
      "roc_auc_directional": 0.9263163680960836,
      "nr_prec": 52409,
      "nr_prec_HUMAN": 40081,
      "nr_prec_YEAST": 10735,
      "nr_prec_ECOLI": 1593,
      "variance_epsilon_global": 0.22229909116027685
    },
    "4": {
      "median_abs_epsilon_global": 0.2057161267233205,
      "median_abs_epsilon_eq_species": 0.26420562469857306,
      "median_abs_epsilon_ECOLI": 0.39982597732870495,
      "median_abs_epsilon_HUMAN": 0.20544621609898428,
      "median_abs_epsilon_YEAST": 0.1873446806680299,
      "mean_abs_epsilon_global": 0.33416094881621683,
      "mean_abs_epsilon_eq_species": 0.4518384462821521,
      "mean_abs_epsilon_ECOLI": 0.6905918080006302,
      "mean_abs_epsilon_HUMAN": 0.3137855293799605,
      "mean_abs_epsilon_YEAST": 0.35113800146586527,
      "median_log2_empirical_ECOLI": -2.0544948009781283,
      "median_log2_empirical_HUMAN": -0.15488058912996827,
      "median_log2_empirical_YEAST": 0.9635413784489018,
      "median_abs_epsilon_precision_global": 0.16426866054308853,
      "median_abs_epsilon_precision_eq_species": 0.24338592176940269,
      "median_abs_epsilon_precision_ECOLI": 0.3867196852641328,
      "median_abs_epsilon_precision_HUMAN": 0.15329524470547362,
      "median_abs_epsilon_precision_YEAST": 0.19014283533860166,
      "mean_log2_empirical_ECOLI": -1.7653539735709207,
      "mean_log2_empirical_HUMAN": -0.16456671903928874,
      "mean_log2_empirical_YEAST": 0.8842045680307036,
      "mean_abs_epsilon_precision_global": 0.3052532425974967,
      "mean_abs_epsilon_precision_eq_species": 0.4577465747137455,
      "mean_abs_epsilon_precision_ECOLI": 0.7424310608115405,
      "mean_abs_epsilon_precision_HUMAN": 0.2710805583911017,
      "mean_abs_epsilon_precision_YEAST": 0.3597281049385944,
      "CV_median": 0.12909854954823513,
      "CV_q75": 0.27773863583356756,
      "CV_q90": 0.48881108870106904,
      "CV_q95": 0.6291331224883656,
      "roc_auc": 0.9041409305508272,
      "roc_auc_directional": 0.9210465321142582,
      "nr_prec": 57129,
      "nr_prec_HUMAN": 43378,
      "nr_prec_YEAST": 11835,
      "nr_prec_ECOLI": 1916,
      "variance_epsilon_global": 0.25845104445475
    },
    "3": {
      "median_abs_epsilon_global": 0.20929688915313704,
      "median_abs_epsilon_eq_species": 0.2722894713469248,
      "median_abs_epsilon_ECOLI": 0.41650399173477126,
      "median_abs_epsilon_HUMAN": 0.20869264814153965,
      "median_abs_epsilon_YEAST": 0.19167177416446357,
      "mean_abs_epsilon_global": 0.3433307011525406,
      "mean_abs_epsilon_eq_species": 0.4641404969445501,
      "mean_abs_epsilon_ECOLI": 0.7079495194103755,
      "mean_abs_epsilon_HUMAN": 0.32254101995531026,
      "mean_abs_epsilon_YEAST": 0.3619309514679644,
      "median_log2_empirical_ECOLI": -2.04584608661664,
      "median_log2_empirical_HUMAN": -0.1527142424026593,
      "median_log2_empirical_YEAST": 0.9620274087177858,
      "median_abs_epsilon_precision_global": 0.1698575491477463,
      "median_abs_epsilon_precision_eq_species": 0.2521590795922422,
      "median_abs_epsilon_precision_ECOLI": 0.4017375057108783,
      "median_abs_epsilon_precision_HUMAN": 0.1584267709597782,
      "median_abs_epsilon_precision_YEAST": 0.1963129621060702,
      "mean_log2_empirical_ECOLI": -1.7448625310847545,
      "mean_log2_empirical_HUMAN": -0.1605464736102873,
      "mean_log2_empirical_YEAST": 0.8790085867013413,
      "mean_abs_epsilon_precision_global": 0.3161608921697982,
      "mean_abs_epsilon_precision_eq_species": 0.4717016035698774,
      "mean_abs_epsilon_precision_ECOLI": 0.7618293190854621,
      "mean_abs_epsilon_precision_HUMAN": 0.28203702683765286,