{
    "id": "i2MassChroQ_20241216_123642",
    "old_new": "old",
    "software_name": "i2MassChroQ",
    "software_version": "1.0.18",
    "search_engine": "X!Tandem",
    "search_engine_version": "nan",
    "ident_fdr_psm": 0.0099520045,
    "ident_fdr_peptide": 0.013567271,
    "ident_fdr_protein": 0.0085959885,
    "enable_match_between_runs": true,
    "precursor_mass_tolerance": "[-10 ppm, 10 ppm]",
    "fragment_mass_tolerance": "[-0.02 Da, 0.02 Da]",
    "enzyme": "Trypsin",
    "allowed_miscleavages": 2,
    "min_peptide_length": null,
    "max_peptide_length": null,
    "is_temporary": false,
    "intermediate_hash": "5dfc20b3a720fb08c3e9ce1a4827e962664f6338",
    "results": {
        "6": {
            "median_abs_epsilon": 0.1859197649,
            "mean_abs_epsilon": 0.2849795672,
            "variance_epsilon": 0.1786822957,
            "nr_prec": 45861,
            "CV_median": 0.1172886261,
            "CV_q90": 0.4414936097,
            "CV_q75": 0.2387362614,
            "CV_q95": 0.5686351625
        },
        "5": {
            "median_abs_epsilon": 0.1971270706,
            "mean_abs_epsilon": 0.3141883503,
            "variance_epsilon": 0.2227352868,
            "nr_prec": 52814,
            "CV_median": 0.125062237,
            "CV_q90": 0.4752962994,
            "CV_q75": 0.2653225694,
            "CV_q95": 0.6131712139
        },
        "4": {
            "median_abs_epsilon": 0.2058757989,
            "mean_abs_epsilon": 0.3343873389,
            "variance_epsilon": 0.2586624173,
            "nr_prec": 57551,
            "CV_median": 0.1293036192,
            "CV_q90": 0.4896666762,
            "CV_q75": 0.2787272306,
            "CV_q95": 0.6299829203
        },
        "3": {
            "median_abs_epsilon": 0.209485141,
            "mean_abs_epsilon": 0.3435584413,
            "variance_epsilon": 0.2771931446,
            "nr_prec": 61603,
            "CV_median": 0.1311460463,
            "CV_q90": 0.4940843853,
            "CV_q75": 0.2829199951,
            "CV_q95": 0.6378949566
        },
        "2": {
            "median_abs_epsilon": 0.211711148,
            "mean_abs_epsilon": 0.3487875583,
            "variance_epsilon": 0.2901980311,
            "nr_prec": 64561,
            "CV_median": 0.131680736,
            "CV_q90": 0.4954040722,
            "CV_q75": 0.2843700184,
            "CV_q95": 0.6397463341
        },
        "1": {
            "median_abs_epsilon": 0.211711148,
            "mean_abs_epsilon": 0.3487875583,
            "variance_epsilon": 0.2901980311,
            "nr_prec": 66668,
            "CV_median": 0.131680736,
            "CV_q90": 0.4954040722,
            "CV_q75": 0.2843700184,
            "CV_q95": 0.6397463341
        }
    },
    "median_abs_epsilon": 0.209485141,
    "nr_prec": 61603,
    "comments": "",
    "fixed_mods": "57.02146@C",
    "variable_mods": "15.99491@M;Acetyl(N-term);Pyrolidone(N-term)",
    "max_mods": null,
    "min_precursor_charge": 1.0,
    "max_precursor_charge": 4,
    "submission_comments": "\n\nDataset URL: https://proteobench.cubimed.rub.de/datasets/5dfc20b3a720fb08c3e9ce1a4827e962664f6338/",
    "proteobench_version": "0.5.8",
    "minPeptideLength": null,
    "color": "#984ea3",
    "hover_text": "ProteoBench ID: i2MassChroQ_20241216_123642<br>Software tool: i2MassChroQ <br>Comment (private submission): ",
    "scatter_size": 20,
    "scan_window": null,
    "quantification_method_DIANN": null,
    "second_pass": null,
    "protein_inference": null,
    "predictors_library": null,
    "quantification_method": null,
    "mean_abs_epsilon": 0.3435584413,
    "abundance_normalization_ions": null
}