{
  "old_new": "new",
  "id": "i2MassChroQ_20250605_080150",
  "software_name": "i2MassChroQ",
  "software_version": "1.0.18",
  "search_engine": "X!Tandem",
  "search_engine_version": "nan",
  "ident_fdr_psm": "0.009952004517",
  "ident_fdr_peptide": "0.01356727105",
  "ident_fdr_protein": "0.008595988539",
  "enable_match_between_runs": true,
  "precursor_mass_tolerance": "[-10 ppm, 10 ppm]",
  "fragment_mass_tolerance": "[-0.02 Da, 0.02 Da]",
  "enzyme": "[RK]|{P}",
  "allowed_miscleavages": "2",
  "min_peptide_length": null,
  "max_peptide_length": null,
  "is_temporary": false,
  "intermediate_hash": "5dfc20b3a720fb08c3e9ce1a4827e962664f6338",
  "results": {
    "6": {
      "median_abs_epsilon": 0.18591976485248907,
      "mean_abs_epsilon": 0.28497956715332823,
      "variance_epsilon": 0.1786822957230135,
      "nr_prec": 45861,
      "CV_median": 0.11728862611313207,
      "CV_q90": 0.4414936097460849,
      "CV_q75": 0.23873626137167092,
      "CV_q95": 0.5686351624574728
    },
    "5": {
      "median_abs_epsilon": 0.19712707060063295,
      "mean_abs_epsilon": 0.31418835034014914,
      "variance_epsilon": 0.2227352867997659,
      "nr_prec": 52814,
      "CV_median": 0.12506223704844016,
      "CV_q90": 0.4752962994197374,
      "CV_q75": 0.2653225694251077,
      "CV_q95": 0.6131712139338286
    },
    "4": {
      "median_abs_epsilon": 0.20587579888547225,
      "mean_abs_epsilon": 0.3343873388582719,
      "variance_epsilon": 0.2586624172685108,
      "nr_prec": 57551,
      "CV_median": 0.12930361922447964,
      "CV_q90": 0.48966667615907533,
      "CV_q75": 0.278727230568517,
      "CV_q95": 0.6299829203138343
    },
    "3": {
      "median_abs_epsilon": 0.20948514098727244,
      "mean_abs_epsilon": 0.343558441348115,
      "variance_epsilon": 0.2771931446033371,
      "nr_prec": 61603,
      "CV_median": 0.13114604632918764,
      "CV_q90": 0.4940843852620178,
      "CV_q75": 0.28291999514082744,
      "CV_q95": 0.6378949566285201
    },
    "2": {
      "median_abs_epsilon": 0.21171114803011903,
      "mean_abs_epsilon": 0.3487875583010975,
      "variance_epsilon": 0.29019803106383063,
      "nr_prec": 64561,
      "CV_median": 0.13168073598030905,
      "CV_q90": 0.49540407223320293,
      "CV_q75": 0.28437001837127984,
      "CV_q95": 0.6397463340779541
    },
    "1": {
      "median_abs_epsilon": 0.21171114803011903,
      "mean_abs_epsilon": 0.3487875583010975,
      "variance_epsilon": 0.29019803106383063,
      "nr_prec": 66668,
      "CV_median": 0.13168073598030905,
      "CV_q90": 0.49540407223320293,
      "CV_q75": 0.28437001837127984,
      "CV_q95": 0.6397463340779541
    }
  },
  "median_abs_epsilon": 0.20948514098727244,
  "mean_abs_epsilon": 0.343558441348115,
  "nr_prec": 61603,
  "comments": "",
  "proteobench_version": "0.8.15",
  "color": "#984ea3",
  "hover_text": "ProteoBench ID: i2MassChroQ_20250605_080150<br>Software tool: i2MassChroQ <br>Comment (private submission): ...",
  "scatter_size": 20,
  "fixed_mods": "57.02146@C",
  "variable_mods": "15.99491@M;Acetyl(N-term);Pyrolidone(N-term)",
  "max_mods": null,
  "min_precursor_charge": null,
  "max_precursor_charge": "4",
  "quantification_method": "nan",
  "protein_inference": "nan",
  "abundance_normalization_ions": "nan",
  "submission_comments": "\n\n ### No parameter changes detected. \n\n\nDataset URL: https://proteobench.cubimed.rub.de/datasets/5dfc20b3a720fb08c3e9ce1a4827e962664f6338/"
}