{
  "id": "FragPipe_20250504_170341",
  "old_new": "new",
  "software_name": "FragPipe",
  "software_version": "23.0",
  "search_engine": "MSFragger-DDA+",
  "search_engine_version": "4.2",
  "ident_fdr_psm": "0.01",
  "ident_fdr_peptide": "1",
  "ident_fdr_protein": "0.01",
  "enable_match_between_runs": true,
  "precursor_mass_tolerance": "[-20 ppm, 20 ppm]",
  "fragment_mass_tolerance": "[-20 ppm, 20 ppm]",
  "enzyme": "Trypsin/P",
  "allowed_miscleavages": "2",
  "min_peptide_length": "7",
  "max_peptide_length": "50",
  "is_temporary": false,
  "intermediate_hash": "6279a9e388c08ba4e4d676ae645179691270a93e",
  "results": {
    "6": {
      "median_abs_epsilon": 0.15127020827380733,
      "mean_abs_epsilon": 0.220908989877208,
      "variance_epsilon": 0.1072097223277509,
      "nr_prec": 24564,
      "CV_median": 0.1514704458999671,
      "CV_q90": 0.3994083205315103,
      "CV_q75": 0.2592533862366087,
      "CV_q95": 0.5015208233319648
    },
    "5": {
      "median_abs_epsilon": 0.16710121748201168,
      "mean_abs_epsilon": 0.24766442234512903,
      "variance_epsilon": 0.13578187387591897,
      "nr_prec": 33918,
      "CV_median": 0.15601012259007302,
      "CV_q90": 0.4274439855760499,
      "CV_q75": 0.27316225133250677,
      "CV_q95": 0.5479317932185809
    },
    "4": {
      "median_abs_epsilon": 0.1817983654701809,
      "mean_abs_epsilon": 0.2770367616169345,
      "variance_epsilon": 0.17795123899450208,
      "nr_prec": 41586,
      "CV_median": 0.15815790255619147,
      "CV_q90": 0.4460754380263641,
      "CV_q75": 0.28148396378306884,
      "CV_q95": 0.5758573329655904
    },
    "3": {
      "median_abs_epsilon": 0.19556084783551242,
      "mean_abs_epsilon": 0.3068026209770697,
      "variance_epsilon": 0.22809523826536315,
      "nr_prec": 49281,
      "CV_median": 0.15915849515404806,
      "CV_q90": 0.45647726983558234,
      "CV_q75": 0.28573691136718893,
      "CV_q95": 0.5934656095242886
    },
    "2": {
      "median_abs_epsilon": 0.2064000822076526,
      "mean_abs_epsilon": 0.3351443457019878,
      "variance_epsilon": 0.2851309078360358,
      "nr_prec": 58354,
      "CV_median": 0.15987628457927863,
      "CV_q90": 0.4622626939499665,
      "CV_q75": 0.2883881475493979,
      "CV_q95": 0.6038807606684856
    },
    "1": {
      "median_abs_epsilon": 0.2064000822076526,
      "mean_abs_epsilon": 0.3351443457019877,
      "variance_epsilon": 0.2851309078360358,
      "nr_prec": 71643,
      "CV_median": 0.15987628457927863,
      "CV_q90": 0.4622626939499665,
      "CV_q75": 0.2883881475493979,
      "CV_q95": 0.6038807606684856
    }
  },
  "median_abs_epsilon": 0.19556084783551242,
  "nr_prec": 49281,
  "comments": "",
  "fixed_mods": "0.0,C-Term Peptide,true,-1; 0.0,N-Term Peptide,true,-1; 0.0,C-Term Protein,true,-1; 0.0,N-Term Protein,true,-1; 0.0,G (glycine),true,-1; 0.0,A (alanine),true,-1; 0.0,S (serine),true,-1; 0.0,P (proline),true,-1; 0.0,V (valine),true,-1; 0.0,T (threonine),true,-1; 57.02146,C (cysteine),true,-1; 0.0,L (leucine),true,-1; 0.0,I (isoleucine),true,-1; 0.0,N (asparagine),true,-1; 0.0,D (aspartic acid),true,-1; 0.0,Q (glutamine),true,-1; 0.0,K (lysine),true,-1; 0.0,E (glutamic acid),true,-1; 0.0,M (methionine),true,-1; 0.0,H (histidine),true,-1; 0.0,F (phenylalanine),true,-1; 0.0,R (arginine),true,-1; 0.0,Y (tyrosine),true,-1; 0.0,W (tryptophan),true,-1; 0.0,B ,true,-1; 0.0,J,true,-1; 0.0,O,true,-1; 0.0,U,true,-1; 0.0,X,true,-1; 0.0,Z,true,-1",
  "variable_mods": "15.9949,M,true,3; 42.0106,[^,true,1; 79.96633,STY,false,3; -17.0265,nQnC,false,1; -18.0106,nE,false,1; 4.025107,K,false,2; 6.020129,R,false,2; 8.014199,K,false,2; 10.008269,R,false,2; 0.0,site_10,false,1; 0.0,site_11,false,1; 0.0,site_12,false,1; 0.0,site_13,false,1; 0.0,site_14,false,1; 0.0,site_15,false,1; 0.0,site_16,false,1",
  "max_mods": "3",
  "min_precursor_charge": "1",
  "max_precursor_charge": "7",
  "submission_comments": "\n\n ### Parameter changes Detected:\n- **search_engine**: `MSFragger` \u2192 `MSFragger-DDA+`\n- **search_engine_version**: `` \u2192 `4.2`\n- **software_version**: `Version info:` \u2192 `23.0`\n- **quantification_method**: `nan` \u2192 `IonQuant`\n- **ident_fdr_protein**: `1` \u2192 `0.01`\n- **max_precursor_charge**: `None` \u2192 `7`\n\nDataset URL: https://proteobench.cubimed.rub.de/datasets/6279a9e388c08ba4e4d676ae645179691270a93e/",
  "proteobench_version": "0.8.7",
  "minPeptideLength": NaN,
  "color": "#ff7f00",
  "hover_text": "ProteoBench ID: FragPipe_20250504_170341<br>Software tool: FragPipe <br>Comment (private submission): ...",
  "scatter_size": 20,
  "scan_window": NaN,
  "quantification_method_DIANN": NaN,
  "second_pass": NaN,
  "protein_inference": "ProteinProphet: --maxppmdiff 2000000",
  "predictors_library": NaN,
  "quantification_method": "IonQuant",
  "mean_abs_epsilon": 0.3068026209770697,
  "abundance_normalization_ions": "1"
}