{
  "id": "MaxQuant_20250204_141409",
  "old_new": "new",
  "software_name": "MaxQuant",
  "software_version": "1.5.2.8",
  "search_engine": "Andromeda",
  "search_engine_version": "nan",
  "ident_fdr_psm": null,
  "ident_fdr_peptide": "0.01",
  "ident_fdr_protein": "0.01",
  "enable_match_between_runs": false,
  "precursor_mass_tolerance": "[-4.5 ppm, 4.5 ppm]",
  "fragment_mass_tolerance": "[-20 ppm, 20 ppm]",
  "enzyme": "Trypsin/P",
  "allowed_miscleavages": "1",
  "min_peptide_length": "7",
  "max_peptide_length": null,
  "is_temporary": false,
  "intermediate_hash": "6295829948a64736c1c3da12f088ceb9941223b8",
  "results": {
    "6": {
      "median_abs_epsilon": 0.15430118349256716,
      "mean_abs_epsilon": 0.19810160988946257,
      "variance_epsilon": 0.09113486006205565,
      "nr_prec": 6254,
      "CV_median": 0.20308344956232566,
      "CV_q90": 0.40563604476023885,
      "CV_q75": 0.2820088285136124,
      "CV_q95": 0.49457221068009083
    },
    "5": {
      "median_abs_epsilon": 0.1659368400055179,
      "mean_abs_epsilon": 0.21705853089066907,
      "variance_epsilon": 0.10856156724252337,
      "nr_prec": 9057,
      "CV_median": 0.20361231017662595,
      "CV_q90": 0.4173690848531284,
      "CV_q75": 0.28819454588668136,
      "CV_q95": 0.5106913436537324
    },
    "4": {
      "median_abs_epsilon": 0.17848086626843696,
      "mean_abs_epsilon": 0.23982787038082573,
      "variance_epsilon": 0.12937221666050358,
      "nr_prec": 11529,
      "CV_median": 0.2035330953619574,
      "CV_q90": 0.42310566796791316,
      "CV_q75": 0.29199643171010514,
      "CV_q95": 0.5177318543329477
    },
    "3": {
      "median_abs_epsilon": 0.19058186497321472,
      "mean_abs_epsilon": 0.2613136479513279,
      "variance_epsilon": 0.14944002449406363,
      "nr_prec": 14499,
      "CV_median": 0.2036973928246038,
      "CV_q90": 0.42673224526635656,
      "CV_q75": 0.29505175041121423,
      "CV_q95": 0.5209342134604804
    },
    "2": {
      "median_abs_epsilon": 0.19749260816830017,
      "mean_abs_epsilon": 0.2735181425930015,
      "variance_epsilon": 0.16106141676467414,
      "nr_prec": 17705,
      "CV_median": 0.20259657870438927,
      "CV_q90": 0.42792694416915106,
      "CV_q75": 0.2954031795329418,
      "CV_q95": 0.5230744081676435
    },
    "1": {
      "median_abs_epsilon": 0.19749260816830017,
      "mean_abs_epsilon": 0.2735181425930015,
      "variance_epsilon": 0.16106141676467411,
      "nr_prec": 22412,
      "CV_median": 0.20259657870438927,
      "CV_q90": 0.42792694416915106,
      "CV_q75": 0.2954031795329418,
      "CV_q95": 0.5230744081676435
    }
  },
  "median_abs_epsilon": 0.19058186497321472,
  "nr_prec": 14499,
  "comments": "",
  "fixed_mods": "Carbamidomethyl (C)",
  "variable_mods": "Acetyl (Protein N-term),Oxidation (M)",
  "max_mods": "5",
  "min_precursor_charge": null,
  "max_precursor_charge": "7",
  "submission_comments": "DO NOT MERGE! THIS IS A TEST\n\n ### No parameter changes detected. \n\n\nDataset URL: https://proteobench.cubimed.rub.de/datasets/6295829948a64736c1c3da12f088ceb9941223b8/",
  "proteobench_version": "0.6.0",
  "minPeptideLength": NaN,
  "color": "#377eb8",
  "hover_text": "ProteoBench ID: MaxQuant_20250204_141409<br>Software tool: MaxQuant <br>Comment (private submission): ",
  "scatter_size": 20,
  "scan_window": NaN,
  "quantification_method_DIANN": NaN,
  "second_pass": NaN,
  "protein_inference": "nan",
  "predictors_library": NaN,
  "quantification_method": "nan",
  "mean_abs_epsilon": 0.2613136479513279,
  "abundance_normalization_ions": "nan"
}