{
  "old_new": "new",
  "id": "MaxQuant_20260309_105305",
  "software_name": "MaxQuant",
  "software_version": "1.5.3.30",
  "search_engine": "Andromeda",
  "search_engine_version": NaN,
  "ident_fdr_psm": 0.01,
  "ident_fdr_peptide": null,
  "ident_fdr_protein": 0.01,
  "enable_match_between_runs": false,
  "precursor_mass_tolerance": "[-4.5 ppm, 4.5 ppm]",
  "fragment_mass_tolerance": "[-20 ppm, 20 ppm]",
  "enzyme": "Trypsin/P",
  "allowed_miscleavages": 1,
  "min_peptide_length": 7,
  "max_peptide_length": null,
  "is_temporary": false,
  "intermediate_hash": "64a6d973acadd3591f912d677a9f78bc5d9721da",
  "results": {
    "6": {
      "median_abs_epsilon_global": 0.1571653278882188,
      "median_abs_epsilon_eq_species": 0.17280817796565393,
      "median_abs_epsilon_ECOLI": 0.18581930838165306,
      "median_abs_epsilon_HUMAN": 0.1520400351487723,
      "median_abs_epsilon_YEAST": 0.1805651903665364,
      "mean_abs_epsilon_global": 0.19856975555495673,
      "mean_abs_epsilon_eq_species": 0.22649120173940537,
      "mean_abs_epsilon_ECOLI": 0.26606994134989365,
      "mean_abs_epsilon_HUMAN": 0.19186107183270043,
      "mean_abs_epsilon_YEAST": 0.221542592035622,
      "median_log2_empirical_ECOLI": -1.8630230961445449,
      "median_log2_empirical_HUMAN": 0.06525692382223269,
      "median_log2_empirical_YEAST": 1.132790809346723,
      "median_abs_epsilon_precision_global": 0.14074223483763149,
      "median_abs_epsilon_precision_eq_species": 0.1448308230319538,
      "median_abs_epsilon_precision_ECOLI": 0.1552239250082863,
      "median_abs_epsilon_precision_HUMAN": 0.14113416139094426,
      "median_abs_epsilon_precision_YEAST": 0.1381343826966308,
      "mean_log2_empirical_ECOLI": -1.7977761271153851,
      "mean_log2_empirical_HUMAN": 0.048723716875006325,
      "mean_log2_empirical_YEAST": 1.0999569420221076,
      "mean_abs_epsilon_precision_global": 0.18746946807664203,
      "mean_abs_epsilon_precision_eq_species": 0.20647312769957896,
      "mean_abs_epsilon_precision_ECOLI": 0.24028227929705223,
      "mean_abs_epsilon_precision_HUMAN": 0.184831118709172,
      "mean_abs_epsilon_precision_YEAST": 0.19430598509251262,
      "CV_median": 0.20391008759062185,
      "CV_q75": 0.2786876309199795,
      "CV_q90": 0.39133082499679983,
      "CV_q95": 0.48850105515366793,
      "roc_auc": 0.9901665111795944,
      "roc_auc_directional": 0.9842966435313735,
      "nr_prec": 14001,
      "nr_prec_HUMAN": 11165,
      "nr_prec_YEAST": 2617,
      "nr_prec_ECOLI": 219,
      "variance_epsilon_global": 0.0845634258132814
    },
    "5": {
      "median_abs_epsilon_global": 0.16921456411310842,
      "median_abs_epsilon_eq_species": 0.1910563614975184,
      "median_abs_epsilon_ECOLI": 0.21928328763950766,
      "median_abs_epsilon_HUMAN": 0.16351946414392238,
      "median_abs_epsilon_YEAST": 0.19036633270912517,
      "mean_abs_epsilon_global": 0.21684535113432274,
      "mean_abs_epsilon_eq_species": 0.2484921435608125,
      "mean_abs_epsilon_ECOLI": 0.29595766056376,
      "mean_abs_epsilon_HUMAN": 0.20944569038985597,
      "mean_abs_epsilon_YEAST": 0.24007307972882153,
      "median_log2_empirical_ECOLI": -1.806546121170065,
      "median_log2_empirical_HUMAN": 0.06626057719388179,
      "median_log2_empirical_YEAST": 1.1120849381462605,
      "median_abs_epsilon_precision_global": 0.15419637992295954,
      "median_abs_epsilon_precision_eq_species": 0.1632203144639668,
      "median_abs_epsilon_precision_ECOLI": 0.1786807924082776,
      "median_abs_epsilon_precision_HUMAN": 0.1530324917087018,
      "median_abs_epsilon_precision_YEAST": 0.15794765927492094,
      "mean_log2_empirical_ECOLI": -1.7672196050562825,
      "mean_log2_empirical_HUMAN": 0.052772840664139044,
      "mean_log2_empirical_YEAST": 1.074703416508806,
      "mean_abs_epsilon_precision_global": 0.2071167303189573,
      "mean_abs_epsilon_precision_eq_species": 0.2254023901630424,
      "mean_abs_epsilon_precision_ECOLI": 0.2506231501630285,
      "mean_abs_epsilon_precision_HUMAN": 0.20220191532327833,
      "mean_abs_epsilon_precision_YEAST": 0.2233821050028203,
      "CV_median": 0.20392051444337211,
      "CV_q75": 0.28451654564921947,
      "CV_q90": 0.4046438364153585,
      "CV_q95": 0.5002332521518211,
      "roc_auc": 0.9847523991003538,
      "roc_auc_directional": 0.9843323676812832,
      "nr_prec": 20289,
      "nr_prec_HUMAN": 16044,
      "nr_prec_YEAST": 3885,
      "nr_prec_ECOLI": 360,
      "variance_epsilon_global": 0.10001176808457293
    },
    "4": {
      "median_abs_epsilon_global": 0.181371105291813,
      "median_abs_epsilon_eq_species": 0.20434423674476201,
      "median_abs_epsilon_ECOLI": 0.23439228887085584,
      "median_abs_epsilon_HUMAN": 0.1749681246409267,
      "median_abs_epsilon_YEAST": 0.20367229672250353,
      "mean_abs_epsilon_global": 0.23880949014276565,
      "mean_abs_epsilon_eq_species": 0.2834885340258306,
      "mean_abs_epsilon_ECOLI": 0.3558360040548482,
      "mean_abs_epsilon_HUMAN": 0.2291068235856022,
      "mean_abs_epsilon_YEAST": 0.2655227744370413,
      "median_log2_empirical_ECOLI": -1.7842831355246975,
      "median_log2_empirical_HUMAN": 0.06812537533137686,
      "median_log2_empirical_YEAST": 1.096218971441246,
      "median_abs_epsilon_precision_global": 0.16825681673640958,
      "median_abs_epsilon_precision_eq_species": 0.181904970506744,
      "median_abs_epsilon_precision_ECOLI": 0.203099538867626,
      "median_abs_epsilon_precision_HUMAN": 0.16510715400276155,
      "median_abs_epsilon_precision_YEAST": 0.17750821864984445,
      "mean_log2_empirical_ECOLI": -1.7167078421523874,
      "mean_log2_empirical_HUMAN": 0.05699008958182141,
      "mean_log2_empirical_YEAST": 1.05123302433466,
      "mean_abs_epsilon_precision_global": 0.23018113135231394,
      "mean_abs_epsilon_precision_eq_species": 0.26078976046514873,
      "mean_abs_epsilon_precision_ECOLI": 0.30462348335485817,
      "mean_abs_epsilon_precision_HUMAN": 0.2218296901840416,
      "mean_abs_epsilon_precision_YEAST": 0.2559161078565465,
      "CV_median": 0.2032095852568854,
      "CV_q75": 0.28752040680004404,
      "CV_q90": 0.4096927207421531,
      "CV_q95": 0.5064849423757696,
      "roc_auc": 0.9735235864162752,
      "roc_auc_directional": 0.9798117196354424,
      "nr_prec": 25895,
      "nr_prec_HUMAN": 20305,
      "nr_prec_YEAST": 5062,
      "nr_prec_ECOLI": 528,
      "variance_epsilon_global": 0.11896715097937241
    },
    "3": {
      "median_abs_epsilon_global": 0.19354078695566557,
      "median_abs_epsilon_eq_species": 0.22003518687411253,
      "median_abs_epsilon_ECOLI": 0.25587167291784496,
      "median_abs_epsilon_HUMAN": 0.18773212836716624,
      "median_abs_epsilon_YEAST": 0.2165017593373264,
      "mean_abs_epsilon_global": 0.25901371327632416,
      "mean_abs_epsilon_eq_species": 0.30976338875048853,
      "mean_abs_epsilon_ECOLI": 0.3951708688003004,
      "mean_abs_epsilon_HUMAN": 0.24939434346246525,
      "mean_abs_epsilon_YEAST": 0.28472495398869996,
      "median_log2_empirical_ECOLI": -1.7721648606102036,
      "median_log2_empirical_HUMAN": 0.07098394575467282,
      "median_log2_empirical_YEAST": 1.0872777149904014,
      "median_abs_epsilon_precision_global": 0.18129251348493547,
      "median_abs_epsilon_precision_eq_species": 0.1961643854169933,
      "median_abs_epsilon_precision_ECOLI": 0.21857959185682851,
      "median_abs_epsilon_precision_HUMAN": 0.17797160456655803,
      "median_abs_epsilon_precision_YEAST": 0.19194195982759332,
      "mean_log2_empirical_ECOLI": -1.675790338142256,
      "mean_log2_empirical_HUMAN": 0.06288341155529519,
      "mean_log2_empirical_YEAST": 1.0424021491218989,
      "mean_abs_epsilon_precision_global": 0.2505497827246,
      "mean_abs_epsilon_precision_eq_species": 0.28656331937299745,
      "mean_abs_epsilon_precision_ECOLI": 0.34036069764269566,
      "mean_abs_epsilon_precision_HUMAN": 0.24177118277797313,