{
  "id": "WOMBAT_20250522_133359",
  "old_new": "new",
  "software_name": "WOMBAT",
  "software_version": "0.9.11",
  "search_engine": "Andromeda",
  "search_engine_version": "nan",
  "ident_fdr_psm": "0.01",
  "ident_fdr_peptide": "0.01",
  "ident_fdr_protein": "0.01",
  "enable_match_between_runs": true,
  "precursor_mass_tolerance": "20 ppm",
  "fragment_mass_tolerance": "0.02 Da",
  "enzyme": "Trypsin",
  "allowed_miscleavages": "1",
  "min_peptide_length": "5",
  "max_peptide_length": "35",
  "is_temporary": false,
  "intermediate_hash": "6636a8c845b94a386a2f8ab8827e47e13dd87761",
  "results": {
    "6": {
      "median_abs_epsilon": 0.1719629802922391,
      "mean_abs_epsilon": 0.2317234171368666,
      "variance_epsilon": 0.11731509454717089,
      "nr_prec": 24135,
      "CV_median": 0.21389997535055252,
      "CV_q90": 0.4405844298006212,
      "CV_q75": 0.2987956046538689,
      "CV_q95": 0.5425685243496317
    },
    "5": {
      "median_abs_epsilon": 0.18673898309393167,
      "mean_abs_epsilon": 0.26345491213716277,
      "variance_epsilon": 0.1598035872575736,
      "nr_prec": 31189,
      "CV_median": 0.21653814950895572,
      "CV_q90": 0.46409310254568326,
      "CV_q75": 0.311095346240375,
      "CV_q95": 0.5746714542305833
    },
    "4": {
      "median_abs_epsilon": 0.19897779337931,
      "mean_abs_epsilon": 0.2953047679600627,
      "variance_epsilon": 0.21364091148084338,
      "nr_prec": 36775,
      "CV_median": 0.21821052753722076,
      "CV_q90": 0.4762005140372217,
      "CV_q75": 0.3177467391951624,
      "CV_q95": 0.591806480685579
    },
    "3": {
      "median_abs_epsilon": 0.20851174391271776,
      "mean_abs_epsilon": 0.31758651071270566,
      "variance_epsilon": 0.2551591453119919,
      "nr_prec": 41649,
      "CV_median": 0.21895388708826563,
      "CV_q90": 0.48286884576218503,
      "CV_q75": 0.32120247529540596,
      "CV_q95": 0.602960291460785
    },
    "2": {
      "median_abs_epsilon": 0.2123023092189129,
      "mean_abs_epsilon": 0.32930582060740454,
      "variance_epsilon": 0.28367441339762617,
      "nr_prec": 45403,
      "CV_median": 0.21906128408956177,
      "CV_q90": 0.4859118655614061,
      "CV_q75": 0.3223143556625627,
      "CV_q95": 0.6072935663708385
    },
    "1": {
      "median_abs_epsilon": 0.2123023092189129,
      "mean_abs_epsilon": 0.32930582060740454,
      "variance_epsilon": 0.2836744133976263,
      "nr_prec": 47947,
      "CV_median": 0.21906128408956177,
      "CV_q90": 0.4859118655614061,
      "CV_q75": 0.3223143556625627,
      "CV_q95": 0.6072935663708385
    }
  },
  "median_abs_epsilon": 0.20851174391271776,
  "nr_prec": 41649,
  "comments": "",
  "fixed_mods": "Carbamidomethyl of C",
  "variable_mods": "Acetyl of Protein N-term,Oxidation of M",
  "max_mods": "4",
  "min_precursor_charge": "2",
  "max_precursor_charge": "4",
  "submission_comments": "MaxQuant workflow\n\n ### Parameter changes detected:\n- **search_engine**: `various` \u2192 `Andromeda`\n\nDataset URL: https://proteobench.cubimed.rub.de/datasets/6636a8c845b94a386a2f8ab8827e47e13dd87761/",
  "proteobench_version": "0.8.12",
  "minPeptideLength": NaN,
  "color": "#d30067",
  "hover_text": "ProteoBench ID: WOMBAT_20250522_133359<br>Software tool: WOMBAT <br>Comment (private submission): ...",
  "scatter_size": 40,
  "scan_window": NaN,
  "quantification_method_DIANN": NaN,
  "second_pass": NaN,
  "protein_inference": "nan",
  "predictors_library": NaN,
  "quantification_method": "nan",
  "mean_abs_epsilon": 0.31758651071270566,
  "abundance_normalization_ions": "median"
}