{
  "old_new": "new",
  "id": "Sage_20260309_105028",
  "software_name": "Sage",
  "software_version": "0.14.6",
  "search_engine": "Sage",
  "search_engine_version": "0.14.6",
  "ident_fdr_psm": NaN,
  "ident_fdr_peptide": NaN,
  "ident_fdr_protein": NaN,
  "enable_match_between_runs": true,
  "precursor_mass_tolerance": "[-20.0 ppm, 20.0 ppm]",
  "fragment_mass_tolerance": "[-20.0 ppm, 20.0 ppm]",
  "enzyme": "Trypsin",
  "allowed_miscleavages": 2,
  "min_peptide_length": 7,
  "max_peptide_length": 50,
  "is_temporary": false,
  "intermediate_hash": "68146fba782bcac3368fc0a941ee85da2d0e084e",
  "results": {
    "6": {
      "median_abs_epsilon_global": 0.2876088409600186,
      "median_abs_epsilon_eq_species": 0.4446545459446997,
      "median_abs_epsilon_ECOLI": 0.7082495987007285,
      "median_abs_epsilon_HUMAN": 0.25664208259822807,
      "median_abs_epsilon_YEAST": 0.3690719565351426,
      "mean_abs_epsilon_global": 0.47012045231293575,
      "mean_abs_epsilon_eq_species": 0.6243765075548073,
      "mean_abs_epsilon_ECOLI": 0.9189722554281379,
      "mean_abs_epsilon_HUMAN": 0.42318294073852863,
      "mean_abs_epsilon_YEAST": 0.5309743264977556,
      "median_log2_empirical_ECOLI": -1.8503067246144198,
      "median_log2_empirical_HUMAN": -0.0016427383858417244,
      "median_log2_empirical_YEAST": 1.1250469768437092,
      "median_abs_epsilon_precision_global": 0.28108156902423964,
      "median_abs_epsilon_precision_eq_species": 0.42860272894824664,
      "median_abs_epsilon_precision_ECOLI": 0.6890123060688893,
      "median_abs_epsilon_precision_HUMAN": 0.2565078126106073,
      "median_abs_epsilon_precision_YEAST": 0.3402880681652434,
      "mean_log2_empirical_ECOLI": -1.7398577141460143,
      "mean_log2_empirical_HUMAN": -0.06035039514667288,
      "mean_log2_empirical_YEAST": 1.0625356754927147,
      "mean_abs_epsilon_precision_global": 0.47032621601307256,
      "mean_abs_epsilon_precision_eq_species": 0.6204508892925676,
      "mean_abs_epsilon_precision_ECOLI": 0.9128432212810254,
      "mean_abs_epsilon_precision_HUMAN": 0.42659896201073866,
      "mean_abs_epsilon_precision_YEAST": 0.5219104845859389,
      "CV_median": 0.27742991708121867,
      "CV_q75": 0.5248820508240379,
      "CV_q90": 0.8510002999993677,
      "CV_q95": 1.103559648064687,
      "roc_auc": 0.8638193098728699,
      "roc_auc_directional": 0.8957592986229869,
      "nr_prec": 57215,
      "nr_prec_HUMAN": 41872,
      "nr_prec_YEAST": 12684,
      "nr_prec_ECOLI": 2659,
      "variance_epsilon_global": 0.5248996543408833
    },
    "5": {
      "median_abs_epsilon_global": 0.2919278245804531,
      "median_abs_epsilon_eq_species": 0.4504413408108772,
      "median_abs_epsilon_ECOLI": 0.7168459039968802,
      "median_abs_epsilon_HUMAN": 0.2607212029787931,
      "median_abs_epsilon_YEAST": 0.37375691545695844,
      "mean_abs_epsilon_global": 0.48699446725648377,
      "mean_abs_epsilon_eq_species": 0.6413606496663121,
      "mean_abs_epsilon_ECOLI": 0.9360018220800809,
      "mean_abs_epsilon_HUMAN": 0.4396985850225864,
      "mean_abs_epsilon_YEAST": 0.5483815418962693,
      "median_log2_empirical_ECOLI": -1.8461105064203664,
      "median_log2_empirical_HUMAN": -0.0017141547209647001,
      "median_log2_empirical_YEAST": 1.1261424685547006,
      "median_abs_epsilon_precision_global": 0.2856302609945427,
      "median_abs_epsilon_precision_eq_species": 0.4336505211979234,
      "median_abs_epsilon_precision_ECOLI": 0.6950657816064165,
      "median_abs_epsilon_precision_HUMAN": 0.2603354918930876,
      "median_abs_epsilon_precision_YEAST": 0.3455502900942662,
      "mean_log2_empirical_ECOLI": -1.733253626609997,
      "mean_log2_empirical_HUMAN": -0.06213742371719494,
      "mean_log2_empirical_YEAST": 1.061210109287734,
      "mean_abs_epsilon_precision_global": 0.4873566330817427,
      "mean_abs_epsilon_precision_eq_species": 0.6375400841739194,
      "mean_abs_epsilon_precision_ECOLI": 0.9298136580594064,
      "mean_abs_epsilon_precision_HUMAN": 0.4432706928560214,
      "mean_abs_epsilon_precision_YEAST": 0.5395359016063304,
      "CV_median": 0.28037701425854633,
      "CV_q75": 0.5379639288270852,
      "CV_q90": 0.8676655385681282,
      "CV_q95": 1.1414703186353976,
      "roc_auc": 0.8587471566087829,
      "roc_auc_directional": 0.8911143127157093,
      "nr_prec": 58224,
      "nr_prec_HUMAN": 42591,
      "nr_prec_YEAST": 12912,
      "nr_prec_ECOLI": 2721,
      "variance_epsilon_global": 0.5885425403958795
    },
    "4": {
      "median_abs_epsilon_global": 0.2950737510440007,
      "median_abs_epsilon_eq_species": 0.45505272672228675,
      "median_abs_epsilon_ECOLI": 0.7254052179537958,
      "median_abs_epsilon_HUMAN": 0.26306152104251623,
      "median_abs_epsilon_YEAST": 0.3766914411705482,
      "mean_abs_epsilon_global": 0.49928767424742243,
      "mean_abs_epsilon_eq_species": 0.6562963098832916,
      "mean_abs_epsilon_ECOLI": 0.9576689883224848,
      "mean_abs_epsilon_HUMAN": 0.45151189291928734,
      "mean_abs_epsilon_YEAST": 0.5597080484081024,
      "median_log2_empirical_ECOLI": -1.8401043586378805,
      "median_log2_empirical_HUMAN": -0.0012641698706588045,
      "median_log2_empirical_YEAST": 1.1265660574198844,
      "median_abs_epsilon_precision_global": 0.2884159270206794,
      "median_abs_epsilon_precision_eq_species": 0.4397705546376341,
      "median_abs_epsilon_precision_ECOLI": 0.7073384703141095,
      "median_abs_epsilon_precision_HUMAN": 0.26298728236703894,
      "median_abs_epsilon_precision_YEAST": 0.34898591123175393,
      "mean_log2_empirical_ECOLI": -1.7171491762621616,
      "mean_log2_empirical_HUMAN": -0.06072718154550478,
      "mean_log2_empirical_YEAST": 1.0620192780933873,
      "mean_abs_epsilon_precision_global": 0.49955181564993917,
      "mean_abs_epsilon_precision_eq_species": 0.6525742423788087,
      "mean_abs_epsilon_precision_ECOLI": 0.9519894873842029,
      "mean_abs_epsilon_precision_HUMAN": 0.4549444044124336,
      "mean_abs_epsilon_precision_YEAST": 0.5507888353397896,
      "CV_median": 0.2816642951019916,
      "CV_q75": 0.5433230355700536,
      "CV_q90": 0.8747778718899104,
      "CV_q95": 1.1578028089285146,
      "roc_auc": 0.855694425619213,
      "roc_auc_directional": 0.8868768173700037,
      "nr_prec": 58855,
      "nr_prec_HUMAN": 43033,
      "nr_prec_YEAST": 13058,
      "nr_prec_ECOLI": 2764,
      "variance_epsilon_global": 0.6378612884113104
    },
    "3": {
      "median_abs_epsilon_global": 0.29684109112105794,
      "median_abs_epsilon_eq_species": 0.45707307057777175,
      "median_abs_epsilon_ECOLI": 0.728369921043047,
      "median_abs_epsilon_HUMAN": 0.26445155331759906,
      "median_abs_epsilon_YEAST": 0.37839773737266924,
      "mean_abs_epsilon_global": 0.5077216936574512,
      "mean_abs_epsilon_eq_species": 0.6656388478179747,
      "mean_abs_epsilon_ECOLI": 0.9692432616900556,
      "mean_abs_epsilon_HUMAN": 0.4596873031496208,
      "mean_abs_epsilon_YEAST": 0.5679859786142476,
      "median_log2_empirical_ECOLI": -1.8380829618404544,
      "median_log2_empirical_HUMAN": -0.0005868074780934762,
      "median_log2_empirical_YEAST": 1.127349731367767,
      "median_abs_epsilon_precision_global": 0.29013806974921597,
      "median_abs_epsilon_precision_eq_species": 0.4442554385917041,
      "median_abs_epsilon_precision_ECOLI": 0.716955764358385,
      "median_abs_epsilon_precision_HUMAN": 0.26440443446291795,
      "median_abs_epsilon_precision_YEAST": 0.3514061169538092,
      "mean_log2_empirical_ECOLI": -1.710860440812357,
      "mean_log2_empirical_HUMAN": -0.057124518244478666,
      "mean_log2_empirical_YEAST": 1.064810710786136,
      "mean_abs_epsilon_precision_global": 0.5076783868758419,
      "mean_abs_epsilon_precision_eq_species": 0.6616584883991788,
      "mean_abs_epsilon_precision_ECOLI": 0.9634003433228371,
      "mean_abs_epsilon_precision_HUMAN": 0.46279995047580286,