{
  "old_new": "new",
  "id": "quantms_20250612_141642",
  "software_name": "quantms",
  "software_version": "v1.5.0-gb17b26b",
  "search_engine": "comet",
  "search_engine_version": "2023.01 rev. 2 (7c9150d)",
  "ident_fdr_psm": "0.01",
  "ident_fdr_peptide": NaN,
  "ident_fdr_protein": "0.01",
  "enable_match_between_runs": false,
  "precursor_mass_tolerance": "10 ppm",
  "fragment_mass_tolerance": "0.02 Da",
  "enzyme": "Trypsin",
  "allowed_miscleavages": "2",
  "min_peptide_length": "7",
  "max_peptide_length": "40",
  "is_temporary": false,
  "intermediate_hash": "6ad9891ad6fa1dd8a34ea87574dac04e35b0f256",
  "results": {
    "6": {
      "median_abs_epsilon": 0.16596026621118654,
      "mean_abs_epsilon": 0.2168279056317858,
      "variance_epsilon": 0.09429307808352336,
      "nr_prec": 15496,
      "CV_median": 0.22810191698930676,
      "CV_q90": 0.4390497675885163,
      "CV_q75": 0.30455126717311615,
      "CV_q95": 0.5384908872643068
    },
    "5": {
      "median_abs_epsilon": 0.18101605340418914,
      "mean_abs_epsilon": 0.24566587829970019,
      "variance_epsilon": 0.12384409906177217,
      "nr_prec": 23575,
      "CV_median": 0.22532358050757334,
      "CV_q90": 0.4462650644756413,
      "CV_q75": 0.30956388229366716,
      "CV_q95": 0.5478481436019973
    },
    "4": {
      "median_abs_epsilon": 0.19990011809368013,
      "mean_abs_epsilon": 0.2806143105152834,
      "variance_epsilon": 0.1677348773321767,
      "nr_prec": 30850,
      "CV_median": 0.2234154398246811,
      "CV_q90": 0.4518651036836207,
      "CV_q75": 0.3119381568178781,
      "CV_q95": 0.5559047300848575
    },
    "3": {
      "median_abs_epsilon": 0.21593592817862728,
      "mean_abs_epsilon": 0.30968132826964295,
      "variance_epsilon": 0.20706321156677043,
      "nr_prec": 38945,
      "CV_median": 0.22269834614230627,
      "CV_q90": 0.4573816426624302,
      "CV_q75": 0.3143256615461511,
      "CV_q95": 0.5626592452656374
    },
    "2": {
      "median_abs_epsilon": 0.2244540030005613,
      "mean_abs_epsilon": 0.32821437540437787,
      "variance_epsilon": 0.23938494078729905,
      "nr_prec": 47909,
      "CV_median": 0.22204329937484946,
      "CV_q90": 0.45994376158754796,
      "CV_q75": 0.31548343691417235,
      "CV_q95": 0.5658637663020176
    },
    "1": {
      "median_abs_epsilon": 0.2244540030005613,
      "mean_abs_epsilon": 0.32821437540437787,
      "variance_epsilon": 0.23938494078729905,
      "nr_prec": 60071,
      "CV_median": 0.22204329937484946,
      "CV_q90": 0.45994376158754796,
      "CV_q75": 0.31548343691417235,
      "CV_q95": 0.5658637663020176
    }
  },
  "median_abs_epsilon": 0.21593592817862728,
  "mean_abs_epsilon": 0.30968132826964295,
  "nr_prec": 38945,
  "comments": "",
  "proteobench_version": "0.8.23",
  "color": "#f5e830",
  "hover_text": "ProteoBench ID: quantms_20250612_141642<br>Software tool: quantms <br>Comment (private submission): ...",
  "scatter_size": 20,
  "fixed_mods": "Carbamidomethyl (C)",
  "variable_mods": "Oxidation (M)",
  "max_mods": "3",
  "min_precursor_charge": "2",
  "max_precursor_charge": "4",
  "quantification_method": "feature_intensity",
  "protein_inference": "aggregation",
  "abundance_normalization_ions": NaN,
  "submission_comments": "MBR can be parsed from the parameters using `targeted_only`. Setting that to `false` will activate MBR. The versions in the versions file all point to `CometAdapter`. I had to pull the image and check the comet version manually:\n\n```\ndocker run --rm -it --platform linux/amd64  ghcr.io/bigbio/openms-tools-thirdparty:2025.04.14 bash\ncomet.exe -v\nexit\n```\n\n ### Parameter changes detected:\n- **ident_fdr_peptide**: `None` \u2192 `nan`\n- **search_engine_version**: `None` \u2192 `2023.01 rev. 2 (7c9150d)`\n- **abundance_normalization_ions**: `None` \u2192 `nan`\n- **search_engine**: `None` \u2192 `comet`\n\nDataset URL: https://proteobench.cubimed.rub.de/datasets/6ad9891ad6fa1dd8a34ea87574dac04e35b0f256/"
}