{
  "id": "MaxQuant_20250507_145618",
  "old_new": "new",
  "software_name": "MaxQuant",
  "software_version": "1.5.3.30",
  "search_engine": "Andromeda",
  "search_engine_version": NaN,
  "ident_fdr_psm": 0.01,
  "ident_fdr_peptide": null,
  "ident_fdr_protein": 0.01,
  "enable_match_between_runs": false,
  "precursor_mass_tolerance": "[-4.5 ppm, 4.5 ppm]",
  "fragment_mass_tolerance": "[-20 ppm, 20 ppm]",
  "enzyme": "Trypsin/P",
  "allowed_miscleavages": 1,
  "min_peptide_length": 7,
  "max_peptide_length": null,
  "is_temporary": false,
  "intermediate_hash": "6b09521a1aff5eb59d1b1eb360b539a2f4340601",
  "results": {
    "6": {
      "median_abs_epsilon": 0.15781239403585445,
      "mean_abs_epsilon": 0.20057420725033417,
      "variance_epsilon": 0.08754088081847626,
      "nr_prec": 14305,
      "CV_median": 0.20429221106597711,
      "CV_q90": 0.3944077825030551,
      "CV_q75": 0.27970849957169513,
      "CV_q95": 0.49156260839680826
    },
    "5": {
      "median_abs_epsilon": 0.16968882426550103,
      "mean_abs_epsilon": 0.2180936973408522,
      "variance_epsilon": 0.10209805231920042,
      "nr_prec": 20636,
      "CV_median": 0.20417503751332872,
      "CV_q90": 0.4066050031190079,
      "CV_q75": 0.2855582771861657,
      "CV_q95": 0.5034648625378881
    },
    "4": {
      "median_abs_epsilon": 0.18168518732291972,
      "mean_abs_epsilon": 0.2399106886048644,
      "variance_epsilon": 0.12165119768895406,
      "nr_prec": 26287,
      "CV_median": 0.20352453814412474,
      "CV_q90": 0.4119564256074637,
      "CV_q75": 0.2882576271190658,
      "CV_q95": 0.5096221956793581
    },
    "3": {
      "median_abs_epsilon": 0.19377970141916734,
      "mean_abs_epsilon": 0.25999319206289573,
      "variance_epsilon": 0.13907668949134738,
      "nr_prec": 32936,
      "CV_median": 0.203403065069613,
      "CV_q90": 0.4157743048241964,
      "CV_q75": 0.2910946618543835,
      "CV_q95": 0.5131857579592203
    },
    "2": {
      "median_abs_epsilon": 0.19987287947846255,
      "mean_abs_epsilon": 0.27268149702941996,
      "variance_epsilon": 0.15588904302622977,
      "nr_prec": 40392,
      "CV_median": 0.20247447429262633,
      "CV_q90": 0.4171331524890403,
      "CV_q75": 0.2918357799576635,
      "CV_q95": 0.5146750019551225
    },
    "1": {
      "median_abs_epsilon": 0.19987287947846255,
      "mean_abs_epsilon": 0.27268149702942,
      "variance_epsilon": 0.15588904302622977,
      "nr_prec": 51345,
      "CV_median": 0.20247447429262633,
      "CV_q90": 0.4171331524890403,
      "CV_q75": 0.2918357799576635,
      "CV_q95": 0.5146750019551225
    }
  },
  "median_abs_epsilon": 0.19377970141916734,
  "nr_prec": 32936,
  "comments": "",
  "fixed_mods": "Carbamidomethyl (C)",
  "variable_mods": "Oxidation (M),Acetyl (Protein N-term)",
  "max_mods": 5,
  "min_precursor_charge": null,
  "max_precursor_charge": 7,
  "submission_comments": "\n\nDataset URL: https://proteobench.cubimed.rub.de/datasets/6b09521a1aff5eb59d1b1eb360b539a2f4340601/",
  "proteobench_version": "0.5.10.dev28+g149aad0.d20241219",
  "minPeptideLength": NaN,
  "color": NaN,
  "hover_text": NaN,
  "scatter_size": NaN,
  "scan_window": NaN,
  "quantification_method_DIANN": NaN,
  "second_pass": NaN,
  "protein_inference": NaN,
  "predictors_library": NaN,
  "quantification_method": NaN,
  "mean_abs_epsilon": 0.25999319206289573,
  "abundance_normalization_ions": NaN
}