{
  "old_new": "new",
  "id": "WOMBAT_20250610_111003",
  "software_name": "WOMBAT",
  "software_version": "0.9.11",
  "search_engine": "Andromeda",
  "search_engine_version": NaN,
  "ident_fdr_psm": 0.01,
  "ident_fdr_peptide": 0.01,
  "ident_fdr_protein": 0.01,
  "enable_match_between_runs": true,
  "precursor_mass_tolerance": "10 ppm",
  "fragment_mass_tolerance": "0.01 Da",
  "enzyme": "Trypsin",
  "allowed_miscleavages": 1,
  "min_peptide_length": 5,
  "max_peptide_length": 35,
  "is_temporary": false,
  "intermediate_hash": "6d76320c19398352cfbe0a0333e88d5eb59941c4",
  "results": {
    "6": {
      "median_abs_epsilon_global": 0.1722353308107465,
      "median_abs_epsilon_eq_species": 0.19779136190735316,
      "median_abs_epsilon_ECOLI": 0.23455433990609897,
      "median_abs_epsilon_HUMAN": 0.1664556226983258,
      "median_abs_epsilon_YEAST": 0.19236412311763473,
      "mean_abs_epsilon_global": 0.2312227121050381,
      "mean_abs_epsilon_eq_species": 0.28988957158327916,
      "mean_abs_epsilon_ECOLI": 0.3972348306421021,
      "mean_abs_epsilon_HUMAN": 0.22257662227147582,
      "mean_abs_epsilon_YEAST": 0.2498572618362597,
      "median_log2_empirical_ECOLI": -1.8162134588977512,
      "median_log2_empirical_HUMAN": 0.0804363075155674,
      "median_log2_empirical_YEAST": 1.1222450343326642,
      "median_abs_epsilon_precision_global": 0.1512467141919771,
      "median_abs_epsilon_precision_eq_species": 0.16236593944325803,
      "median_abs_epsilon_precision_ECOLI": 0.1818633607843374,
      "median_abs_epsilon_precision_HUMAN": 0.14974134857488686,
      "median_abs_epsilon_precision_YEAST": 0.1554931089705498,
      "mean_log2_empirical_ECOLI": -1.7067875212043937,
      "mean_log2_empirical_HUMAN": 0.06524109883637612,
      "mean_log2_empirical_YEAST": 1.0922977048715612,
      "mean_abs_epsilon_precision_global": 0.217941101551991,
      "mean_abs_epsilon_precision_eq_species": 0.26702616303568705,
      "mean_abs_epsilon_precision_ECOLI": 0.3615422931735594,
      "mean_abs_epsilon_precision_HUMAN": 0.21206409285224948,
      "mean_abs_epsilon_precision_YEAST": 0.22747210308125218,
      "CV_median": 0.21368109593357124,
      "CV_q75": 0.2967838800144998,
      "CV_q90": 0.43515256605469327,
      "CV_q95": 0.5363433672414468,
      "roc_auc": 0.9744526990590605,
      "roc_auc_directional": 0.9719629005144517,
      "nr_prec": 24451,
      "nr_prec_HUMAN": 19284,
      "nr_prec_YEAST": 4689,
      "nr_prec_ECOLI": 478,
      "variance_epsilon_global": 0.11635632676495486
    },
    "5": {
      "median_abs_epsilon_global": 0.18673898309393167,
      "median_abs_epsilon_eq_species": 0.22236055298264112,
      "median_abs_epsilon_ECOLI": 0.27984003014394077,
      "median_abs_epsilon_HUMAN": 0.1798413237589287,
      "median_abs_epsilon_YEAST": 0.2074003050450539,
      "mean_abs_epsilon_global": 0.2631123370899326,
      "mean_abs_epsilon_eq_species": 0.3366943479520554,
      "mean_abs_epsilon_ECOLI": 0.4739741342644048,
      "mean_abs_epsilon_HUMAN": 0.251104379748087,
      "mean_abs_epsilon_YEAST": 0.2850045298436744,
      "median_log2_empirical_ECOLI": -1.7605255551838468,
      "median_log2_empirical_HUMAN": 0.08118882051018694,
      "median_log2_empirical_YEAST": 1.1022741867628731,
      "median_abs_epsilon_precision_global": 0.16795314904523373,
      "median_abs_epsilon_precision_eq_species": 0.19316394018901542,
      "median_abs_epsilon_precision_ECOLI": 0.2365792787939469,
      "median_abs_epsilon_precision_HUMAN": 0.16396098972484907,
      "median_abs_epsilon_precision_YEAST": 0.1789515520482503,
      "mean_log2_empirical_ECOLI": -1.665347516613948,
      "mean_log2_empirical_HUMAN": 0.06601224424700855,
      "mean_log2_empirical_YEAST": 1.0594331900333445,
      "mean_abs_epsilon_precision_global": 0.25157627174832015,
      "mean_abs_epsilon_precision_eq_species": 0.30977024672790426,
      "mean_abs_epsilon_precision_ECOLI": 0.4150620372407622,
      "mean_abs_epsilon_precision_HUMAN": 0.241086695129755,
      "mean_abs_epsilon_precision_YEAST": 0.27316200781319555,
      "CV_median": 0.21629766611780535,
      "CV_q75": 0.30959110610198237,
      "CV_q90": 0.45852361848699863,
      "CV_q95": 0.5680743054659232,
      "roc_auc": 0.9591553974486047,
      "roc_auc_directional": 0.9651498971732352,
      "nr_prec": 31693,
      "nr_prec_HUMAN": 24642,
      "nr_prec_YEAST": 6302,
      "nr_prec_ECOLI": 749,
      "variance_epsilon_global": 0.16011629488352144
    },
    "4": {
      "median_abs_epsilon_global": 0.19853346628986657,
      "median_abs_epsilon_eq_species": 0.25465900705820604,
      "median_abs_epsilon_ECOLI": 0.35207472869264933,
      "median_abs_epsilon_HUMAN": 0.19000050710771177,
      "median_abs_epsilon_YEAST": 0.2219017853742571,
      "mean_abs_epsilon_global": 0.2944744066307498,
      "mean_abs_epsilon_eq_species": 0.3874838731600165,
      "mean_abs_epsilon_ECOLI": 0.5640491156387849,
      "mean_abs_epsilon_HUMAN": 0.27782043089401715,
      "mean_abs_epsilon_YEAST": 0.32058207294724733,
      "median_log2_empirical_ECOLI": -1.7226926440935166,
      "median_log2_empirical_HUMAN": 0.08051092488630651,
      "median_log2_empirical_YEAST": 1.0861028015996794,
      "median_abs_epsilon_precision_global": 0.18195578290602477,
      "median_abs_epsilon_precision_eq_species": 0.22380213633499638,
      "median_abs_epsilon_precision_ECOLI": 0.2968472298997007,
      "median_abs_epsilon_precision_HUMAN": 0.17553062537428765,
      "median_abs_epsilon_precision_YEAST": 0.1990285537310008,
      "mean_log2_empirical_ECOLI": -1.616940249435794,
      "mean_log2_empirical_HUMAN": 0.06355585483187765,
      "mean_log2_empirical_YEAST": 1.0406713381323347,
      "mean_abs_epsilon_precision_global": 0.2840204827932996,
      "mean_abs_epsilon_precision_eq_species": 0.35809439083295036,
      "mean_abs_epsilon_precision_ECOLI": 0.4917529399981629,
      "mean_abs_epsilon_precision_HUMAN": 0.26857962825639875,
      "mean_abs_epsilon_precision_YEAST": 0.31395060424428944,
      "CV_median": 0.2178796558379175,
      "CV_q75": 0.3159482275620348,
      "CV_q90": 0.47187846581231263,
      "CV_q95": 0.58516227440223,
      "roc_auc": 0.9414933219701759,
      "roc_auc_directional": 0.9542628896462113,
      "nr_prec": 37455,
      "nr_prec_HUMAN": 28772,
      "nr_prec_YEAST": 7646,
      "nr_prec_ECOLI": 1037,
      "variance_epsilon_global": 0.21217709856759856
    },
    "3": {
      "median_abs_epsilon_global": 0.2082508347112224,
      "median_abs_epsilon_eq_species": 0.2714062890767508,
      "median_abs_epsilon_ECOLI": 0.3846925578059448,
      "median_abs_epsilon_HUMAN": 0.19958547568397833,
      "median_abs_epsilon_YEAST": 0.22994083374032925,
      "mean_abs_epsilon_global": 0.31710761979226293,
      "mean_abs_epsilon_eq_species": 0.41187931873794925,
      "mean_abs_epsilon_ECOLI": 0.5936081144671153,
      "mean_abs_epsilon_HUMAN": 0.301056535095552,
      "mean_abs_epsilon_YEAST": 0.34097330665118036,
      "median_log2_empirical_ECOLI": -1.7105940197410892,
      "median_log2_empirical_HUMAN": 0.08087204376078105,
      "median_log2_empirical_YEAST": 1.0773173146594797,
      "median_abs_epsilon_precision_global": 0.1924390289876179,
      "median_abs_epsilon_precision_eq_species": 0.23595304749711113,
      "median_abs_epsilon_precision_ECOLI": 0.31177147507682434,
      "median_abs_epsilon_precision_HUMAN": 0.1855034912862017,
      "median_abs_epsilon_precision_YEAST": 0.21058417612830738,
      "mean_log2_empirical_ECOLI": -1.5994582036469809,
      "mean_log2_empirical_HUMAN": 0.06291450392649872,
      "mean_log2_empirical_YEAST": 1.0296908451555362,
      "mean_abs_epsilon_precision_global": 0.3072566724993597,
      "mean_abs_epsilon_precision_eq_species": 0.3816757170247837,
      "mean_abs_epsilon_precision_ECOLI": 0.5163630669846955,
      "mean_abs_epsilon_precision_HUMAN": 0.29218941342798443,
      "mean_abs_epsilon_precision_YEAST": 0.336474670661671,