{
  "id": "WOMBAT_20250522_134357",
  "old_new": "new",
  "software_name": "WOMBAT",
  "software_version": "0.9.11",
  "search_engine": "Andromeda",
  "search_engine_version": "nan",
  "ident_fdr_psm": "0.01",
  "ident_fdr_peptide": "0.01",
  "ident_fdr_protein": "0.01",
  "enable_match_between_runs": true,
  "precursor_mass_tolerance": "10 ppm",
  "fragment_mass_tolerance": "0.01 Da",
  "enzyme": "Trypsin",
  "allowed_miscleavages": "1",
  "min_peptide_length": "5",
  "max_peptide_length": "35",
  "is_temporary": false,
  "intermediate_hash": "6d76320c19398352cfbe0a0333e88d5eb59941c4",
  "results": {
    "6": {
      "median_abs_epsilon": 0.17237969433974243,
      "mean_abs_epsilon": 0.2318135454450898,
      "variance_epsilon": 0.11726877285196993,
      "nr_prec": 24785,
      "CV_median": 0.21378747356846758,
      "CV_q90": 0.43658422011080833,
      "CV_q75": 0.2974784976752244,
      "CV_q95": 0.5379594136190459
    },
    "5": {
      "median_abs_epsilon": 0.18683893124358164,
      "mean_abs_epsilon": 0.2634309254900271,
      "variance_epsilon": 0.16054442400057875,
      "nr_prec": 32073,
      "CV_median": 0.21640799014863465,
      "CV_q90": 0.4594654775739596,
      "CV_q75": 0.31000968533853124,
      "CV_q95": 0.5691928236962522
    },
    "4": {
      "median_abs_epsilon": 0.19868229881474164,
      "mean_abs_epsilon": 0.29496282134021345,
      "variance_epsilon": 0.21369132065660335,
      "nr_prec": 37869,
      "CV_median": 0.21800867772351212,
      "CV_q90": 0.4726970473930082,
      "CV_q75": 0.31660817946827224,
      "CV_q95": 0.5861207133304032
    },
    "3": {
      "median_abs_epsilon": 0.2083662116265259,
      "mean_abs_epsilon": 0.31750777472824226,
      "variance_epsilon": 0.2531879292689385,
      "nr_prec": 43031,
      "CV_median": 0.21871646107736464,
      "CV_q90": 0.4798363478776771,
      "CV_q75": 0.3202285793564923,
      "CV_q95": 0.5980046899903525
    },
    "2": {
      "median_abs_epsilon": 0.2122975258571742,
      "mean_abs_epsilon": 0.32901122309335645,
      "variance_epsilon": 0.2806010129171292,
      "nr_prec": 47002,
      "CV_median": 0.21870690885662603,
      "CV_q90": 0.4821602183342014,
      "CV_q75": 0.3210194084202206,
      "CV_q95": 0.6023794067741916
    },
    "1": {
      "median_abs_epsilon": 0.2122975258571742,
      "mean_abs_epsilon": 0.32901122309335645,
      "variance_epsilon": 0.28060101291712924,
      "nr_prec": 49592,
      "CV_median": 0.21870690885662603,
      "CV_q90": 0.4821602183342014,
      "CV_q75": 0.3210194084202206,
      "CV_q95": 0.6023794067741916
    }
  },
  "median_abs_epsilon": 0.2083662116265259,
  "nr_prec": 43031,
  "comments": "",
  "fixed_mods": "Carbamidomethyl of C",
  "variable_mods": "Acetyl of Protein N-term,Oxidation of M",
  "max_mods": "4",
  "min_precursor_charge": "2",
  "max_precursor_charge": "4",
  "submission_comments": "MaxQuant workflow\n\n ### Parameter changes detected:\n- **search_engine**: `various` \u2192 `Andromeda`\n\nDataset URL: https://proteobench.cubimed.rub.de/datasets/6d76320c19398352cfbe0a0333e88d5eb59941c4/",
  "proteobench_version": "0.8.12",
  "minPeptideLength": NaN,
  "color": "#d30067",
  "hover_text": "ProteoBench ID: WOMBAT_20250522_134357<br>Software tool: WOMBAT <br>Comment (private submission): ...",
  "scatter_size": 40,
  "scan_window": NaN,
  "quantification_method_DIANN": NaN,
  "second_pass": NaN,
  "protein_inference": "nan",
  "predictors_library": NaN,
  "quantification_method": "nan",
  "mean_abs_epsilon": 0.31750777472824226,
  "abundance_normalization_ions": "median"
}