{
  "old_new": "new",
  "id": "ProlineStudio_20250605_122005",
  "software_name": "ProlineStudio",
  "software_version": "2.3.0-SNAPSHOT_2024-09-11T06:45:20Z_jenkins",
  "search_engine": "Mascot",
  "search_engine_version": "2.8.3",
  "ident_fdr_psm": 0.01,
  "ident_fdr_peptide": NaN,
  "ident_fdr_protein": NaN,
  "enable_match_between_runs": true,
  "precursor_mass_tolerance": "[-10.0 ppm, 10.0 ppm]",
  "fragment_mass_tolerance": "[-0.02 Da, 0.02 Da]",
  "enzyme": "Trypsin/P",
  "allowed_miscleavages": 2,
  "min_peptide_length": 7,
  "max_peptide_length": NaN,
  "is_temporary": false,
  "intermediate_hash": "6ed9da37e9d4600a9a28968c9a01db2b967d33cb",
  "results": {
    "6": {
      "median_abs_epsilon_global": 0.1845172559295758,
      "median_abs_epsilon_eq_species": 0.24437843704210316,
      "median_abs_epsilon_ECOLI": 0.35678506539940713,
      "median_abs_epsilon_HUMAN": 0.17817512056325313,
      "median_abs_epsilon_YEAST": 0.1981751251636492,
      "mean_abs_epsilon_global": 0.25776020960567453,
      "mean_abs_epsilon_eq_species": 0.37421093456133914,
      "mean_abs_epsilon_ECOLI": 0.6076971671504693,
      "mean_abs_epsilon_HUMAN": 0.2422974162099974,
      "mean_abs_epsilon_YEAST": 0.27263822032355073,
      "median_log2_empirical_ECOLI": -1.6686323774305656,
      "median_log2_empirical_HUMAN": 0.08084779392562425,
      "median_log2_empirical_YEAST": 1.0769303778148007,
      "median_abs_epsilon_precision_global": 0.163705754924937,
      "median_abs_epsilon_precision_eq_species": 0.1930409770055815,
      "median_abs_epsilon_precision_ECOLI": 0.2454023301668009,
      "median_abs_epsilon_precision_HUMAN": 0.1585729395589368,
      "median_abs_epsilon_precision_YEAST": 0.17514766129100678,
      "mean_log2_empirical_ECOLI": -1.4521424902454165,
      "mean_log2_empirical_HUMAN": 0.05658495888969038,
      "mean_log2_empirical_YEAST": 1.020327944596731,
      "mean_abs_epsilon_precision_global": 0.24759501859409802,
      "mean_abs_epsilon_precision_eq_species": 0.3423715187352055,
      "mean_abs_epsilon_precision_ECOLI": 0.5254598642840994,
      "mean_abs_epsilon_precision_HUMAN": 0.2328757375817583,
      "mean_abs_epsilon_precision_YEAST": 0.26877895433975885,
      "CV_median": 0.2218882350424004,
      "CV_q75": 0.30973917941738327,
      "CV_q90": 0.46111053073529673,
      "CV_q95": 0.5648602343117946,
      "roc_auc": 0.9521673493832513,
      "roc_auc_directional": 0.9426696308237941,
      "nr_prec": 38562,
      "nr_prec_HUMAN": 29809,
      "nr_prec_YEAST": 7766,
      "nr_prec_ECOLI": 987,
      "variance_epsilon_global": 0.1473038770784075
    },
    "5": {
      "median_abs_epsilon_global": 0.1956391753121185,
      "median_abs_epsilon_eq_species": 0.26891684031151897,
      "median_abs_epsilon_ECOLI": 0.4079219988536096,
      "median_abs_epsilon_HUMAN": 0.1870434919690087,
      "median_abs_epsilon_YEAST": 0.2117850301119386,
      "mean_abs_epsilon_global": 0.2806422446083951,
      "mean_abs_epsilon_eq_species": 0.40419773121127983,
      "mean_abs_epsilon_ECOLI": 0.6525813044957155,
      "mean_abs_epsilon_HUMAN": 0.2603712044815122,
      "mean_abs_epsilon_YEAST": 0.2996406846566117,
      "median_log2_empirical_ECOLI": -1.6137590162573012,
      "median_log2_empirical_HUMAN": 0.07943342196558234,
      "median_log2_empirical_YEAST": 1.059453687825279,
      "median_abs_epsilon_precision_global": 0.17763615075862482,
      "median_abs_epsilon_precision_eq_species": 0.2170080826047407,
      "median_abs_epsilon_precision_ECOLI": 0.2862360533874444,
      "median_abs_epsilon_precision_HUMAN": 0.16926830189073883,
      "median_abs_epsilon_precision_YEAST": 0.19551989253603885,
      "mean_log2_empirical_ECOLI": -1.418104942664198,
      "mean_log2_empirical_HUMAN": 0.05508081837137464,
      "mean_log2_empirical_YEAST": 1.0028244646484208,
      "mean_abs_epsilon_precision_global": 0.27043396253557006,
      "mean_abs_epsilon_precision_eq_species": 0.36228475292675094,
      "mean_abs_epsilon_precision_ECOLI": 0.5358437732585163,
      "mean_abs_epsilon_precision_HUMAN": 0.2517830629958247,
      "mean_abs_epsilon_precision_YEAST": 0.2992274225259117,
      "CV_median": 0.22450237491368544,
      "CV_q75": 0.32061755951489007,
      "CV_q90": 0.47940425114900664,
      "CV_q95": 0.5887834752617789,
      "roc_auc": 0.939474376653346,
      "roc_auc_directional": 0.9387962731434609,
      "nr_prec": 46734,
      "nr_prec_HUMAN": 35534,
      "nr_prec_YEAST": 9762,
      "nr_prec_ECOLI": 1438,
      "variance_epsilon_global": 0.1754370415929747
    },
    "4": {
      "median_abs_epsilon_global": 0.20447338547879212,
      "median_abs_epsilon_eq_species": 0.2991312065233617,
      "median_abs_epsilon_ECOLI": 0.4793432792189982,
      "median_abs_epsilon_HUMAN": 0.19342809604500566,
      "median_abs_epsilon_YEAST": 0.22462224430608124,
      "mean_abs_epsilon_global": 0.3043447105147356,
      "mean_abs_epsilon_eq_species": 0.4382084192967109,
      "mean_abs_epsilon_ECOLI": 0.7073896222413483,
      "mean_abs_epsilon_HUMAN": 0.2779135735534327,
      "mean_abs_epsilon_YEAST": 0.3293220620953518,
      "median_log2_empirical_ECOLI": -1.5602604514944076,
      "median_log2_empirical_HUMAN": 0.0793299074960121,
      "median_log2_empirical_YEAST": 1.0446453478669433,
      "median_abs_epsilon_precision_global": 0.1886098408634851,
      "median_abs_epsilon_precision_eq_species": 0.24368776935922357,
      "median_abs_epsilon_precision_ECOLI": 0.34121527652106565,
      "median_abs_epsilon_precision_HUMAN": 0.17710576966049452,
      "median_abs_epsilon_precision_YEAST": 0.21274226189611056,
      "mean_log2_empirical_ECOLI": -1.3832183389277883,
      "mean_log2_empirical_HUMAN": 0.054848411985467256,
      "mean_log2_empirical_YEAST": 0.9841496414367494,
      "mean_abs_epsilon_precision_global": 0.2932728454652236,
      "mean_abs_epsilon_precision_eq_species": 0.3872348853017857,
      "mean_abs_epsilon_precision_ECOLI": 0.5608849784133486,
      "mean_abs_epsilon_precision_HUMAN": 0.2696369291227239,
      "mean_abs_epsilon_precision_YEAST": 0.3311827483692844,
      "CV_median": 0.22563503468189744,
      "CV_q75": 0.32555004062790394,
      "CV_q90": 0.487680512077123,
      "CV_q95": 0.6040939206062359,
      "roc_auc": 0.9257075614889604,
      "roc_auc_directional": 0.9332949757033944,
      "nr_prec": 51865,
      "nr_prec_HUMAN": 38900,
      "nr_prec_YEAST": 11102,
      "nr_prec_ECOLI": 1863,
      "variance_epsilon_global": 0.2152376902450764
    },
    "3": {
      "median_abs_epsilon_global": 0.20956071506991591,
      "median_abs_epsilon_eq_species": 0.31212221991076383,
      "median_abs_epsilon_ECOLI": 0.507956372818068,
      "median_abs_epsilon_HUMAN": 0.19808457826043657,
      "median_abs_epsilon_YEAST": 0.23032570865378688,
      "mean_abs_epsilon_global": 0.31967583733692306,
      "mean_abs_epsilon_eq_species": 0.4587749189551092,
      "mean_abs_epsilon_ECOLI": 0.7403329695669661,
      "mean_abs_epsilon_HUMAN": 0.29270545388443614,
      "mean_abs_epsilon_YEAST": 0.34328633341392545,
      "median_log2_empirical_ECOLI": -1.5402241625257176,
      "median_log2_empirical_HUMAN": 0.07943162198520781,
      "median_log2_empirical_YEAST": 1.040446325486453,
      "median_abs_epsilon_precision_global": 0.19480231925329505,
      "median_abs_epsilon_precision_eq_species": 0.25214305088031946,
      "median_abs_epsilon_precision_ECOLI": 0.35396259000167873,
      "median_abs_epsilon_precision_HUMAN": 0.18198628752073276,
      "median_abs_epsilon_precision_YEAST": 0.22048027511854684,
      "mean_log2_empirical_ECOLI": -1.3553970045856338,
      "mean_log2_empirical_HUMAN": 0.05554494729602666,
      "mean_log2_empirical_YEAST": 0.9804402998033084,
      "mean_abs_epsilon_precision_global": 0.30848900456059375,
      "mean_abs_epsilon_precision_eq_species": 0.40583108627155307,
      "mean_abs_epsilon_precision_ECOLI": 0.587554249706013,
      "mean_abs_epsilon_precision_HUMAN": 0.28454910155825913,