{
  "old_new": "new",
  "id": "ProlineStudio_20250605_122005",
  "software_name": "ProlineStudio",
  "software_version": "2.3.0-SNAPSHOT_2024-09-11T06:45:20Z_jenkins",
  "search_engine": "Mascot",
  "search_engine_version": "2.8.3",
  "ident_fdr_psm": "0.01",
  "ident_fdr_peptide": "nan",
  "ident_fdr_protein": "nan",
  "enable_match_between_runs": true,
  "precursor_mass_tolerance": "[-10.0 ppm, 10.0 ppm]",
  "fragment_mass_tolerance": "[-0.02 Da, 0.02 Da]",
  "enzyme": "Trypsin/P",
  "allowed_miscleavages": "2",
  "min_peptide_length": "7",
  "max_peptide_length": "nan",
  "is_temporary": false,
  "intermediate_hash": "6ed9da37e9d4600a9a28968c9a01db2b967d33cb",
  "results": {
    "6": {
      "median_abs_epsilon": 0.18468970343383972,
      "mean_abs_epsilon": 0.2582783266356684,
      "variance_epsilon": 0.14769752969168945,
      "nr_prec": 39005,
      "CV_median": 0.22201165126993247,
      "CV_q90": 0.46241176112021765,
      "CV_q75": 0.3101903858159989,
      "CV_q95": 0.5658215075199036
    },
    "5": {
      "median_abs_epsilon": 0.1957993849002584,
      "mean_abs_epsilon": 0.28099672119006736,
      "variance_epsilon": 0.17568914130236052,
      "nr_prec": 47225,
      "CV_median": 0.22460607589695705,
      "CV_q90": 0.4801940327511639,
      "CV_q75": 0.32092223826782973,
      "CV_q95": 0.5898917962172601
    },
    "4": {
      "median_abs_epsilon": 0.2045363505306952,
      "mean_abs_epsilon": 0.30457960075638774,
      "variance_epsilon": 0.21536164037935693,
      "nr_prec": 52379,
      "CV_median": 0.22574491126776358,
      "CV_q90": 0.4883175475980333,
      "CV_q75": 0.32589774230198987,
      "CV_q95": 0.6049729320854778
    },
    "3": {
      "median_abs_epsilon": 0.2096493330500575,
      "mean_abs_epsilon": 0.3198473860468431,
      "variance_epsilon": 0.247131950782258,
      "nr_prec": 56170,
      "CV_median": 0.2262047218057654,
      "CV_q90": 0.4931821004818601,
      "CV_q75": 0.3285791876886276,
      "CV_q95": 0.6130502185664782
    },
    "2": {
      "median_abs_epsilon": 0.21167349576488448,
      "mean_abs_epsilon": 0.32741783638272975,
      "variance_epsilon": 0.267728286058623,
      "nr_prec": 58529,
      "CV_median": 0.22633014460580153,
      "CV_q90": 0.4949500898691235,
      "CV_q75": 0.32939635918619414,
      "CV_q95": 0.6168193679637783
    },
    "1": {
      "median_abs_epsilon": 0.21167349576488448,
      "mean_abs_epsilon": 0.32741783638272975,
      "variance_epsilon": 0.267728286058623,
      "nr_prec": 59609,
      "CV_median": 0.22633014460580153,
      "CV_q90": 0.4949500898691235,
      "CV_q75": 0.32939635918619414,
      "CV_q95": 0.6168193679637783
    }
  },
  "median_abs_epsilon": 0.2096493330500575,
  "mean_abs_epsilon": 0.3198473860468431,
  "nr_prec": 56170,
  "comments": "",
  "proteobench_version": "0.8.18",
  "color": "#5f0f40",
  "hover_text": "ProteoBench ID: ProlineStudio_20250605_122005<br>Software tool: ProlineStudio <br>Comment (private submission): ...",
  "scatter_size": 20,
  "fixed_mods": "Carbamidomethyl (C)",
  "variable_mods": "Acetyl (Protein N-term); Oxidation (M)",
  "max_mods": "nan",
  "min_precursor_charge": "2",
  "max_precursor_charge": "3",
  "quantification_method": "nan",
  "protein_inference": "nan",
  "abundance_normalization_ions": "nan",
  "submission_comments": "The peaklists have been generated by MGFBoost 3.6.3\n\n ### No parameter changes detected. \n\n\nDataset URL: https://proteobench.cubimed.rub.de/datasets/6ed9da37e9d4600a9a28968c9a01db2b967d33cb/"
}