{
  "id": "ProlineStudio_20250507_142245",
  "old_new": "new",
  "software_name": "ProlineStudio",
  "software_version": "2.3.0-SNAPSHOT_2024-09-11T06:45:20Z_jenkins",
  "search_engine": "Mascot",
  "search_engine_version": "2.8.3",
  "ident_fdr_psm": 0.01,
  "ident_fdr_peptide": NaN,
  "ident_fdr_protein": NaN,
  "enable_match_between_runs": true,
  "precursor_mass_tolerance": "[-10.0 ppm, 10.0 ppm]",
  "fragment_mass_tolerance": "[-0.02 Da, 0.02 Da]",
  "enzyme": "Trypsin/P",
  "allowed_miscleavages": 2,
  "min_peptide_length": 7,
  "max_peptide_length": NaN,
  "is_temporary": false,
  "intermediate_hash": "6ed9da37e9d4600a9a28968c9a01db2b967d33cb",
  "results": {
    "6": {
      "median_abs_epsilon": 0.18468970343383972,
      "mean_abs_epsilon": 0.2582783266356684,
      "variance_epsilon": 0.14769752969168876,
      "nr_prec": 39005,
      "CV_median": 0.22201165126993247,
      "CV_q90": 0.46241176112021765,
      "CV_q75": 0.3101903858159989,
      "CV_q95": 0.5658215075199036
    },
    "5": {
      "median_abs_epsilon": 0.1957993849002584,
      "mean_abs_epsilon": 0.28099672119006736,
      "variance_epsilon": 0.17568914130236102,
      "nr_prec": 47225,
      "CV_median": 0.22460607589695705,
      "CV_q90": 0.4801940327511639,
      "CV_q75": 0.32092223826782973,
      "CV_q95": 0.5898917962172601
    },
    "4": {
      "median_abs_epsilon": 0.2045363505306952,
      "mean_abs_epsilon": 0.30457960075638774,
      "variance_epsilon": 0.21536164037935815,
      "nr_prec": 52379,
      "CV_median": 0.22574491126776358,
      "CV_q90": 0.4883175475980333,
      "CV_q75": 0.32589774230198987,
      "CV_q95": 0.6049729320854778
    },
    "3": {
      "median_abs_epsilon": 0.2096493330500575,
      "mean_abs_epsilon": 0.3198473860468431,
      "variance_epsilon": 0.24713195078225733,
      "nr_prec": 56170,
      "CV_median": 0.2262047218057654,
      "CV_q90": 0.4931821004818601,
      "CV_q75": 0.3285791876886276,
      "CV_q95": 0.6130502185664782
    },
    "2": {
      "median_abs_epsilon": 0.21167349576488448,
      "mean_abs_epsilon": 0.32741783638272975,
      "variance_epsilon": 0.26772828605862226,
      "nr_prec": 58529,
      "CV_median": 0.22633014460580153,
      "CV_q90": 0.4949500898691235,
      "CV_q75": 0.32939635918619414,
      "CV_q95": 0.6168193679637783
    },
    "1": {
      "median_abs_epsilon": 0.21167349576488448,
      "mean_abs_epsilon": 0.32741783638272975,
      "variance_epsilon": 0.26772828605862226,
      "nr_prec": 59609,
      "CV_median": 0.22633014460580153,
      "CV_q90": 0.4949500898691235,
      "CV_q75": 0.32939635918619414,
      "CV_q95": 0.6168193679637783
    }
  },
  "median_abs_epsilon": 0.2096493330500575,
  "nr_prec": 56170,
  "comments": "",
  "fixed_mods": "Carbamidomethyl (C)",
  "variable_mods": "Acetyl (Protein N-term); Oxidation (M)",
  "max_mods": NaN,
  "min_precursor_charge": 2,
  "max_precursor_charge": 3,
  "submission_comments": "The peaklists have been generated by MGFBoost 3.6.3\n\nDataset URL: https://proteobench.cubimed.rub.de/datasets/6ed9da37e9d4600a9a28968c9a01db2b967d33cb/",
  "proteobench_version": "0.5.10.dev28+g149aad0.d20241219",
  "minPeptideLength": NaN,
  "color": NaN,
  "hover_text": NaN,
  "scatter_size": NaN,
  "scan_window": NaN,
  "quantification_method_DIANN": NaN,
  "second_pass": NaN,
  "protein_inference": NaN,
  "predictors_library": NaN,
  "quantification_method": NaN,
  "mean_abs_epsilon": 0.3198473860468431,
  "abundance_normalization_ions": NaN
}