{
  "old_new": "new",
  "id": "i2MassChroQ_20260309_100856",
  "software_name": "i2MassChroQ",
  "software_version": "1.0.16",
  "search_engine": "X! Tandem",
  "search_engine_version": "X! Tandem Alanine (2017.2.1.4)",
  "ident_fdr_psm": 0.008998493465,
  "ident_fdr_peptide": 0.01196294798,
  "ident_fdr_protein": 0.009873268494,
  "enable_match_between_runs": false,
  "precursor_mass_tolerance": "[-10 ppm, 10 ppm]",
  "fragment_mass_tolerance": "[-0.02 Da, 0.02 Da]",
  "enzyme": "[RK]|{P}",
  "allowed_miscleavages": 3,
  "min_peptide_length": null,
  "max_peptide_length": null,
  "is_temporary": false,
  "intermediate_hash": "70e6cebf7b0387ba37fe7ee0fff1cee422493510",
  "results": {
    "6": {
      "median_abs_epsilon_global": 0.18436081248464475,
      "median_abs_epsilon_eq_species": 0.1811209891290305,
      "median_abs_epsilon_ECOLI": 0.21610341492368512,
      "median_abs_epsilon_HUMAN": 0.19590805144848744,
      "median_abs_epsilon_YEAST": 0.13135150101491888,
      "mean_abs_epsilon_global": 0.2519012931058517,
      "mean_abs_epsilon_eq_species": 0.26395616814546335,
      "mean_abs_epsilon_ECOLI": 0.31372902461191937,
      "mean_abs_epsilon_HUMAN": 0.2584824047458379,
      "mean_abs_epsilon_YEAST": 0.21965707507863277,
      "median_log2_empirical_ECOLI": -2.1566859670531535,
      "median_log2_empirical_HUMAN": -0.16930145657259743,
      "median_log2_empirical_YEAST": 0.9595796269410286,
      "median_abs_epsilon_precision_global": 0.12538121393748547,
      "median_abs_epsilon_precision_eq_species": 0.1315167071592498,
      "median_abs_epsilon_precision_ECOLI": 0.14563761529121066,
      "median_abs_epsilon_precision_HUMAN": 0.12571628789618927,
      "median_abs_epsilon_precision_YEAST": 0.12319621829034944,
      "mean_log2_empirical_ECOLI": -2.122904282427531,
      "mean_log2_empirical_HUMAN": -0.18032648558612224,
      "mean_log2_empirical_YEAST": 0.9418475634697385,
      "mean_abs_epsilon_precision_global": 0.2057483108223772,
      "mean_abs_epsilon_precision_eq_species": 0.2284605824483241,
      "mean_abs_epsilon_precision_ECOLI": 0.26674753027702586,
      "mean_abs_epsilon_precision_HUMAN": 0.20198622917916392,
      "mean_abs_epsilon_precision_YEAST": 0.2166479878887825,
      "CV_median": 0.13341587329461904,
      "CV_q75": 0.2648260133658995,
      "CV_q90": 0.45304944192866103,
      "CV_q95": 0.5630156782294007,
      "roc_auc": 0.9538576198103994,
      "roc_auc_directional": 0.9827836429163332,
      "nr_prec": 20118,
      "nr_prec_HUMAN": 15981,
      "nr_prec_YEAST": 3837,
      "nr_prec_ECOLI": 300,
      "variance_epsilon_global": 0.10899141474026061
    },
    "5": {
      "median_abs_epsilon_global": 0.189898581893015,
      "median_abs_epsilon_eq_species": 0.1890632370380647,
      "median_abs_epsilon_ECOLI": 0.22464628110208196,
      "median_abs_epsilon_HUMAN": 0.19943236333614323,
      "median_abs_epsilon_YEAST": 0.14311106667596896,
      "mean_abs_epsilon_global": 0.26997849410126956,
      "mean_abs_epsilon_eq_species": 0.28458670026139904,
      "mean_abs_epsilon_ECOLI": 0.33321357480783015,
      "mean_abs_epsilon_HUMAN": 0.27463918144746247,
      "mean_abs_epsilon_YEAST": 0.2459073445289045,
      "median_log2_empirical_ECOLI": -2.134726625752304,
      "median_log2_empirical_HUMAN": -0.1662054205008765,
      "median_log2_empirical_YEAST": 0.9613796682294868,
      "median_abs_epsilon_precision_global": 0.13720140385528978,
      "median_abs_epsilon_precision_eq_species": 0.15318073124305798,
      "median_abs_epsilon_precision_ECOLI": 0.18335130306337888,
      "median_abs_epsilon_precision_HUMAN": 0.13609327480855526,
      "median_abs_epsilon_precision_YEAST": 0.1400976158572398,
      "mean_log2_empirical_ECOLI": -2.0883375613150057,
      "mean_log2_empirical_HUMAN": -0.17696876506404122,
      "mean_log2_empirical_YEAST": 0.9346650524054194,
      "mean_abs_epsilon_precision_global": 0.22901519839092352,
      "mean_abs_epsilon_precision_eq_species": 0.2585130898938451,
      "mean_abs_epsilon_precision_ECOLI": 0.307752123164007,
      "mean_abs_epsilon_precision_HUMAN": 0.22350542366077747,
      "mean_abs_epsilon_precision_YEAST": 0.24428172285675093,
      "CV_median": 0.13090779073074055,
      "CV_q75": 0.2649406943273617,
      "CV_q90": 0.46242172624681394,
      "CV_q95": 0.5837103710586093,
      "roc_auc": 0.9413666683004723,
      "roc_auc_directional": 0.9782132458278119,
      "nr_prec": 30000,
      "nr_prec_HUMAN": 23593,
      "nr_prec_YEAST": 5900,
      "nr_prec_ECOLI": 507,
      "variance_epsilon_global": 0.13498679614962733
    },
    "4": {
      "median_abs_epsilon_global": 0.19907740466808832,
      "median_abs_epsilon_eq_species": 0.2083459932080712,
      "median_abs_epsilon_ECOLI": 0.2605396958349271,
      "median_abs_epsilon_HUMAN": 0.2066614420542514,
      "median_abs_epsilon_YEAST": 0.1578368417350351,
      "mean_abs_epsilon_global": 0.29446889958196965,
      "mean_abs_epsilon_eq_species": 0.33154034702740937,
      "mean_abs_epsilon_ECOLI": 0.4177861359767529,
      "mean_abs_epsilon_HUMAN": 0.29446458312125917,
      "mean_abs_epsilon_YEAST": 0.282370321984216,
      "median_log2_empirical_ECOLI": -2.1343433564860277,
      "median_log2_empirical_HUMAN": -0.1643854678287191,
      "median_log2_empirical_YEAST": 0.959578264257928,
      "median_abs_epsilon_precision_global": 0.15103243354485585,
      "median_abs_epsilon_precision_eq_species": 0.17610654486859723,
      "median_abs_epsilon_precision_ECOLI": 0.22287280174215418,
      "median_abs_epsilon_precision_HUMAN": 0.14767070979281272,
      "median_abs_epsilon_precision_YEAST": 0.15777612307082478,
      "mean_log2_empirical_ECOLI": -2.0601018719719373,
      "mean_log2_empirical_HUMAN": -0.17443060312414488,
      "mean_log2_empirical_YEAST": 0.918662737621585,
      "mean_abs_epsilon_precision_global": 0.25746628852564357,
      "mean_abs_epsilon_precision_eq_species": 0.3104226755716694,
      "mean_abs_epsilon_precision_ECOLI": 0.40157300520487604,
      "mean_abs_epsilon_precision_HUMAN": 0.24728695263162467,
      "mean_abs_epsilon_precision_YEAST": 0.2824080688785075,
      "CV_median": 0.1305133211725511,
      "CV_q75": 0.2676550378887047,
      "CV_q90": 0.47047761738679994,
      "CV_q95": 0.5981575981443272,
      "roc_auc": 0.9271877545427891,
      "roc_auc_directional": 0.9692587616539858,
      "nr_prec": 38813,
      "nr_prec_HUMAN": 30183,
      "nr_prec_YEAST": 7858,
      "nr_prec_ECOLI": 772,
      "variance_epsilon_global": 0.17631057836448147
    },
    "3": {
      "median_abs_epsilon_global": 0.20613276790201063,
      "median_abs_epsilon_eq_species": 0.21904924086653624,
      "median_abs_epsilon_ECOLI": 0.27516379517012624,
      "median_abs_epsilon_HUMAN": 0.21233855372476285,
      "median_abs_epsilon_YEAST": 0.16964537370471966,
      "mean_abs_epsilon_global": 0.31389751182898673,
      "mean_abs_epsilon_eq_species": 0.35295327577891467,
      "mean_abs_epsilon_ECOLI": 0.43998657079428494,
      "mean_abs_epsilon_HUMAN": 0.3127901412637059,
      "mean_abs_epsilon_YEAST": 0.3060831152787532,
      "median_log2_empirical_ECOLI": -2.1264964507012394,
      "median_log2_empirical_HUMAN": -0.15990246944037168,
      "median_log2_empirical_YEAST": 0.9586747514674503,
      "median_abs_epsilon_precision_global": 0.1610045217900522,
      "median_abs_epsilon_precision_eq_species": 0.1875273041068315,
      "median_abs_epsilon_precision_ECOLI": 0.23452215499215257,
      "median_abs_epsilon_precision_HUMAN": 0.15768448698072035,
      "median_abs_epsilon_precision_YEAST": 0.17037527034762157,
      "mean_log2_empirical_ECOLI": -2.0489992939595822,
      "mean_log2_empirical_HUMAN": -0.16760629790920878,
      "mean_log2_empirical_YEAST": 0.9114253395262737,
      "mean_abs_epsilon_precision_global": 0.28045289374310406,
      "mean_abs_epsilon_precision_eq_species": 0.33478539266214596,
      "mean_abs_epsilon_precision_ECOLI": 0.427314103262969,