{
  "id": "MaxQuant_20250610_111155",
  "software_name": "MaxQuant",
  "software_version": "1.6.3.3",
  "search_engine": "Andromeda",
  "search_engine_version": NaN,
  "ident_fdr_psm": 0.01,
  "ident_fdr_peptide": NaN,
  "ident_fdr_protein": 0.01,
  "enable_match_between_runs": false,
  "precursor_mass_tolerance": "[-4.5 ppm, 4.5 ppm]",
  "fragment_mass_tolerance": "[-20 ppm, 20 ppm]",
  "enzyme": "Trypsin/P",
  "allowed_miscleavages": 1,
  "min_peptide_length": 7,
  "max_peptide_length": NaN,
  "is_temporary": false,
  "intermediate_hash": "7912158e0522a315917e20fe434966ca9a17192e",
  "results": {
    "6": {
      "median_abs_epsilon_global": 0.15687737721631478,
      "median_abs_epsilon_eq_species": 0.16926412667834909,
      "median_abs_epsilon_ECOLI": 0.17697153961912626,
      "median_abs_epsilon_HUMAN": 0.15156269017434454,
      "median_abs_epsilon_YEAST": 0.17925815024157643,
      "mean_abs_epsilon_global": 0.19912616445361014,
      "mean_abs_epsilon_eq_species": 0.2278728479445277,
      "mean_abs_epsilon_ECOLI": 0.27144379731939405,
      "mean_abs_epsilon_HUMAN": 0.19299683774324633,
      "mean_abs_epsilon_YEAST": 0.21917790877094268,
      "median_log2_empirical_ECOLI": -1.8648106394528217,
      "median_log2_empirical_HUMAN": 0.059254913275273324,
      "median_log2_empirical_YEAST": 1.130157611228654,
      "median_abs_epsilon_precision_global": 0.14207813246712853,
      "median_abs_epsilon_precision_eq_species": 0.1477487089202499,
      "median_abs_epsilon_precision_ECOLI": 0.16269324791028517,
      "median_abs_epsilon_precision_HUMAN": 0.14303228354695108,
      "median_abs_epsilon_precision_YEAST": 0.13752059530351346,
      "mean_log2_empirical_ECOLI": -1.7942118455038434,
      "mean_log2_empirical_HUMAN": 0.04283332656649352,
      "mean_log2_empirical_YEAST": 1.0978324100441235,
      "mean_abs_epsilon_precision_global": 0.18904997557483863,
      "mean_abs_epsilon_precision_eq_species": 0.2089447172429302,
      "mean_abs_epsilon_precision_ECOLI": 0.2473305314846919,
      "mean_abs_epsilon_precision_HUMAN": 0.18716581059857007,
      "mean_abs_epsilon_precision_YEAST": 0.19233780964552874,
      "CV_median": 0.20451966551929904,
      "CV_q75": 0.2797007716397855,
      "CV_q90": 0.39366544435852513,
      "CV_q95": 0.4905302353411288,
      "variance_epsilon_global": 0.08329549303163505,
      "nr_feature": 13533,
      "roc_auc": 0.9878153725441885
    },
    "5": {
      "median_abs_epsilon_global": 0.16836076035269798,
      "median_abs_epsilon_eq_species": 0.19029614632234093,
      "median_abs_epsilon_ECOLI": 0.2187951740574885,
      "median_abs_epsilon_HUMAN": 0.16264401054849031,
      "median_abs_epsilon_YEAST": 0.18944925436104398,
      "mean_abs_epsilon_global": 0.21719497616802433,
      "mean_abs_epsilon_eq_species": 0.24695710130655038,
      "mean_abs_epsilon_ECOLI": 0.29285833586767435,
      "mean_abs_epsilon_HUMAN": 0.21055897056329884,
      "mean_abs_epsilon_YEAST": 0.23745399748867801,
      "median_log2_empirical_ECOLI": -1.8271283936467189,
      "median_log2_empirical_HUMAN": 0.06181135389800474,
      "median_log2_empirical_YEAST": 1.1138744935462679,
      "median_abs_epsilon_precision_global": 0.15509570663378724,
      "median_abs_epsilon_precision_eq_species": 0.16347525440839838,
      "median_abs_epsilon_precision_ECOLI": 0.17884700902242656,
      "median_abs_epsilon_precision_HUMAN": 0.15400390415244658,
      "median_abs_epsilon_precision_YEAST": 0.157574850050322,
      "mean_log2_empirical_ECOLI": -1.7887370857512261,
      "mean_log2_empirical_HUMAN": 0.048089824732410205,
      "mean_log2_empirical_YEAST": 1.0768712748109044,
      "mean_abs_epsilon_precision_global": 0.2081998733358013,
      "mean_abs_epsilon_precision_eq_species": 0.22624711662695454,
      "mean_abs_epsilon_precision_ECOLI": 0.25448394664876306,
      "mean_abs_epsilon_precision_HUMAN": 0.20429317312721404,
      "mean_abs_epsilon_precision_YEAST": 0.21996423010488647,
      "CV_median": 0.2039976717375908,
      "CV_q75": 0.28482986960347545,
      "CV_q90": 0.4055678594813541,
      "CV_q95": 0.5021695268315725,
      "variance_epsilon_global": 0.09889985015835834,
      "nr_feature": 19653,
      "roc_auc": 0.983562480235502
    },
    "4": {
      "median_abs_epsilon_global": 0.18079684186800016,
      "median_abs_epsilon_eq_species": 0.2072012249530122,
      "median_abs_epsilon_ECOLI": 0.24612670260429326,
      "median_abs_epsilon_HUMAN": 0.1746308489417281,
      "median_abs_epsilon_YEAST": 0.2008461233130152,
      "mean_abs_epsilon_global": 0.23944979337045594,
      "mean_abs_epsilon_eq_species": 0.28529569791591497,
      "mean_abs_epsilon_ECOLI": 0.36357674327464795,
      "mean_abs_epsilon_HUMAN": 0.23061332728923045,
      "mean_abs_epsilon_YEAST": 0.26169702318386656,
      "median_log2_empirical_ECOLI": -1.7807849673761211,
      "median_log2_empirical_HUMAN": 0.06361388330788387,
      "median_log2_empirical_YEAST": 1.092060160452986,
      "median_abs_epsilon_precision_global": 0.16935203058704573,
      "median_abs_epsilon_precision_eq_species": 0.1856119054488007,
      "median_abs_epsilon_precision_ECOLI": 0.21143056124141069,
      "median_abs_epsilon_precision_HUMAN": 0.16643637853436033,
      "median_abs_epsilon_precision_YEAST": 0.17896877657063115,
      "mean_log2_empirical_ECOLI": -1.7244160078132207,
      "mean_log2_empirical_HUMAN": 0.05239473908404282,
      "mean_log2_empirical_YEAST": 1.0515696675800672,
      "mean_abs_epsilon_precision_global": 0.2315729218007079,
      "mean_abs_epsilon_precision_eq_species": 0.2625260513935816,
      "mean_abs_epsilon_precision_ECOLI": 0.3109159310426871,
      "mean_abs_epsilon_precision_HUMAN": 0.2242661813803118,
      "mean_abs_epsilon_precision_YEAST": 0.2523960417577457,
      "CV_median": 0.2034598393752301,
      "CV_q75": 0.28778918180877633,
      "CV_q90": 0.41006423743606485,
      "CV_q95": 0.5066508879483489,
      "variance_epsilon_global": 0.11917240162324454,
      "nr_feature": 25234,
      "roc_auc": 0.9726788771134111
    },
    "3": {
      "median_abs_epsilon_global": 0.1933933103604204,
      "median_abs_epsilon_eq_species": 0.2207408375769321,
      "median_abs_epsilon_ECOLI": 0.2597033814924856,
      "median_abs_epsilon_HUMAN": 0.18784274014516456,
      "median_abs_epsilon_YEAST": 0.21467639109314618,
      "mean_abs_epsilon_global": 0.2592445689721843,
      "mean_abs_epsilon_eq_species": 0.3076999999428061,
      "mean_abs_epsilon_ECOLI": 0.39052220529618037,
      "mean_abs_epsilon_HUMAN": 0.25037863642385577,
      "mean_abs_epsilon_YEAST": 0.2821991581083823,
      "median_log2_empirical_ECOLI": -1.7676713833452045,
      "median_log2_empirical_HUMAN": 0.06800893235652339,
      "median_log2_empirical_YEAST": 1.083812534964057,
      "median_abs_epsilon_precision_global": 0.18240885564782872,
      "median_abs_epsilon_precision_eq_species": 0.1973189795735788,
      "median_abs_epsilon_precision_ECOLI": 0.2213538572740763,
      "median_abs_epsilon_precision_HUMAN": 0.17941915799695352,
      "median_abs_epsilon_precision_YEAST": 0.19118392344970658,
      "mean_log2_empirical_ECOLI": -1.6922644747189992,
      "mean_log2_empirical_HUMAN": 0.05866531913378352,
      "mean_log2_empirical_YEAST": 1.04039842414565,
      "mean_abs_epsilon_precision_global": 0.2513868249060675,
      "mean_abs_epsilon_precision_eq_species": 0.2837547234153042,
      "mean_abs_epsilon_precision_ECOLI": 0.3322185848010873,
      "mean_abs_epsilon_precision_HUMAN": 0.24347781201957777,
      "mean_abs_epsilon_precision_YEAST": 0.2755677734252476,
      "CV_median": 0.20341645219271937,
      "CV_q75": 0.2905435930046588,
      "CV_q90": 0.41409598462961317,
      "CV_q95": 0.5095008997731686,
      "variance_epsilon_global": 0.1363892031435623,
      "nr_feature": 31715,
      "roc_auc": 0.9621888012655936
    },
    "2": {
      "median_abs_epsilon_global": 0.20054674826880792,