{
  "old_new": "new",
  "id": "MaxQuant_20250610_111155",
  "software_name": "MaxQuant",
  "software_version": "1.6.3.3",
  "search_engine": "Andromeda",
  "search_engine_version": NaN,
  "ident_fdr_psm": 0.01,
  "ident_fdr_peptide": null,
  "ident_fdr_protein": 0.01,
  "enable_match_between_runs": false,
  "precursor_mass_tolerance": "[-4.5 ppm, 4.5 ppm]",
  "fragment_mass_tolerance": "[-20 ppm, 20 ppm]",
  "enzyme": "Trypsin/P",
  "allowed_miscleavages": 1,
  "min_peptide_length": 7,
  "max_peptide_length": null,
  "is_temporary": false,
  "intermediate_hash": "7912158e0522a315917e20fe434966ca9a17192e",
  "results": {
    "6": {
      "median_abs_epsilon_global": 0.1568404252513922,
      "median_abs_epsilon_eq_species": 0.16923826692090613,
      "median_abs_epsilon_ECOLI": 0.17697153961912626,
      "median_abs_epsilon_HUMAN": 0.15150958075764365,
      "median_abs_epsilon_YEAST": 0.17923368038594845,
      "mean_abs_epsilon_global": 0.1988373882465206,
      "mean_abs_epsilon_eq_species": 0.2274971406236301,
      "mean_abs_epsilon_ECOLI": 0.27144379731939405,
      "mean_abs_epsilon_HUMAN": 0.19287520513754694,
      "mean_abs_epsilon_YEAST": 0.2181724194139493,
      "median_log2_empirical_ECOLI": -1.8648106394528217,
      "median_log2_empirical_HUMAN": 0.059254913275273324,
      "median_log2_empirical_YEAST": 1.1302232248138324,
      "median_abs_epsilon_precision_global": 0.1420188653005745,
      "median_abs_epsilon_precision_eq_species": 0.14771411197277828,
      "median_abs_epsilon_precision_ECOLI": 0.16269324791028517,
      "median_abs_epsilon_precision_HUMAN": 0.14299526124055895,
      "median_abs_epsilon_precision_YEAST": 0.13745382676749074,
      "mean_log2_empirical_ECOLI": -1.7942118455038434,
      "mean_log2_empirical_HUMAN": 0.042899465338902175,
      "mean_log2_empirical_YEAST": 1.0990860483786629,
      "mean_abs_epsilon_precision_global": 0.18871264292085516,
      "mean_abs_epsilon_precision_eq_species": 0.20848534655584716,
      "mean_abs_epsilon_precision_ECOLI": 0.2473305314846919,
      "mean_abs_epsilon_precision_HUMAN": 0.1870392263233343,
      "mean_abs_epsilon_precision_YEAST": 0.19108628185951532,
      "CV_median": 0.20447448269362306,
      "CV_q75": 0.2796640949527743,
      "CV_q90": 0.39363770120163605,
      "CV_q95": 0.4905248162019141,
      "roc_auc": 0.9880694665857632,
      "roc_auc_directional": 0.9835537762503279,
      "nr_prec": 13529,
      "nr_prec_HUMAN": 10770,
      "nr_prec_YEAST": 2555,
      "nr_prec_ECOLI": 204,
      "variance_epsilon_global": 0.08277579516231001
    },
    "5": {
      "median_abs_epsilon_global": 0.16820694305991424,
      "median_abs_epsilon_eq_species": 0.19023475452833635,
      "median_abs_epsilon_ECOLI": 0.2187951740574885,
      "median_abs_epsilon_HUMAN": 0.1625344405481215,
      "median_abs_epsilon_YEAST": 0.18937464897939904,
      "mean_abs_epsilon_global": 0.21674464102872476,
      "mean_abs_epsilon_eq_species": 0.24647902870697033,
      "mean_abs_epsilon_ECOLI": 0.29285833586767435,
      "mean_abs_epsilon_HUMAN": 0.2102707960881174,
      "mean_abs_epsilon_YEAST": 0.23630795416511916,
      "median_log2_empirical_ECOLI": -1.8271283936467189,
      "median_log2_empirical_HUMAN": 0.06180145246829305,
      "median_log2_empirical_YEAST": 1.1139145160048898,
      "median_abs_epsilon_precision_global": 0.1549983860624824,
      "median_abs_epsilon_precision_eq_species": 0.16330955792036347,
      "median_abs_epsilon_precision_ECOLI": 0.17884700902242656,
      "median_abs_epsilon_precision_HUMAN": 0.15393997631938738,
      "median_abs_epsilon_precision_YEAST": 0.15714168841927645,
      "mean_log2_empirical_ECOLI": -1.7887370857512261,
      "mean_log2_empirical_HUMAN": 0.04809941996000209,
      "mean_log2_empirical_YEAST": 1.0779091100060687,
      "mean_abs_epsilon_precision_global": 0.20771988995534169,
      "mean_abs_epsilon_precision_eq_species": 0.2257156313552671,
      "mean_abs_epsilon_precision_ECOLI": 0.25448394664876306,
      "mean_abs_epsilon_precision_HUMAN": 0.2040048223285851,
      "mean_abs_epsilon_precision_YEAST": 0.2186581250884532,
      "CV_median": 0.2039586371414851,
      "CV_q75": 0.2847263834574416,
      "CV_q90": 0.405335656554153,
      "CV_q95": 0.5018019997494962,
      "roc_auc": 0.9838610761616174,
      "roc_auc_directional": 0.9860494244410482,
      "nr_prec": 19641,
      "nr_prec_HUMAN": 15522,
      "nr_prec_YEAST": 3767,
      "nr_prec_ECOLI": 352,
      "variance_epsilon_global": 0.09820376444670348
    },
    "4": {
      "median_abs_epsilon_global": 0.18069641827389304,
      "median_abs_epsilon_eq_species": 0.2067938473687274,
      "median_abs_epsilon_ECOLI": 0.24519072988161383,
      "median_abs_epsilon_HUMAN": 0.1744245530471371,
      "median_abs_epsilon_YEAST": 0.2007662591774313,
      "mean_abs_epsilon_global": 0.2388929960955797,
      "mean_abs_epsilon_eq_species": 0.2835751789085293,
      "mean_abs_epsilon_ECOLI": 0.35975494677172754,
      "mean_abs_epsilon_HUMAN": 0.23026152565628896,
      "mean_abs_epsilon_YEAST": 0.26070906429757135,
      "median_log2_empirical_ECOLI": -1.7824352496434894,
      "median_log2_empirical_HUMAN": 0.06354878419358556,
      "median_log2_empirical_YEAST": 1.0924855077289202,
      "median_abs_epsilon_precision_global": 0.16914336858342693,
      "median_abs_epsilon_precision_eq_species": 0.1847379436397508,
      "median_abs_epsilon_precision_ECOLI": 0.20896346012531097,
      "median_abs_epsilon_precision_HUMAN": 0.1663616456490331,
      "median_abs_epsilon_precision_YEAST": 0.17888872514490828,
      "mean_log2_empirical_ECOLI": -1.7284083329035207,
      "mean_log2_empirical_HUMAN": 0.05223534328968553,
      "mean_log2_empirical_YEAST": 1.0527272517108033,
      "mean_abs_epsilon_precision_global": 0.2309823795519936,
      "mean_abs_epsilon_precision_eq_species": 0.260613882308623,
      "mean_abs_epsilon_precision_ECOLI": 0.306704148491977,
      "mean_abs_epsilon_precision_HUMAN": 0.22392964405919066,
      "mean_abs_epsilon_precision_YEAST": 0.2512078543747011,
      "CV_median": 0.2034200795166478,
      "CV_q75": 0.2877240620227627,
      "CV_q90": 0.4099744541163547,
      "CV_q95": 0.5064632774263116,
      "roc_auc": 0.973174590509111,
      "roc_auc_directional": 0.9803982646656757,
      "nr_prec": 25213,
      "nr_prec_HUMAN": 19744,
      "nr_prec_YEAST": 4953,
      "nr_prec_ECOLI": 516,
      "variance_epsilon_global": 0.11826664097714659
    },
    "3": {
      "median_abs_epsilon_global": 0.1932304117934276,
      "median_abs_epsilon_eq_species": 0.22053725583285377,
      "median_abs_epsilon_ECOLI": 0.25935534978949093,
      "median_abs_epsilon_HUMAN": 0.18773223744402578,
      "median_abs_epsilon_YEAST": 0.2145241802650446,
      "mean_abs_epsilon_global": 0.2585838647509236,
      "mean_abs_epsilon_eq_species": 0.30609760665426844,
      "mean_abs_epsilon_ECOLI": 0.38720857406366693,
      "mean_abs_epsilon_HUMAN": 0.24986944854836787,
      "mean_abs_epsilon_YEAST": 0.2812147973507705,
      "median_log2_empirical_ECOLI": -1.7684959085737724,
      "median_log2_empirical_HUMAN": 0.06794406024329369,
      "median_log2_empirical_YEAST": 1.0843383351852047,
      "median_abs_epsilon_precision_global": 0.18214493791074826,
      "median_abs_epsilon_precision_eq_species": 0.19672663278251376,
      "median_abs_epsilon_precision_ECOLI": 0.22006188933737647,
      "median_abs_epsilon_precision_HUMAN": 0.17927119885571052,
      "median_abs_epsilon_precision_YEAST": 0.19084681015445426,
      "mean_log2_empirical_ECOLI": -1.6957191394779438,
      "mean_log2_empirical_HUMAN": 0.05834508430238565,
      "mean_log2_empirical_YEAST": 1.041599645129628,
      "mean_abs_epsilon_precision_global": 0.25070255437082084,
      "mean_abs_epsilon_precision_eq_species": 0.2819901284121793,
      "mean_abs_epsilon_precision_ECOLI": 0.3285888821521397,
      "mean_abs_epsilon_precision_HUMAN": 0.2429935285661618,