{
  "id": "MaxQuant_20250605_123350",
  "software_name": "MaxQuant",
  "software_version": "2.1.3.0",
  "search_engine": "Andromeda",
  "search_engine_version": NaN,
  "ident_fdr_psm": 0.01,
  "ident_fdr_peptide": NaN,
  "ident_fdr_protein": 0.01,
  "enable_match_between_runs": true,
  "precursor_mass_tolerance": "[-4.5 ppm, 4.5 ppm]",
  "fragment_mass_tolerance": "[-20 ppm, 20 ppm]",
  "enzyme": "Trypsin/P",
  "allowed_miscleavages": 2,
  "min_peptide_length": 7,
  "max_peptide_length": NaN,
  "is_temporary": false,
  "intermediate_hash": "7a1b33450db849167eac7f1ad2f96f25753e5484",
  "results": {
    "6": {
      "median_abs_epsilon_global": 0.1711083738051702,
      "median_abs_epsilon_eq_species": 0.19704263628325216,
      "median_abs_epsilon_ECOLI": 0.23485269425819766,
      "median_abs_epsilon_HUMAN": 0.16548035655092264,
      "median_abs_epsilon_YEAST": 0.19079485804063623,
      "mean_abs_epsilon_global": 0.22618968729888192,
      "mean_abs_epsilon_eq_species": 0.2910515954118149,
      "mean_abs_epsilon_ECOLI": 0.41272598818229217,
      "mean_abs_epsilon_HUMAN": 0.2175751302472106,
      "mean_abs_epsilon_YEAST": 0.24285366780594203,
      "median_log2_empirical_ECOLI": -1.8041664833523843,
      "median_log2_empirical_HUMAN": 0.07967735240753271,
      "median_log2_empirical_YEAST": 1.1233820844302613,
      "median_abs_epsilon_precision_global": 0.15070611508202525,
      "median_abs_epsilon_precision_eq_species": 0.16111858307156623,
      "median_abs_epsilon_precision_ECOLI": 0.18148971903739053,
      "median_abs_epsilon_precision_HUMAN": 0.14968832326036718,
      "median_abs_epsilon_precision_YEAST": 0.152177706916941,
      "mean_log2_empirical_ECOLI": -1.6915493616586712,
      "mean_log2_empirical_HUMAN": 0.06343921596824574,
      "mean_log2_empirical_YEAST": 1.0895369439398404,
      "mean_abs_epsilon_precision_global": 0.2130824140524254,
      "mean_abs_epsilon_precision_eq_species": 0.2682872993308291,
      "mean_abs_epsilon_precision_ECOLI": 0.3772709633828598,
      "mean_abs_epsilon_precision_HUMAN": 0.2073168148108817,
      "mean_abs_epsilon_precision_YEAST": 0.22027411979874573,
      "CV_median": 0.2128173709539806,
      "CV_q75": 0.2945839268161731,
      "CV_q90": 0.42724659512604124,
      "CV_q95": 0.5276991372072475,
      "variance_epsilon_global": 0.10769684305016594,
      "nr_feature": 25070,
      "roc_auc": 0.9773472203322046
    },
    "5": {
      "median_abs_epsilon_global": 0.18528867883383526,
      "median_abs_epsilon_eq_species": 0.22015646770809796,
      "median_abs_epsilon_ECOLI": 0.277600900245897,
      "median_abs_epsilon_HUMAN": 0.1783754443298431,
      "median_abs_epsilon_YEAST": 0.20449305854855382,
      "mean_abs_epsilon_global": 0.25639772079122175,
      "mean_abs_epsilon_eq_species": 0.3311580886441075,
      "mean_abs_epsilon_ECOLI": 0.4718685322433498,
      "mean_abs_epsilon_HUMAN": 0.24474882459565248,
      "mean_abs_epsilon_YEAST": 0.27685690909332017,
      "median_log2_empirical_ECOLI": -1.763830595315465,
      "median_log2_empirical_HUMAN": 0.07917954358817525,
      "median_log2_empirical_YEAST": 1.1026676681600023,
      "median_abs_epsilon_precision_global": 0.16728787952433777,
      "median_abs_epsilon_precision_eq_species": 0.1913220499436695,
      "median_abs_epsilon_precision_ECOLI": 0.23396165736013685,
      "median_abs_epsilon_precision_HUMAN": 0.16384590880480587,
      "median_abs_epsilon_precision_YEAST": 0.17615858366606574,
      "mean_log2_empirical_ECOLI": -1.6648916010582981,
      "mean_log2_empirical_HUMAN": 0.0637165855415862,
      "mean_log2_empirical_YEAST": 1.0603369346777936,
      "mean_abs_epsilon_precision_global": 0.24533417169451385,
      "mean_abs_epsilon_precision_eq_species": 0.3054911567895639,
      "mean_abs_epsilon_precision_ECOLI": 0.416542161381892,
      "mean_abs_epsilon_precision_HUMAN": 0.2353077114818026,
      "mean_abs_epsilon_precision_YEAST": 0.26462359750499703,
      "CV_median": 0.21520771038589892,
      "CV_q75": 0.30690752171091734,
      "CV_q90": 0.4507901093428751,
      "CV_q95": 0.5594304690516141,
      "variance_epsilon_global": 0.1478420984134541,
      "nr_feature": 32549,
      "roc_auc": 0.9635679347312375
    },
    "4": {
      "median_abs_epsilon_global": 0.197469408819833,
      "median_abs_epsilon_eq_species": 0.2526306816595234,
      "median_abs_epsilon_ECOLI": 0.34927871907130914,
      "median_abs_epsilon_HUMAN": 0.18908667050424555,
      "median_abs_epsilon_YEAST": 0.21952665540301552,
      "mean_abs_epsilon_global": 0.2887723611497189,
      "mean_abs_epsilon_eq_species": 0.3815683569790709,
      "mean_abs_epsilon_ECOLI": 0.5569222309017153,
      "mean_abs_epsilon_HUMAN": 0.2719401771279211,
      "mean_abs_epsilon_YEAST": 0.3158426629075761,
      "median_log2_empirical_ECOLI": -1.7253465685911973,
      "median_log2_empirical_HUMAN": 0.07883051206894365,
      "median_log2_empirical_YEAST": 1.0850096308353798,
      "median_abs_epsilon_precision_global": 0.18161701401525399,
      "median_abs_epsilon_precision_eq_species": 0.21999894020423483,
      "median_abs_epsilon_precision_ECOLI": 0.28686327868273764,
      "median_abs_epsilon_precision_HUMAN": 0.17512807566030375,
      "median_abs_epsilon_precision_YEAST": 0.1980054662696631,
      "mean_log2_empirical_ECOLI": -1.606248602993645,
      "mean_log2_empirical_HUMAN": 0.061823815743549164,
      "mean_log2_empirical_YEAST": 1.0379010036169998,
      "mean_abs_epsilon_precision_global": 0.2788251036554069,
      "mean_abs_epsilon_precision_eq_species": 0.35361398991004683,
      "mean_abs_epsilon_precision_ECOLI": 0.48809692381375785,
      "mean_abs_epsilon_precision_HUMAN": 0.2631124828283268,
      "mean_abs_epsilon_precision_YEAST": 0.30963256308805576,
      "CV_median": 0.21653580181102672,
      "CV_q75": 0.3128648968496883,
      "CV_q90": 0.46403378194617995,
      "CV_q95": 0.5768565027877903,
      "variance_epsilon_global": 0.20050526736468377,
      "nr_feature": 38510,
      "roc_auc": 0.9445045245048735
    },
    "3": {
      "median_abs_epsilon_global": 0.20713056688894937,
      "median_abs_epsilon_eq_species": 0.2663136789207587,
      "median_abs_epsilon_ECOLI": 0.373640266983422,
      "median_abs_epsilon_HUMAN": 0.19843051988637228,
      "median_abs_epsilon_YEAST": 0.22687024989248172,
      "mean_abs_epsilon_global": 0.310534457905174,
      "mean_abs_epsilon_eq_species": 0.40400859313913035,
      "mean_abs_epsilon_ECOLI": 0.5811510482265564,
      "mean_abs_epsilon_HUMAN": 0.2940233333359769,
      "mean_abs_epsilon_YEAST": 0.3368513978548578,
      "median_log2_empirical_ECOLI": -1.7133472361473672,
      "median_log2_empirical_HUMAN": 0.07928663986308138,
      "median_log2_empirical_YEAST": 1.075644708207955,
      "median_abs_epsilon_precision_global": 0.19135120120375504,
      "median_abs_epsilon_precision_eq_species": 0.23091474424565325,
      "median_abs_epsilon_precision_ECOLI": 0.30070004162494257,
      "median_abs_epsilon_precision_HUMAN": 0.18457461009155907,
      "median_abs_epsilon_precision_YEAST": 0.2074695810204581,
      "mean_log2_empirical_ECOLI": -1.5861348261476644,
      "mean_log2_empirical_HUMAN": 0.060770780625082475,
      "mean_log2_empirical_YEAST": 1.0261809398559203,
      "mean_abs_epsilon_precision_global": 0.30120966292470364,
      "mean_abs_epsilon_precision_eq_species": 0.3748918365223353,
      "mean_abs_epsilon_precision_ECOLI": 0.5062124778283957,
      "mean_abs_epsilon_precision_HUMAN": 0.2856273377808438,
      "mean_abs_epsilon_precision_YEAST": 0.3328356939577664,
      "CV_median": 0.21735497675897808,
      "CV_q75": 0.31639841525406665,
      "CV_q90": 0.47107392565185013,
      "CV_q95": 0.5873027035617288,
      "variance_epsilon_global": 0.23948436758383995,
      "nr_feature": 43680,
      "roc_auc": 0.9319840762869726
    },
    "2": {
      "median_abs_epsilon_global": 0.21062902996620636,
      "median_abs_epsilon_eq_species": 0.2716459689302783,