{
  "old_new": "new",
  "id": "MaxQuant_20250605_123350",
  "software_name": "MaxQuant",
  "software_version": "2.1.3.0",
  "search_engine": "Andromeda",
  "search_engine_version": NaN,
  "ident_fdr_psm": 0.01,
  "ident_fdr_peptide": null,
  "ident_fdr_protein": 0.01,
  "enable_match_between_runs": true,
  "precursor_mass_tolerance": "[-4.5 ppm, 4.5 ppm]",
  "fragment_mass_tolerance": "[-20 ppm, 20 ppm]",
  "enzyme": "Trypsin/P",
  "allowed_miscleavages": 2,
  "min_peptide_length": 7,
  "max_peptide_length": null,
  "is_temporary": false,
  "intermediate_hash": "7a1b33450db849167eac7f1ad2f96f25753e5484",
  "results": {
    "6": {
      "median_abs_epsilon_global": 0.17102564267552012,
      "median_abs_epsilon_eq_species": 0.19584078424114537,
      "median_abs_epsilon_ECOLI": 0.2316712488032433,
      "median_abs_epsilon_HUMAN": 0.16529504033078446,
      "median_abs_epsilon_YEAST": 0.19055606358940835,
      "mean_abs_epsilon_global": 0.2255299901376456,
      "mean_abs_epsilon_eq_species": 0.28770638157799994,
      "mean_abs_epsilon_ECOLI": 0.40382436455706716,
      "mean_abs_epsilon_HUMAN": 0.21714107466780727,
      "mean_abs_epsilon_YEAST": 0.24215370550912527,
      "median_log2_empirical_ECOLI": -1.8042577215381481,
      "median_log2_empirical_HUMAN": 0.07961592936843687,
      "median_log2_empirical_YEAST": 1.1235836600936562,
      "median_abs_epsilon_precision_global": 0.15061806585074766,
      "median_abs_epsilon_precision_eq_species": 0.1605096244788733,
      "median_abs_epsilon_precision_ECOLI": 0.17994759118793446,
      "median_abs_epsilon_precision_HUMAN": 0.14962433685017906,
      "median_abs_epsilon_precision_YEAST": 0.15195694539850635,
      "mean_log2_empirical_ECOLI": -1.700883663084066,
      "mean_log2_empirical_HUMAN": 0.06309003538692737,
      "mean_log2_empirical_YEAST": 1.0905830022505532,
      "mean_abs_epsilon_precision_global": 0.2123683032979794,
      "mean_abs_epsilon_precision_eq_species": 0.2641895494332904,
      "mean_abs_epsilon_precision_ECOLI": 0.3663106404343343,
      "mean_abs_epsilon_precision_HUMAN": 0.20691931443608358,
      "mean_abs_epsilon_precision_YEAST": 0.21933869342945342,
      "CV_median": 0.21274376602897613,
      "CV_q75": 0.2944485857159294,
      "CV_q90": 0.42668855213685664,
      "CV_q95": 0.5267841127434973,
      "roc_auc": 0.9778575111788089,
      "roc_auc_directional": 0.9715059581844314,
      "nr_prec": 25044,
      "nr_prec_HUMAN": 19760,
      "nr_prec_YEAST": 4802,
      "nr_prec_ECOLI": 482,
      "variance_epsilon_global": 0.10651085650302744
    },
    "5": {
      "median_abs_epsilon_global": 0.18513842505685751,
      "median_abs_epsilon_eq_species": 0.21997333681617567,
      "median_abs_epsilon_ECOLI": 0.2773450232606134,
      "median_abs_epsilon_HUMAN": 0.17817730928337028,
      "median_abs_epsilon_YEAST": 0.20439767790454333,
      "mean_abs_epsilon_global": 0.2556529944968112,
      "mean_abs_epsilon_eq_species": 0.3279199254229577,
      "mean_abs_epsilon_ECOLI": 0.4635572538656533,
      "mean_abs_epsilon_HUMAN": 0.2443053166486979,
      "mean_abs_epsilon_YEAST": 0.27589720575452203,
      "median_log2_empirical_ECOLI": -1.7652796948047218,
      "median_log2_empirical_HUMAN": 0.07881825674297183,
      "median_log2_empirical_YEAST": 1.1028313934188478,
      "median_abs_epsilon_precision_global": 0.1671423996620227,
      "median_abs_epsilon_precision_eq_species": 0.19077028239166616,
      "median_abs_epsilon_precision_ECOLI": 0.23271127991887042,
      "median_abs_epsilon_precision_HUMAN": 0.1637417600829636,
      "median_abs_epsilon_precision_YEAST": 0.17585780717316446,
      "mean_log2_empirical_ECOLI": -1.6737455783776682,
      "mean_log2_empirical_HUMAN": 0.06343643832036501,
      "mean_log2_empirical_YEAST": 1.0616338185374683,
      "mean_abs_epsilon_precision_global": 0.24455145288514588,
      "mean_abs_epsilon_precision_eq_species": 0.30184814764183376,
      "mean_abs_epsilon_precision_ECOLI": 0.40721139068819917,
      "mean_abs_epsilon_precision_HUMAN": 0.23490076715774888,
      "mean_abs_epsilon_precision_YEAST": 0.26343228507955313,
      "CV_median": 0.21512995640283863,
      "CV_q75": 0.30665000693850875,
      "CV_q90": 0.44984319404071427,
      "CV_q95": 0.5586737734502096,
      "roc_auc": 0.9640365298407664,
      "roc_auc_directional": 0.9672673869665329,
      "nr_prec": 32508,
      "nr_prec_HUMAN": 25322,
      "nr_prec_YEAST": 6430,
      "nr_prec_ECOLI": 756,
      "variance_epsilon_global": 0.14640055751643613
    },
    "4": {
      "median_abs_epsilon_global": 0.19724802307811018,
      "median_abs_epsilon_eq_species": 0.2522473599317365,
      "median_abs_epsilon_ECOLI": 0.34841930674138055,
      "median_abs_epsilon_HUMAN": 0.1890081673271986,
      "median_abs_epsilon_YEAST": 0.21931460572663042,
      "mean_abs_epsilon_global": 0.28798203109564374,
      "mean_abs_epsilon_eq_species": 0.3791031490205781,
      "mean_abs_epsilon_ECOLI": 0.5512299123393323,
      "mean_abs_epsilon_HUMAN": 0.2714598539426017,
      "mean_abs_epsilon_YEAST": 0.3146196807798005,
      "median_log2_empirical_ECOLI": -1.7256692832350495,
      "median_log2_empirical_HUMAN": 0.07865528050351678,
      "median_log2_empirical_YEAST": 1.0854870013083282,
      "median_abs_epsilon_precision_global": 0.181436048485919,
      "median_abs_epsilon_precision_eq_species": 0.2196124337057069,
      "median_abs_epsilon_precision_ECOLI": 0.28624579317390797,
      "median_abs_epsilon_precision_HUMAN": 0.17490375375042966,
      "median_abs_epsilon_precision_YEAST": 0.19768775419278306,
      "mean_log2_empirical_ECOLI": -1.6124031618786774,
      "mean_log2_empirical_HUMAN": 0.061529841448738784,
      "mean_log2_empirical_YEAST": 1.0395560040670386,
      "mean_abs_epsilon_precision_global": 0.27800397065477733,
      "mean_abs_epsilon_precision_eq_species": 0.35097425442182445,
      "mean_abs_epsilon_precision_ECOLI": 0.48209684780287093,
      "mean_abs_epsilon_precision_HUMAN": 0.2626666713652328,
      "mean_abs_epsilon_precision_YEAST": 0.3081592440973698,
      "CV_median": 0.21645575515740179,
      "CV_q75": 0.3126117140409912,
      "CV_q90": 0.46309257713792357,
      "CV_q95": 0.5761490328701061,
      "roc_auc": 0.9450449225565096,
      "roc_auc_directional": 0.9560602578067439,
      "nr_prec": 38459,
      "nr_prec_HUMAN": 29542,
      "nr_prec_YEAST": 7858,
      "nr_prec_ECOLI": 1059,
      "variance_epsilon_global": 0.1990004662232275
    },
    "3": {
      "median_abs_epsilon_global": 0.2069432066150867,
      "median_abs_epsilon_eq_species": 0.2658016929552633,
      "median_abs_epsilon_ECOLI": 0.37288768274271433,
      "median_abs_epsilon_HUMAN": 0.19822779567459747,
      "median_abs_epsilon_YEAST": 0.226289600448478,
      "mean_abs_epsilon_global": 0.30949779019393475,
      "mean_abs_epsilon_eq_species": 0.4013871361974079,
      "mean_abs_epsilon_ECOLI": 0.5759678638004563,
      "mean_abs_epsilon_HUMAN": 0.2934255041792455,
      "mean_abs_epsilon_YEAST": 0.33476804061252174,
      "median_log2_empirical_ECOLI": -1.7149222679597713,
      "median_log2_empirical_HUMAN": 0.079136947421663,
      "median_log2_empirical_YEAST": 1.0766268527091114,
      "median_abs_epsilon_precision_global": 0.19106938039277566,
      "median_abs_epsilon_precision_eq_species": 0.23030943286198044,
      "median_abs_epsilon_precision_ECOLI": 0.299211281746004,
      "median_abs_epsilon_precision_HUMAN": 0.18431074444174556,
      "median_abs_epsilon_precision_YEAST": 0.20740627239819176,
      "mean_log2_empirical_ECOLI": -1.591754788313645,
      "mean_log2_empirical_HUMAN": 0.060530579913023075,
      "mean_log2_empirical_YEAST": 1.0279118546657586,
      "mean_abs_epsilon_precision_global": 0.30013345075320186,
      "mean_abs_epsilon_precision_eq_species": 0.3721239434026546,
      "mean_abs_epsilon_precision_ECOLI": 0.5008260016327235,
      "mean_abs_epsilon_precision_HUMAN": 0.28505154085077783,