{
  "old_new": "new",
  "id": "i2MassChroQ_20260309_102056",
  "software_name": "i2MassChroQ",
  "software_version": "1.0.18",
  "search_engine": "Sage",
  "search_engine_version": "0.14.7",
  "ident_fdr_psm": 0.005999419143,
  "ident_fdr_peptide": 0.008561447245,
  "ident_fdr_protein": 0.009234643907,
  "enable_match_between_runs": true,
  "precursor_mass_tolerance": "-10 10 ppm",
  "fragment_mass_tolerance": "-0.02 0.02 da",
  "enzyme": "KR|P,true",
  "allowed_miscleavages": 2,
  "min_peptide_length": 5,
  "max_peptide_length": 50,
  "is_temporary": false,
  "intermediate_hash": "7e5a3eb4de4f3b40e60d642ed25155a9e9fd8cf2",
  "results": {
    "6": {
      "median_abs_epsilon_global": 0.18964586911630654,
      "median_abs_epsilon_eq_species": 0.22988285333429737,
      "median_abs_epsilon_ECOLI": 0.33654674243100224,
      "median_abs_epsilon_HUMAN": 0.19268738548616327,
      "median_abs_epsilon_YEAST": 0.1604144320857266,
      "mean_abs_epsilon_global": 0.2918725338286397,
      "mean_abs_epsilon_eq_species": 0.41018902102752747,
      "mean_abs_epsilon_ECOLI": 0.6537640149151482,
      "mean_abs_epsilon_HUMAN": 0.27658170225393475,
      "mean_abs_epsilon_YEAST": 0.30022134591349936,
      "median_log2_empirical_ECOLI": -2.0399798005341587,
      "median_log2_empirical_HUMAN": -0.15453514891367348,
      "median_log2_empirical_YEAST": 0.9583745984115879,
      "median_abs_epsilon_precision_global": 0.1430129759331038,
      "median_abs_epsilon_precision_eq_species": 0.20614959591436133,
      "median_abs_epsilon_precision_ECOLI": 0.3200767910927418,
      "median_abs_epsilon_precision_HUMAN": 0.13472026766421408,
      "median_abs_epsilon_precision_YEAST": 0.16365172898612812,
      "mean_log2_empirical_ECOLI": -1.6991455445630415,
      "mean_log2_empirical_HUMAN": -0.15857930783784985,
      "mean_log2_empirical_YEAST": 0.8896160253174702,
      "mean_abs_epsilon_precision_global": 0.2594058441702019,
      "mean_abs_epsilon_precision_eq_species": 0.4223317571259633,
      "mean_abs_epsilon_precision_ECOLI": 0.7303088329609402,
      "mean_abs_epsilon_precision_HUMAN": 0.23001858998543934,
      "mean_abs_epsilon_precision_YEAST": 0.3066678484315105,
      "CV_median": 0.11626618132482472,
      "CV_q75": 0.23582489458167,
      "CV_q90": 0.44030351597122813,
      "CV_q95": 0.5722292180968959,
      "roc_auc": 0.9201460889094961,
      "roc_auc_directional": 0.9255701466002353,
      "nr_prec": 50036,
      "nr_prec_HUMAN": 38579,
      "nr_prec_YEAST": 10059,
      "nr_prec_ECOLI": 1398,
      "variance_epsilon_global": 0.1872016891600544
    },
    "5": {
      "median_abs_epsilon_global": 0.2015731270210157,
      "median_abs_epsilon_eq_species": 0.2550084006669226,
      "median_abs_epsilon_ECOLI": 0.3808410266053066,
      "median_abs_epsilon_HUMAN": 0.20202267984054245,
      "median_abs_epsilon_YEAST": 0.18216149555491867,
      "mean_abs_epsilon_global": 0.3218174890839092,
      "mean_abs_epsilon_eq_species": 0.44426265471776266,
      "mean_abs_epsilon_ECOLI": 0.6889309123112132,
      "mean_abs_epsilon_HUMAN": 0.3013221852455402,
      "mean_abs_epsilon_YEAST": 0.34253486659653465,
      "median_log2_empirical_ECOLI": -2.0413228831797596,
      "median_log2_empirical_HUMAN": -0.15498694420777248,
      "median_log2_empirical_YEAST": 0.9560320501283002,
      "median_abs_epsilon_precision_global": 0.15784010083500455,
      "median_abs_epsilon_precision_eq_species": 0.23549829388251098,
      "median_abs_epsilon_precision_ECOLI": 0.37212092747027015,
      "median_abs_epsilon_precision_HUMAN": 0.14725622052589316,
      "median_abs_epsilon_precision_YEAST": 0.18711773365136963,
      "mean_log2_empirical_ECOLI": -1.7116028213344059,
      "mean_log2_empirical_HUMAN": -0.16174215235368633,
      "mean_log2_empirical_YEAST": 0.8716584228853279,
      "mean_abs_epsilon_precision_global": 0.29222079964459163,
      "mean_abs_epsilon_precision_eq_species": 0.45528057283805673,
      "mean_abs_epsilon_precision_ECOLI": 0.7569715885609251,
      "mean_abs_epsilon_precision_HUMAN": 0.2572517002781457,
      "mean_abs_epsilon_precision_YEAST": 0.35161842967509943,
      "CV_median": 0.12442872999273043,
      "CV_q75": 0.2619024851602578,
      "CV_q90": 0.47634876114608904,
      "CV_q95": 0.6161971319117463,
      "roc_auc": 0.9042970320540469,
      "roc_auc_directional": 0.9173349206476182,
      "nr_prec": 57944,
      "nr_prec_HUMAN": 44148,
      "nr_prec_YEAST": 12009,
      "nr_prec_ECOLI": 1787,
      "variance_epsilon_global": 0.2345200084853444
    },
    "4": {
      "median_abs_epsilon_global": 0.2105513114850801,
      "median_abs_epsilon_eq_species": 0.27493109184939907,
      "median_abs_epsilon_ECOLI": 0.42007114366187004,
      "median_abs_epsilon_HUMAN": 0.20954740267014316,
      "median_abs_epsilon_YEAST": 0.19517472921618406,
      "mean_abs_epsilon_global": 0.34274748194323273,
      "mean_abs_epsilon_eq_species": 0.47187515963711785,
      "mean_abs_epsilon_ECOLI": 0.7301049770850266,
      "mean_abs_epsilon_HUMAN": 0.318739869929515,
      "mean_abs_epsilon_YEAST": 0.3667806318968122,
      "median_log2_empirical_ECOLI": -2.0347585011861753,
      "median_log2_empirical_HUMAN": -0.15669694495858977,
      "median_log2_empirical_YEAST": 0.9555704612926057,
      "median_abs_epsilon_precision_global": 0.16860680712516185,
      "median_abs_epsilon_precision_eq_species": 0.2550949913798573,
      "median_abs_epsilon_precision_ECOLI": 0.40863327923781156,
      "median_abs_epsilon_precision_HUMAN": 0.15593923257266518,
      "median_abs_epsilon_precision_YEAST": 0.20071246232909523,
      "mean_log2_empirical_ECOLI": -1.7094554414033662,
      "mean_log2_empirical_HUMAN": -0.1647572492472002,
      "mean_log2_empirical_YEAST": 0.8679338414540374,
      "mean_abs_epsilon_precision_global": 0.3140967406858819,
      "mean_abs_epsilon_precision_eq_species": 0.4816651204322027,
      "mean_abs_epsilon_precision_ECOLI": 0.7934063163994739,
      "mean_abs_epsilon_precision_HUMAN": 0.2753990902833397,
      "mean_abs_epsilon_precision_YEAST": 0.37618995461379456,
      "CV_median": 0.12835208229251766,
      "CV_q75": 0.2748701513943172,
      "CV_q90": 0.48953000930887075,
      "CV_q95": 0.632329055819681,
      "roc_auc": 0.8958746857274249,
      "roc_auc_directional": 0.9102038571574194,
      "nr_prec": 63150,
      "nr_prec_HUMAN": 47746,
      "nr_prec_YEAST": 13268,
      "nr_prec_ECOLI": 2136,
      "variance_epsilon_global": 0.272546670911894
    },
    "3": {
      "median_abs_epsilon_global": 0.21461116816223935,
      "median_abs_epsilon_eq_species": 0.28151660274191315,
      "median_abs_epsilon_ECOLI": 0.4309771812759706,
      "median_abs_epsilon_HUMAN": 0.21273337582123375,
      "median_abs_epsilon_YEAST": 0.20083925112853507,
      "mean_abs_epsilon_global": 0.35215383150440965,
      "mean_abs_epsilon_eq_species": 0.48245509441515977,
      "mean_abs_epsilon_ECOLI": 0.7424304808285248,
      "mean_abs_epsilon_HUMAN": 0.32837647149508103,
      "mean_abs_epsilon_YEAST": 0.3765583309218734,
      "median_log2_empirical_ECOLI": -2.0313022319180973,
      "median_log2_empirical_HUMAN": -0.1552529121898143,
      "median_log2_empirical_YEAST": 0.9542914892300836,
      "median_abs_epsilon_precision_global": 0.17370870653205728,
      "median_abs_epsilon_precision_eq_species": 0.2621549762434168,
      "median_abs_epsilon_precision_ECOLI": 0.41790937037848863,
      "median_abs_epsilon_precision_HUMAN": 0.16136214549699446,
      "median_abs_epsilon_precision_YEAST": 0.20719341285476744,
      "mean_log2_empirical_ECOLI": -1.6932542223501454,
      "mean_log2_empirical_HUMAN": -0.1621692085473592,
      "mean_log2_empirical_YEAST": 0.862441553870211,
      "mean_abs_epsilon_precision_global": 0.32490553038533115,
      "mean_abs_epsilon_precision_eq_species": 0.49320878442217353,
      "mean_abs_epsilon_precision_ECOLI": 0.8062310046987794,
      "mean_abs_epsilon_precision_HUMAN": 0.28693960823392867,