{
  "id": "MaxQuant_20250508_170912",
  "old_new": "new",
  "software_name": "MaxQuant",
  "software_version": "1.5.8.2",
  "search_engine": "Andromeda",
  "search_engine_version": NaN,
  "ident_fdr_psm": 0.01,
  "ident_fdr_peptide": null,
  "ident_fdr_protein": 0.01,
  "enable_match_between_runs": false,
  "precursor_mass_tolerance": "[-4.5 ppm, 4.5 ppm]",
  "fragment_mass_tolerance": "[-20 ppm, 20 ppm]",
  "enzyme": "Trypsin/P",
  "allowed_miscleavages": 1,
  "min_peptide_length": 7,
  "max_peptide_length": null,
  "is_temporary": false,
  "intermediate_hash": "80302645726af64bdca3c18ae2aa90d97bbb5b51",
  "results": {
    "6": {
      "median_abs_epsilon": 0.15746728302214308,
      "mean_abs_epsilon": 0.1991674383342996,
      "variance_epsilon": 0.08216611475231651,
      "nr_prec": 13565,
      "CV_median": 0.20396540088907175,
      "CV_q90": 0.39315964404295844,
      "CV_q75": 0.27881293530013335,
      "CV_q95": 0.490775309193038
    },
    "5": {
      "median_abs_epsilon": 0.16948973719733118,
      "mean_abs_epsilon": 0.21667578102183158,
      "variance_epsilon": 0.09653483403505433,
      "nr_prec": 19661,
      "CV_median": 0.20357749138740333,
      "CV_q90": 0.40579140347209264,
      "CV_q75": 0.2842331971851792,
      "CV_q95": 0.5031927314764921
    },
    "4": {
      "median_abs_epsilon": 0.18160315644376723,
      "mean_abs_epsilon": 0.2391990273196946,
      "variance_epsilon": 0.11879346343294389,
      "nr_prec": 25213,
      "CV_median": 0.20294105740480006,
      "CV_q90": 0.41020853990037376,
      "CV_q75": 0.28707212055922093,
      "CV_q95": 0.5063675074923719
    },
    "3": {
      "median_abs_epsilon": 0.19300800346727875,
      "mean_abs_epsilon": 0.2586786406304748,
      "variance_epsilon": 0.13718605309802276,
      "nr_prec": 31676,
      "CV_median": 0.20297368713179287,
      "CV_q90": 0.41442169069890067,
      "CV_q75": 0.29029878651698726,
      "CV_q95": 0.5103016697589877
    },
    "2": {
      "median_abs_epsilon": 0.1998532269084965,
      "mean_abs_epsilon": 0.2729442227479426,
      "variance_epsilon": 0.15705134972518422,
      "nr_prec": 38998,
      "CV_median": 0.20212321561180213,
      "CV_q90": 0.41520770200594936,
      "CV_q75": 0.29088468735139045,
      "CV_q95": 0.5112222869947197
    },
    "1": {
      "median_abs_epsilon": 0.1998532269084965,
      "mean_abs_epsilon": 0.27294422274794256,
      "variance_epsilon": 0.15705134972518422,
      "nr_prec": 49749,
      "CV_median": 0.20212321561180213,
      "CV_q90": 0.41520770200594936,
      "CV_q75": 0.29088468735139045,
      "CV_q95": 0.5112222869947197
    }
  },
  "median_abs_epsilon": 0.19300800346727875,
  "nr_prec": 31676,
  "comments": "",
  "fixed_mods": "Carbamidomethyl (C)",
  "variable_mods": "Oxidation (M),Acetyl (Protein N-term)",
  "max_mods": 5,
  "min_precursor_charge": null,
  "max_precursor_charge": 7,
  "submission_comments": "\n\nDataset URL: https://proteobench.cubimed.rub.de/datasets/80302645726af64bdca3c18ae2aa90d97bbb5b51/",
  "proteobench_version": "0.5.10.dev28+g149aad0.d20241219",
  "minPeptideLength": NaN,
  "color": NaN,
  "hover_text": NaN,
  "scatter_size": NaN,
  "scan_window": NaN,
  "quantification_method_DIANN": NaN,
  "second_pass": NaN,
  "protein_inference": NaN,
  "predictors_library": NaN,
  "quantification_method": NaN,
  "mean_abs_epsilon": 0.2586786406304748,
  "abundance_normalization_ions": NaN
}