{
  "id": "FragPipe_20250430_143742",
  "old_new": "new",
  "software_name": "FragPipe",
  "software_version": "23.0",
  "search_engine": "MSFragger",
  "search_engine_version": "4.2",
  "ident_fdr_psm": "0.01",
  "ident_fdr_peptide": null,
  "ident_fdr_protein": "0.01",
  "enable_match_between_runs": true,
  "precursor_mass_tolerance": "[-20 ppm, 20 ppm]",
  "fragment_mass_tolerance": "[-20 ppm, 20 ppm]",
  "enzyme": "Trypsin/P",
  "allowed_miscleavages": "2",
  "min_peptide_length": "7",
  "max_peptide_length": "50",
  "is_temporary": false,
  "intermediate_hash": "80b8a3f0c0c9ab8af7246868470026c6fdf277b2",
  "results": {
    "6": {
      "median_abs_epsilon": 0.14938839440384122,
      "mean_abs_epsilon": 0.21989672068454488,
      "variance_epsilon": 0.10392519781834841,
      "nr_prec": 24880,
      "CV_median": 0.15229463232248713,
      "CV_q90": 0.3956162142426358,
      "CV_q75": 0.2581520469294052,
      "CV_q95": 0.49590336269060303
    },
    "5": {
      "median_abs_epsilon": 0.16430261668688573,
      "mean_abs_epsilon": 0.24225517787896172,
      "variance_epsilon": 0.12734993109321313,
      "nr_prec": 35544,
      "CV_median": 0.15398312833466327,
      "CV_q90": 0.4161061176200781,
      "CV_q75": 0.2677115509207173,
      "CV_q95": 0.525810936888538
    },
    "4": {
      "median_abs_epsilon": 0.17917861821266,
      "mean_abs_epsilon": 0.27083656098242354,
      "variance_epsilon": 0.16681857720561563,
      "nr_prec": 44476,
      "CV_median": 0.15495860673196754,
      "CV_q90": 0.42813316179496896,
      "CV_q75": 0.2730494646072509,
      "CV_q95": 0.543006502561426
    },
    "3": {
      "median_abs_epsilon": 0.19183123535393776,
      "mean_abs_epsilon": 0.29525944921012914,
      "variance_epsilon": 0.20245345330564313,
      "nr_prec": 53958,
      "CV_median": 0.1559337358216289,
      "CV_q90": 0.435045261613461,
      "CV_q75": 0.2761600794141978,
      "CV_q95": 0.5533997416500323
    },
    "2": {
      "median_abs_epsilon": 0.2005256664843813,
      "mean_abs_epsilon": 0.31670704430234325,
      "variance_epsilon": 0.24223409627898615,
      "nr_prec": 64054,
      "CV_median": 0.15634158346131305,
      "CV_q90": 0.4399429451677409,
      "CV_q75": 0.27828686164062966,
      "CV_q95": 0.5609205079065285
    },
    "1": {
      "median_abs_epsilon": 0.2005256664843813,
      "mean_abs_epsilon": 0.3167070443023433,
      "variance_epsilon": 0.24223409627898623,
      "nr_prec": 75663,
      "CV_median": 0.15634158346131305,
      "CV_q90": 0.4399429451677409,
      "CV_q75": 0.27828686164062966,
      "CV_q95": 0.5609205079065285
    }
  },
  "median_abs_epsilon": 0.19183123535393776,
  "nr_prec": 53958,
  "comments": "",
  "fixed_mods": "0.0,C-Term Peptide,true,-1; 0.0,N-Term Peptide,true,-1; 0.0,C-Term Protein,true,-1; 0.0,N-Term Protein,true,-1; 0.0,G (glycine),true,-1; 0.0,A (alanine),true,-1; 0.0,S (serine),true,-1; 0.0,P (proline),true,-1; 0.0,V (valine),true,-1; 0.0,T (threonine),true,-1; 57.02146,C (cysteine),true,-1; 0.0,L (leucine),true,-1; 0.0,I (isoleucine),true,-1; 0.0,N (asparagine),true,-1; 0.0,D (aspartic acid),true,-1; 0.0,Q (glutamine),true,-1; 0.0,K (lysine),true,-1; 0.0,E (glutamic acid),true,-1; 0.0,M (methionine),true,-1; 0.0,H (histidine),true,-1; 0.0,F (phenylalanine),true,-1; 0.0,R (arginine),true,-1; 0.0,Y (tyrosine),true,-1; 0.0,W (tryptophan),true,-1; 0.0,B ,true,-1; 0.0,J,true,-1; 0.0,O,true,-1; 0.0,U,true,-1; 0.0,X,true,-1; 0.0,Z,true,-1",
  "variable_mods": "15.9949,M,true,3; 42.0106,[^,true,1; 79.96633,STY,false,3; -17.0265,nQnC,false,1; -18.0106,nE,false,1; 4.025107,K,false,2; 6.020129,R,false,2; 8.014199,K,false,2; 10.008269,R,false,2; 0.0,site_10,false,1; 0.0,site_11,false,1; 0.0,site_12,false,1; 0.0,site_13,false,1; 0.0,site_14,false,1; 0.0,site_15,false,1; 0.0,site_16,false,1",
  "max_mods": "3",
  "min_precursor_charge": "1",
  "max_precursor_charge": null,
  "submission_comments": "\n\n ### Parameter changes Detected:\n- **software_version**: `Version info:` \u2192 `Version info: 23.0`\n- **quantification_method**: `nan` \u2192 `IonQuant`\n- **ident_fdr_protein**: `1` \u2192 `0.01`\n- **search_engine_version**: `` \u2192 `4.2`\n\nDataset URL: https://proteobench.cubimed.rub.de/datasets/80b8a3f0c0c9ab8af7246868470026c6fdf277b2/",
  "proteobench_version": "0.8.6",
  "minPeptideLength": NaN,
  "color": "#ff7f00",
  "hover_text": "ProteoBench ID: FragPipe_20250430_143742<br>Software tool: FragPipe <br>Comment (private submission): ...",
  "scatter_size": 20,
  "scan_window": NaN,
  "quantification_method_DIANN": NaN,
  "second_pass": NaN,
  "protein_inference": "ProteinProphet: --maxppmdiff 2000000",
  "predictors_library": NaN,
  "quantification_method": "IonQuant",
  "mean_abs_epsilon": 0.29525944921012914,
  "abundance_normalization_ions": "1"
}