{
  "old_new": "new",
  "id": "i2MassChroQ_20260309_101659",
  "software_name": "i2MassChroQ",
  "software_version": "1.2.0",
  "search_engine": "Sage",
  "search_engine_version": "0.15.0-alpha",
  "ident_fdr_psm": 0.0099991764759,
  "ident_fdr_peptide": 0.0141726898633,
  "ident_fdr_protein": 0.00948714423209,
  "enable_match_between_runs": true,
  "precursor_mass_tolerance": "-10 10 ppm",
  "fragment_mass_tolerance": "-0.02 0.02 da",
  "enzyme": "KR|P,T",
  "allowed_miscleavages": 2,
  "min_peptide_length": 5,
  "max_peptide_length": 50,
  "is_temporary": false,
  "intermediate_hash": "80fcd8d9e909e5fe3c754ce18eb18e8da396949b",
  "results": {
    "6": {
      "median_abs_epsilon_global": 0.18924530190218114,
      "median_abs_epsilon_eq_species": 0.2325313425069376,
      "median_abs_epsilon_ECOLI": 0.34426180852908317,
      "median_abs_epsilon_HUMAN": 0.19209613751588073,
      "median_abs_epsilon_YEAST": 0.1612360814758489,
      "mean_abs_epsilon_global": 0.2918531432882103,
      "mean_abs_epsilon_eq_species": 0.4140771091554399,
      "mean_abs_epsilon_ECOLI": 0.6657868968634777,
      "mean_abs_epsilon_HUMAN": 0.27582785625261097,
      "mean_abs_epsilon_YEAST": 0.3006165743502309,
      "median_log2_empirical_ECOLI": -2.0339869381700453,
      "median_log2_empirical_HUMAN": -0.15380112029614246,
      "median_log2_empirical_YEAST": 0.9613172170472915,
      "median_abs_epsilon_precision_global": 0.1428430802820051,
      "median_abs_epsilon_precision_eq_species": 0.21032504850747338,
      "median_abs_epsilon_precision_ECOLI": 0.3321043338160905,
      "median_abs_epsilon_precision_HUMAN": 0.13468096660706053,
      "median_abs_epsilon_precision_YEAST": 0.16418984509926915,
      "mean_log2_empirical_ECOLI": -1.6804401646494616,
      "mean_log2_empirical_HUMAN": -0.15751570221789515,
      "mean_log2_empirical_YEAST": 0.8912906226382059,
      "mean_abs_epsilon_precision_global": 0.2599240578747077,
      "mean_abs_epsilon_precision_eq_species": 0.42654437287873265,
      "mean_abs_epsilon_precision_ECOLI": 0.7425746651252366,
      "mean_abs_epsilon_precision_HUMAN": 0.2298211206666013,
      "mean_abs_epsilon_precision_YEAST": 0.30723733284436006,
      "CV_median": 0.11498731273622761,
      "CV_q75": 0.23464887270136203,
      "CV_q90": 0.4392469289767992,
      "CV_q95": 0.5715303911104312,
      "roc_auc": 0.9205949952102085,
      "roc_auc_directional": 0.9259739604271289,
      "nr_prec": 50378,
      "nr_prec_HUMAN": 38802,
      "nr_prec_YEAST": 10151,
      "nr_prec_ECOLI": 1425,
      "variance_epsilon_global": 0.19105325888148025
    },
    "5": {
      "median_abs_epsilon_global": 0.20152547940419652,
      "median_abs_epsilon_eq_species": 0.2584102583638052,
      "median_abs_epsilon_ECOLI": 0.39032155226461285,
      "median_abs_epsilon_HUMAN": 0.20158110960802844,
      "median_abs_epsilon_YEAST": 0.1833281132187743,
      "mean_abs_epsilon_global": 0.321456202775855,
      "mean_abs_epsilon_eq_species": 0.4485819663034751,
      "mean_abs_epsilon_ECOLI": 0.7043837062651724,
      "mean_abs_epsilon_HUMAN": 0.3001863013812364,
      "mean_abs_epsilon_YEAST": 0.3411758912640165,
      "median_log2_empirical_ECOLI": -2.033152303937637,
      "median_log2_empirical_HUMAN": -0.15448310829424017,
      "median_log2_empirical_YEAST": 0.9595229988593879,
      "median_abs_epsilon_precision_global": 0.15764080350591314,
      "median_abs_epsilon_precision_eq_species": 0.2395694577099666,
      "median_abs_epsilon_precision_ECOLI": 0.38546779721021096,
      "median_abs_epsilon_precision_HUMAN": 0.14655319020344493,
      "median_abs_epsilon_precision_YEAST": 0.18668738571624388,
      "mean_log2_empirical_ECOLI": -1.6880299454559222,
      "mean_log2_empirical_HUMAN": -0.15975501538816803,
      "mean_log2_empirical_YEAST": 0.8764372355780782,
      "mean_abs_epsilon_precision_global": 0.29222157895400663,
      "mean_abs_epsilon_precision_eq_species": 0.46008173830131316,
      "mean_abs_epsilon_precision_ECOLI": 0.773911165516377,
      "mean_abs_epsilon_precision_HUMAN": 0.25648281300318754,
      "mean_abs_epsilon_precision_YEAST": 0.34985123638437493,
      "CV_median": 0.12311704906060968,
      "CV_q75": 0.2599917830461608,
      "CV_q90": 0.47441159496345203,
      "CV_q95": 0.6139890562523838,
      "roc_auc": 0.90506993408995,
      "roc_auc_directional": 0.9173269141995406,
      "nr_prec": 58218,
      "nr_prec_HUMAN": 44268,
      "nr_prec_YEAST": 12115,
      "nr_prec_ECOLI": 1835,
      "variance_epsilon_global": 0.23952314394388444
    },
    "4": {
      "median_abs_epsilon_global": 0.21005075049496824,
      "median_abs_epsilon_eq_species": 0.2757796187241244,
      "median_abs_epsilon_ECOLI": 0.4224800624795879,
      "median_abs_epsilon_HUMAN": 0.20832142726061065,
      "median_abs_epsilon_YEAST": 0.19653736643217457,
      "mean_abs_epsilon_global": 0.34075093535364964,
      "mean_abs_epsilon_eq_species": 0.47138046010954016,
      "mean_abs_epsilon_ECOLI": 0.73246058955048,
      "mean_abs_epsilon_HUMAN": 0.3157318306665527,
      "mean_abs_epsilon_YEAST": 0.36594896011158784,
      "median_log2_empirical_ECOLI": -2.032026690979876,
      "median_log2_empirical_HUMAN": -0.15596937518466447,
      "median_log2_empirical_YEAST": 0.9588373530358822,
      "median_abs_epsilon_precision_global": 0.16769441862834533,
      "median_abs_epsilon_precision_eq_species": 0.25563451797926007,
      "median_abs_epsilon_precision_ECOLI": 0.41116498058752526,
      "median_abs_epsilon_precision_HUMAN": 0.15467394319508898,
      "median_abs_epsilon_precision_YEAST": 0.20106463015516596,
      "mean_log2_empirical_ECOLI": -1.7002575078851039,
      "mean_log2_empirical_HUMAN": -0.16198532579746053,
      "mean_log2_empirical_YEAST": 0.8720169087962311,
      "mean_abs_epsilon_precision_global": 0.3123972399429581,
      "mean_abs_epsilon_precision_eq_species": 0.4805917108100611,
      "mean_abs_epsilon_precision_ECOLI": 0.7939399614151589,
      "mean_abs_epsilon_precision_HUMAN": 0.2727457702145927,
      "mean_abs_epsilon_precision_YEAST": 0.3750894008004317,
      "CV_median": 0.1269999270937776,
      "CV_q75": 0.27244364751223626,
      "CV_q90": 0.4873937979089133,
      "CV_q95": 0.6306289330564788,
      "roc_auc": 0.8973403750921602,
      "roc_auc_directional": 0.9123244551889352,
      "nr_prec": 63318,
      "nr_prec_HUMAN": 47741,
      "nr_prec_YEAST": 13389,
      "nr_prec_ECOLI": 2188,
      "variance_epsilon_global": 0.2731680167001163
    },
    "3": {
      "median_abs_epsilon_global": 0.2135529174613069,
      "median_abs_epsilon_eq_species": 0.282208008689843,
      "median_abs_epsilon_ECOLI": 0.4335428000714412,
      "median_abs_epsilon_HUMAN": 0.2115099172940198,
      "median_abs_epsilon_YEAST": 0.20157130870406803,
      "mean_abs_epsilon_global": 0.3504721709497351,
      "mean_abs_epsilon_eq_species": 0.48435479041242235,
      "mean_abs_epsilon_ECOLI": 0.751977390253362,
      "mean_abs_epsilon_HUMAN": 0.3254489147852832,
      "mean_abs_epsilon_YEAST": 0.37563806619862183,
      "median_log2_empirical_ECOLI": -2.0232589682619757,
      "median_log2_empirical_HUMAN": -0.1545059519252341,
      "median_log2_empirical_YEAST": 0.9567026323152703,
      "median_abs_epsilon_precision_global": 0.1731548371325431,
      "median_abs_epsilon_precision_eq_species": 0.2637382435149653,
      "median_abs_epsilon_precision_ECOLI": 0.4240452190359818,
      "median_abs_epsilon_precision_HUMAN": 0.16005199110257173,
      "median_abs_epsilon_precision_YEAST": 0.20711752040634224,
      "mean_log2_empirical_ECOLI": -1.6771211095279537,
      "mean_log2_empirical_HUMAN": -0.1599616981689084,
      "mean_log2_empirical_YEAST": 0.8654609866009055,
      "mean_abs_epsilon_precision_global": 0.3236418396301701,
      "mean_abs_epsilon_precision_eq_species": 0.4948898755995497,
      "mean_abs_epsilon_precision_ECOLI": 0.8146326778531752,
      "mean_abs_epsilon_precision_HUMAN": 0.2843802930736422,