{
  "id": "FragPipe_20250504_165138",
  "old_new": "new",
  "software_name": "FragPipe",
  "software_version": "23.0",
  "search_engine": "MSFragger-DDA+",
  "search_engine_version": "4.2",
  "ident_fdr_psm": "0.01",
  "ident_fdr_peptide": null,
  "ident_fdr_protein": "0.01",
  "enable_match_between_runs": true,
  "precursor_mass_tolerance": "[-20 ppm, 20 ppm]",
  "fragment_mass_tolerance": "[-20 ppm, 20 ppm]",
  "enzyme": "Trypsin/P",
  "allowed_miscleavages": "2",
  "min_peptide_length": "7",
  "max_peptide_length": "50",
  "is_temporary": false,
  "intermediate_hash": "883e7c4e8dcc57f21ff2e5632455e81a913ca9ad",
  "results": {
    "6": {
      "median_abs_epsilon": 0.15130691399604324,
      "mean_abs_epsilon": 0.22090745544742518,
      "variance_epsilon": 0.10722594244273838,
      "nr_prec": 24616,
      "CV_median": 0.1514111159289545,
      "CV_q90": 0.3994066130594909,
      "CV_q75": 0.25920556514373566,
      "CV_q95": 0.501507828394546
    },
    "5": {
      "median_abs_epsilon": 0.1668448941135079,
      "mean_abs_epsilon": 0.24786616885279206,
      "variance_epsilon": 0.13635862185844366,
      "nr_prec": 33990,
      "CV_median": 0.15603183381031438,
      "CV_q90": 0.4275299708254865,
      "CV_q75": 0.2731785205750059,
      "CV_q95": 0.5479762944428687
    },
    "4": {
      "median_abs_epsilon": 0.18175171070840968,
      "mean_abs_epsilon": 0.27695050413511174,
      "variance_epsilon": 0.17788193272547287,
      "nr_prec": 41646,
      "CV_median": 0.15810102662115058,
      "CV_q90": 0.44605407154083543,
      "CV_q75": 0.28137281394941355,
      "CV_q95": 0.5760536388351671
    },
    "3": {
      "median_abs_epsilon": 0.19556079922448077,
      "mean_abs_epsilon": 0.3074167396746465,
      "variance_epsilon": 0.23206737783950865,
      "nr_prec": 49337,
      "CV_median": 0.15906922375710064,
      "CV_q90": 0.4566365946358752,
      "CV_q75": 0.2856897507775426,
      "CV_q95": 0.5937455905649582
    },
    "2": {
      "median_abs_epsilon": 0.20630026115011546,
      "mean_abs_epsilon": 0.3356001612729302,
      "variance_epsilon": 0.28869542154927197,
      "nr_prec": 58406,
      "CV_median": 0.15980527461855282,
      "CV_q90": 0.46234069206908357,
      "CV_q75": 0.2883249251122635,
      "CV_q95": 0.6040444840606078
    },
    "1": {
      "median_abs_epsilon": 0.20630026115011546,
      "mean_abs_epsilon": 0.3356001612729301,
      "variance_epsilon": 0.2886954215492719,
      "nr_prec": 71645,
      "CV_median": 0.15980527461855282,
      "CV_q90": 0.46234069206908357,
      "CV_q75": 0.2883249251122635,
      "CV_q95": 0.6040444840606078
    }
  },
  "median_abs_epsilon": 0.19556079922448077,
  "nr_prec": 49337,
  "comments": "",
  "fixed_mods": "0.0,C-Term Peptide,true,-1; 0.0,N-Term Peptide,true,-1; 0.0,C-Term Protein,true,-1; 0.0,N-Term Protein,true,-1; 0.0,G (glycine),true,-1; 0.0,A (alanine),true,-1; 0.0,S (serine),true,-1; 0.0,P (proline),true,-1; 0.0,V (valine),true,-1; 0.0,T (threonine),true,-1; 57.02146,C (cysteine),true,-1; 0.0,L (leucine),true,-1; 0.0,I (isoleucine),true,-1; 0.0,N (asparagine),true,-1; 0.0,D (aspartic acid),true,-1; 0.0,Q (glutamine),true,-1; 0.0,K (lysine),true,-1; 0.0,E (glutamic acid),true,-1; 0.0,M (methionine),true,-1; 0.0,H (histidine),true,-1; 0.0,F (phenylalanine),true,-1; 0.0,R (arginine),true,-1; 0.0,Y (tyrosine),true,-1; 0.0,W (tryptophan),true,-1; 0.0,B ,true,-1; 0.0,J,true,-1; 0.0,O,true,-1; 0.0,U,true,-1; 0.0,X,true,-1; 0.0,Z,true,-1",
  "variable_mods": "15.9949,M,true,3; 42.0106,[^,true,1; 79.96633,STY,false,3; -17.0265,nQnC,false,1; -18.0106,nE,false,1; 4.025107,K,false,2; 6.020129,R,false,2; 8.014199,K,false,2; 10.008269,R,false,2; 0.0,site_10,false,1; 0.0,site_11,false,1; 0.0,site_12,false,1; 0.0,site_13,false,1; 0.0,site_14,false,1; 0.0,site_15,false,1; 0.0,site_16,false,1",
  "max_mods": "3",
  "min_precursor_charge": "1",
  "max_precursor_charge": "7",
  "submission_comments": "\n\n ### Parameter changes Detected:\n- **search_engine**: `MSFragger` \u2192 `MSFragger-DDA+`\n- **search_engine_version**: `` \u2192 `4.2`\n- **software_version**: `Version info:` \u2192 `23.0`\n- **quantification_method**: `nan` \u2192 `IonQuant`\n- **ident_fdr_protein**: `1` \u2192 `0.01`\n- **max_precursor_charge**: `None` \u2192 `7`\n\nDataset URL: https://proteobench.cubimed.rub.de/datasets/883e7c4e8dcc57f21ff2e5632455e81a913ca9ad/",
  "proteobench_version": "0.8.7",
  "minPeptideLength": NaN,
  "color": "#d30067",
  "hover_text": "ProteoBench ID: FragPipe_20250504_165138<br>Software tool: FragPipe <br>Comment (private submission): ...",
  "scatter_size": 40,
  "scan_window": NaN,
  "quantification_method_DIANN": NaN,
  "second_pass": NaN,
  "protein_inference": "ProteinProphet: --maxppmdiff 2000000",
  "predictors_library": NaN,
  "quantification_method": "IonQuant",
  "mean_abs_epsilon": 0.3074167396746465,
  "abundance_normalization_ions": "1"
}