{
  "old_new": "new",
  "id": "quantms_20250724_163655",
  "software_name": "quantms",
  "software_version": "v1.5.0-gb17b26b",
  "search_engine": NaN,
  "search_engine_version": NaN,
  "ident_fdr_psm": "0.01",
  "ident_fdr_peptide": NaN,
  "ident_fdr_protein": "0.01",
  "enable_match_between_runs": true,
  "precursor_mass_tolerance": "10 ppm",
  "fragment_mass_tolerance": "0.02 Da",
  "enzyme": "Trypsin",
  "allowed_miscleavages": "2",
  "min_peptide_length": "7",
  "max_peptide_length": "40",
  "is_temporary": false,
  "intermediate_hash": "88dd7f984f7580c7d082dd98969fb5a49a15f009",
  "results": {
    "6": {
      "median_abs_epsilon": 0.17411123091938308,
      "mean_abs_epsilon": 0.25853203123237867,
      "variance_epsilon": 0.17432038360007093,
      "nr_prec": 23286,
      "CV_median": 0.2343076958690728,
      "CV_q75": 0.3176524347773224,
      "CV_q90": 0.47978593173044143,
      "CV_q95": 0.5860885200929556
    },
    "5": {
      "median_abs_epsilon": 0.19181851986889953,
      "mean_abs_epsilon": 0.29903366341374865,
      "variance_epsilon": 0.2383612399169627,
      "nr_prec": 31451,
      "CV_median": 0.2344642350610765,
      "CV_q75": 0.3259996967870814,
      "CV_q90": 0.4964887128361557,
      "CV_q95": 0.6133381094447574
    },
    "4": {
      "median_abs_epsilon": 0.21027144270924225,
      "mean_abs_epsilon": 0.3440934519833393,
      "variance_epsilon": 0.32111116688608754,
      "nr_prec": 38105,
      "CV_median": 0.2340310087748945,
      "CV_q75": 0.33006633526145424,
      "CV_q90": 0.5082580117466966,
      "CV_q95": 0.6329168165769252
    },
    "3": {
      "median_abs_epsilon": 0.2255620518137107,
      "mean_abs_epsilon": 0.37914766365293356,
      "variance_epsilon": 0.3936934479824826,
      "nr_prec": 45141,
      "CV_median": 0.23417948066855382,
      "CV_q75": 0.33335588345687184,
      "CV_q90": 0.515512284238724,
      "CV_q95": 0.6456947185383034
    },
    "2": {
      "median_abs_epsilon": 0.23395321724220608,
      "mean_abs_epsilon": 0.4067540690834751,
      "variance_epsilon": 0.4689213138696446,
      "nr_prec": 52303,
      "CV_median": 0.2341959035837784,
      "CV_q75": 0.33545350436523885,
      "CV_q90": 0.5209607767402347,
      "CV_q95": 0.656851680225987
    },
    "1": {
      "median_abs_epsilon": 0.23395321724220608,
      "mean_abs_epsilon": 0.4067540690834751,
      "variance_epsilon": 0.4689213138696446,
      "nr_prec": 60067,
      "CV_median": 0.2341959035837784,
      "CV_q75": 0.33545350436523885,
      "CV_q90": 0.5209607767402347,
      "CV_q95": 0.656851680225987
    }
  },
  "median_abs_epsilon": 0.2255620518137107,
  "mean_abs_epsilon": 0.37914766365293356,
  "nr_prec": 45141,
  "comments": "",
  "proteobench_version": "0.8.29.dev18+g886b3cf.d20250709",
  "color": "#f5e830",
  "hover_text": "ProteoBench ID: quantms_20250724_163655<br>Software tool: quantms <br>Comment (private submission): ...",
  "scatter_size": 20,
  "fixed_mods": "Carbamidomethyl (C)",
  "variable_mods": "Oxidation (M)",
  "max_mods": "3",
  "min_precursor_charge": "2",
  "max_precursor_charge": "4",
  "quantification_method": "feature_intensity",
  "protein_inference": "aggregation",
  "abundance_normalization_ions": NaN,
  "submission_comments": "test run to be deleted\n\n ### Parameter changes detected:\n- **search_engine**: `None` \u2192 `nan`\n- **enable_match_between_runs**: `False` \u2192 `True`\n- **search_engine_version**: `None` \u2192 `nan`\n- **abundance_normalization_ions**: `None` \u2192 `nan`\n- **ident_fdr_peptide**: `None` \u2192 `nan`\n\nDataset URL: https://proteobench.cubimed.rub.de/datasets/88dd7f984f7580c7d082dd98969fb5a49a15f009/"
}