{
  "id": "FragPipe_20250605_124903",
  "software_name": "FragPipe",
  "software_version": "22.0",
  "search_engine": "MSFragger",
  "search_engine_version": NaN,
  "ident_fdr_psm": 0.01,
  "ident_fdr_peptide": 0.01,
  "ident_fdr_protein": 0.01,
  "enable_match_between_runs": true,
  "precursor_mass_tolerance": "[-10 ppm, 10 ppm]",
  "fragment_mass_tolerance": "[-0.02 Da, 0.02 Da]",
  "enzyme": "Trypsin/P",
  "allowed_miscleavages": 2,
  "min_peptide_length": 7,
  "max_peptide_length": 50,
  "is_temporary": false,
  "intermediate_hash": "88dfa519f8ea30521e209ef1c005eee9ac38e555",
  "results": {
    "6": {
      "median_abs_epsilon_global": 0.19558866101593253,
      "median_abs_epsilon_eq_species": 0.2366229520127264,
      "median_abs_epsilon_ECOLI": 0.30678975570839917,
      "median_abs_epsilon_HUMAN": 0.18805514283219082,
      "median_abs_epsilon_YEAST": 0.21502395749758918,
      "mean_abs_epsilon_global": 0.31167898091672136,
      "mean_abs_epsilon_eq_species": 0.3640447458959983,
      "mean_abs_epsilon_ECOLI": 0.46697133516904865,
      "mean_abs_epsilon_HUMAN": 0.3064494445566536,
      "mean_abs_epsilon_YEAST": 0.31871345796229256,
      "median_log2_empirical_ECOLI": -2.156882760264965,
      "median_log2_empirical_HUMAN": -0.08131835708432433,
      "median_log2_empirical_YEAST": 1.1039724836207796,
      "median_abs_epsilon_precision_global": 0.18960504360601327,
      "median_abs_epsilon_precision_eq_species": 0.2129372712849881,
      "median_abs_epsilon_precision_ECOLI": 0.2560901537884739,
      "median_abs_epsilon_precision_HUMAN": 0.18720257862861445,
      "median_abs_epsilon_precision_YEAST": 0.195519081437876,
      "mean_log2_empirical_ECOLI": -2.113408604459358,
      "mean_log2_empirical_HUMAN": -0.15518422559371217,
      "mean_log2_empirical_YEAST": 1.0691197012011644,
      "mean_abs_epsilon_precision_global": 0.3063839549429987,
      "mean_abs_epsilon_precision_eq_species": 0.35011238579566256,
      "mean_abs_epsilon_precision_ECOLI": 0.4407732251995215,
      "mean_abs_epsilon_precision_HUMAN": 0.30335751018294765,
      "mean_abs_epsilon_precision_YEAST": 0.3062064220045187,
      "CV_median": 0.17125395611213975,
      "CV_q75": 0.30257251577742017,
      "CV_q90": 0.4979782581275723,
      "CV_q95": 0.6520803411177385,
      "variance_epsilon_global": 0.2360728562962138,
      "nr_feature": 30840,
      "roc_auc": 0.9310828342715551
    },
    "5": {
      "median_abs_epsilon_global": 0.2195253704518727,
      "median_abs_epsilon_eq_species": 0.2727784506112574,
      "median_abs_epsilon_ECOLI": 0.3659240062290756,
      "median_abs_epsilon_HUMAN": 0.2099987238252794,
      "median_abs_epsilon_YEAST": 0.24241262177941714,
      "mean_abs_epsilon_global": 0.3551168381694713,
      "mean_abs_epsilon_eq_species": 0.428396301325692,
      "mean_abs_epsilon_ECOLI": 0.5644371270386436,
      "mean_abs_epsilon_HUMAN": 0.34416594921634763,
      "mean_abs_epsilon_YEAST": 0.37658582772208476,
      "median_log2_empirical_ECOLI": -2.214299869857692,
      "median_log2_empirical_HUMAN": -0.08718550567321515,
      "median_log2_empirical_YEAST": 1.1133484499197177,
      "median_abs_epsilon_precision_global": 0.2113849997103916,
      "median_abs_epsilon_precision_eq_species": 0.251982455519211,
      "median_abs_epsilon_precision_ECOLI": 0.3230113516834461,
      "median_abs_epsilon_precision_HUMAN": 0.2057521251612826,
      "median_abs_epsilon_precision_YEAST": 0.22718388971290437,
      "mean_log2_empirical_ECOLI": -2.187990513278739,
      "mean_log2_empirical_HUMAN": -0.1644511302749381,
      "mean_log2_empirical_YEAST": 1.0987985385593064,
      "mean_abs_epsilon_precision_global": 0.34852437939347874,
      "mean_abs_epsilon_precision_eq_species": 0.4086319356196853,
      "mean_abs_epsilon_precision_ECOLI": 0.5236422007668189,
      "mean_abs_epsilon_precision_HUMAN": 0.3405630024446499,
      "mean_abs_epsilon_precision_YEAST": 0.36169060364758715,
      "CV_median": 0.18016776983403626,
      "CV_q75": 0.32685784281738894,
      "CV_q90": 0.5463669745448987,
      "CV_q95": 0.7246284215453143,
      "variance_epsilon_global": 0.2996324649939563,
      "nr_feature": 38629,
      "roc_auc": 0.914750940446628
    },
    "4": {
      "median_abs_epsilon_global": 0.2413993604587663,
      "median_abs_epsilon_eq_species": 0.3143456483403278,
      "median_abs_epsilon_ECOLI": 0.44571234333383813,
      "median_abs_epsilon_HUMAN": 0.2283560579277335,
      "median_abs_epsilon_YEAST": 0.2689685437594118,
      "mean_abs_epsilon_global": 0.40096289991715356,
      "mean_abs_epsilon_eq_species": 0.505737208141451,
      "mean_abs_epsilon_ECOLI": 0.6953980156457327,
      "mean_abs_epsilon_HUMAN": 0.3806491700737521,
      "mean_abs_epsilon_YEAST": 0.4411644387048681,
      "median_log2_empirical_ECOLI": -2.25659568401451,
      "median_log2_empirical_HUMAN": -0.08994164838860286,
      "median_log2_empirical_YEAST": 1.1207780754498362,
      "median_abs_epsilon_precision_global": 0.23132461366986412,
      "median_abs_epsilon_precision_eq_species": 0.28784585220733244,
      "median_abs_epsilon_precision_ECOLI": 0.38434139423227975,
      "median_abs_epsilon_precision_HUMAN": 0.22191288778813245,
      "median_abs_epsilon_precision_YEAST": 0.2572832746015852,
      "mean_log2_empirical_ECOLI": -2.288381092597813,
      "mean_log2_empirical_HUMAN": -0.1701693919854249,
      "mean_log2_empirical_YEAST": 1.1225241090624665,
      "mean_abs_epsilon_precision_global": 0.3938315595184351,
      "mean_abs_epsilon_precision_eq_species": 0.4829700846733928,
      "mean_abs_epsilon_precision_ECOLI": 0.6466143585912892,
      "mean_abs_epsilon_precision_HUMAN": 0.37725729454159246,
      "mean_abs_epsilon_precision_YEAST": 0.4250386008872967,
      "CV_median": 0.18520716980584878,
      "CV_q75": 0.34227723092246687,
      "CV_q90": 0.5794128929746902,
      "CV_q95": 0.7630835848587492,
      "variance_epsilon_global": 0.3900341413815935,
      "nr_feature": 45296,
      "roc_auc": 0.8989022905678472
    },
    "3": {
      "median_abs_epsilon_global": 0.2571894548776541,
      "median_abs_epsilon_eq_species": 0.3311093989492437,
      "median_abs_epsilon_ECOLI": 0.4610592512660254,
      "median_abs_epsilon_HUMAN": 0.24557431107210448,
      "median_abs_epsilon_YEAST": 0.2866946345096011,
      "mean_abs_epsilon_global": 0.4394444295133739,
      "mean_abs_epsilon_eq_species": 0.5463770437912158,
      "mean_abs_epsilon_ECOLI": 0.7370109488197273,
      "mean_abs_epsilon_HUMAN": 0.4186350080961798,
      "mean_abs_epsilon_YEAST": 0.48348517445774003,
      "median_log2_empirical_ECOLI": -2.252121435664513,
      "median_log2_empirical_HUMAN": -0.0896737748536367,
      "median_log2_empirical_YEAST": 1.126367366565205,
      "median_abs_epsilon_precision_global": 0.24665348269540743,
      "median_abs_epsilon_precision_eq_species": 0.3055083394563809,
      "median_abs_epsilon_precision_ECOLI": 0.4021378998059433,
      "median_abs_epsilon_precision_HUMAN": 0.23696138539139255,
      "median_abs_epsilon_precision_YEAST": 0.27742573317180685,
      "mean_log2_empirical_ECOLI": -2.256875966106781,
      "mean_log2_empirical_HUMAN": -0.17264978328410424,
      "mean_log2_empirical_YEAST": 1.1336080890799476,
      "mean_abs_epsilon_precision_global": 0.43293346139897865,
      "mean_abs_epsilon_precision_eq_species": 0.524864251154972,
      "mean_abs_epsilon_precision_ECOLI": 0.691826491826446,
      "mean_abs_epsilon_precision_HUMAN": 0.4159794490353752,
      "mean_abs_epsilon_precision_YEAST": 0.46678681260309507,
      "CV_median": 0.18793006324720193,
      "CV_q75": 0.3505560289532953,
      "CV_q90": 0.596162177232076,
      "CV_q95": 0.782606205451484,
      "variance_epsilon_global": 0.47487850414271143,
      "nr_feature": 52542,
      "roc_auc": 0.882905706033646
    },
    "2": {
      "median_abs_epsilon_global": 0.2675391762673094,
      "median_abs_epsilon_eq_species": 0.34078577514465164,