{
  "id": "FragPipe_20250225_122258",
  "old_new": "new",
  "software_name": "FragPipe",
  "software_version": "22.0",
  "search_engine": "MSFragger",
  "search_engine_version": "4.1",
  "ident_fdr_psm": "0.01",
  "ident_fdr_peptide": null,
  "ident_fdr_protein": "0.01",
  "enable_match_between_runs": true,
  "precursor_mass_tolerance": "[-10 ppm, 10 ppm]",
  "fragment_mass_tolerance": "[-0.02 Da, 0.02 Da]",
  "enzyme": "Trypsin/P",
  "allowed_miscleavages": "2",
  "min_peptide_length": "7",
  "max_peptide_length": "50",
  "is_temporary": false,
  "intermediate_hash": "88dfa519f8ea30521e209ef1c005eee9ac38e555",
  "results": {
    "6": {
      "median_abs_epsilon": 0.1953528043105166,
      "mean_abs_epsilon": 0.31398276848267426,
      "variance_epsilon": 0.2435039919395154,
      "nr_prec": 31253,
      "CV_median": 0.17160760845330364,
      "CV_q90": 0.5003287400139227,
      "CV_q75": 0.3037685403191377,
      "CV_q95": 0.6558989986261103
    },
    "5": {
      "median_abs_epsilon": 0.21929227346455527,
      "mean_abs_epsilon": 0.35696029151038317,
      "variance_epsilon": 0.30575952707428133,
      "nr_prec": 39092,
      "CV_median": 0.18039672948641455,
      "CV_q90": 0.5486945255085792,
      "CV_q75": 0.3279528630479549,
      "CV_q95": 0.7271978709979803
    },
    "4": {
      "median_abs_epsilon": 0.24121084819374516,
      "mean_abs_epsilon": 0.4024614834335034,
      "variance_epsilon": 0.39549329801448596,
      "nr_prec": 45799,
      "CV_median": 0.18536349773831995,
      "CV_q90": 0.5812556036578443,
      "CV_q75": 0.3434197539553034,
      "CV_q95": 0.7652230449926296
    },
    "3": {
      "median_abs_epsilon": 0.25693602428554563,
      "mean_abs_epsilon": 0.44069829678506095,
      "variance_epsilon": 0.4796521835029122,
      "nr_prec": 53082,
      "CV_median": 0.18816005767611466,
      "CV_q90": 0.5983827956528854,
      "CV_q75": 0.351720361614526,
      "CV_q95": 0.7846302731175957
    },
    "2": {
      "median_abs_epsilon": 0.26736746793891797,
      "mean_abs_epsilon": 0.4698244047440881,
      "variance_epsilon": 0.5587283131336619,
      "nr_prec": 60004,
      "CV_median": 0.1900137486665277,
      "CV_q90": 0.6107632114433836,
      "CV_q75": 0.3571826096704666,
      "CV_q95": 0.8001361248660408
    },
    "1": {
      "median_abs_epsilon": 0.26736746793891797,
      "mean_abs_epsilon": 0.4698244047440881,
      "variance_epsilon": 0.5587283131336619,
      "nr_prec": 66868,
      "CV_median": 0.1900137486665277,
      "CV_q90": 0.6107632114433836,
      "CV_q75": 0.3571826096704666,
      "CV_q95": 0.8001361248660408
    }
  },
  "median_abs_epsilon": 0.25693602428554563,
  "nr_prec": 53082,
  "comments": "",
  "fixed_mods": "0.0,C-Term Peptide,true,-1; 0.0,N-Term Peptide,true,-1; 0.0,C-Term Protein,true,-1; 0.0,N-Term Protein,true,-1; 0.0,G (glycine),true,-1; 0.0,A (alanine),true,-1; 0.0,S (serine),true,-1; 0.0,P (proline),true,-1; 0.0,V (valine),true,-1; 0.0,T (threonine),true,-1; 57.02146,C (cysteine),true,-1; 0.0,L (leucine),true,-1; 0.0,I (isoleucine),true,-1; 0.0,N (asparagine),true,-1; 0.0,D (aspartic acid),true,-1; 0.0,Q (glutamine),true,-1; 0.0,K (lysine),true,-1; 0.0,E (glutamic acid),true,-1; 0.0,M (methionine),true,-1; 0.0,H (histidine),true,-1; 0.0,F (phenylalanine),true,-1; 0.0,R (arginine),true,-1; 0.0,Y (tyrosine),true,-1; 0.0,W (tryptophan),true,-1; 0.0,B ,true,-1; 0.0,J,true,-1; 0.0,O,true,-1; 0.0,U,true,-1; 0.0,X,true,-1; 0.0,Z,true,-1",
  "variable_mods": "15.9949,M,true,3; 42.0106,[^,true,1; 79.96633,STY,false,3; -17.0265,nQnC,false,1; -18.0106,nE,false,1; 4.025107,K,false,2; 6.020129,R,false,2; 8.014199,K,false,2; 10.008269,R,false,2; 0.0,site_10,false,1; 0.0,site_11,false,1; 0.0,site_12,false,1; 0.0,site_13,false,1; 0.0,site_14,false,1; 0.0,site_15,false,1; 0.0,site_16,false,1",
  "max_mods": "3",
  "min_precursor_charge": "1",
  "max_precursor_charge": null,
  "submission_comments": "\n\n ### No parameter changes detected. \n\n\nDataset URL: https://proteobench.cubimed.rub.de/datasets/88dfa519f8ea30521e209ef1c005eee9ac38e555/",
  "proteobench_version": "0.6.0",
  "minPeptideLength": NaN,
  "color": "#ff7f00",
  "hover_text": "ProteoBench ID: FragPipe_20250225_122258<br>Software tool: FragPipe <br>Comment (private submission): ",
  "scatter_size": 20,
  "scan_window": NaN,
  "quantification_method_DIANN": NaN,
  "second_pass": NaN,
  "protein_inference": "ProteinProphet: --maxppmdiff 2000000",
  "predictors_library": NaN,
  "quantification_method": "IonQuant",
  "mean_abs_epsilon": 0.44069829678506095,
  "abundance_normalization_ions": "1"
}