{
  "id": "AlphaPept_20250311_102627",
  "old_new": "new",
  "software_name": "AlphaPept",
  "software_version": "",
  "search_engine": "",
  "search_engine_version": "",
  "ident_fdr_psm": "",
  "ident_fdr_peptide": "",
  "ident_fdr_protein": "",
  "enable_match_between_runs": "",
  "precursor_mass_tolerance": "",
  "fragment_mass_tolerance": "",
  "enzyme": "",
  "allowed_miscleavages": "",
  "min_peptide_length": "",
  "max_peptide_length": "",
  "is_temporary": false,
  "intermediate_hash": "88e18c20a3d0f350d0c12ef8ee3ad8108e4ba501",
  "results": {
    "6": {
      "median_abs_epsilon": 0.2065721774594529,
      "mean_abs_epsilon": 0.28045235571888605,
      "variance_epsilon": 0.19038160558135442,
      "nr_prec": 501,
      "CV_median": 0.23375171693294294,
      "CV_q90": 0.5284028108407051,
      "CV_q75": 0.41249637230427855,
      "CV_q95": 0.6233934589961984
    },
    "5": {
      "median_abs_epsilon": 0.23080545426262944,
      "mean_abs_epsilon": 0.3508872871871154,
      "variance_epsilon": 0.3281373757527345,
      "nr_prec": 1167,
      "CV_median": 0.222053905363622,
      "CV_q90": 0.5490169199078295,
      "CV_q75": 0.39761636424389746,
      "CV_q95": 0.7108341478459044
    },
    "4": {
      "median_abs_epsilon": 0.23748515360890465,
      "mean_abs_epsilon": 0.38405126971723763,
      "variance_epsilon": 0.4759938404670667,
      "nr_prec": 3418,
      "CV_median": 0.17734336228316883,
      "CV_q90": 0.520213454615558,
      "CV_q75": 0.3318858197132529,
      "CV_q95": 0.6595948772521321
    },
    "3": {
      "median_abs_epsilon": 0.23613355700878458,
      "mean_abs_epsilon": 0.3523126637941874,
      "variance_epsilon": 0.36522030668807004,
      "nr_prec": 17457,
      "CV_median": 0.15510631384647683,
      "CV_q90": 0.41972758136666105,
      "CV_q75": 0.2659376622647526,
      "CV_q95": 0.5554120814116406
    },
    "2": {
      "median_abs_epsilon": 0.2451469256683989,
      "mean_abs_epsilon": 0.3655925718647031,
      "variance_epsilon": 0.36832864570600166,
      "nr_prec": 31579,
      "CV_median": 0.15529963133589508,
      "CV_q90": 0.4235511861494633,
      "CV_q75": 0.2675160762790868,
      "CV_q95": 0.5576172219804724
    },
    "1": {
      "median_abs_epsilon": 0.2451469256683989,
      "mean_abs_epsilon": 0.3655925718647031,
      "variance_epsilon": 0.36832864570600166,
      "nr_prec": 50512,
      "CV_median": 0.15529963133589508,
      "CV_q90": 0.4235511861494633,
      "CV_q75": 0.2675160762790868,
      "CV_q95": 0.5576172219804724
    }
  },
  "median_abs_epsilon": 0.23613355700878458,
  "nr_prec": 17457,
  "comments": "",
  "fixed_mods": NaN,
  "variable_mods": NaN,
  "max_mods": NaN,
  "min_precursor_charge": NaN,
  "max_precursor_charge": NaN,
  "submission_comments": "\n\n ### Parameter changes Detected:\n- **max_peptide_length**: `27` \u2192 `[MISSING]`\n- **search_engine**: `AlphaPept` \u2192 `[MISSING]`\n- **fixed_mods**: `cC` \u2192 `[MISSING]`\n- **enzyme**: `Trypsin` \u2192 `[MISSING]`\n- **min_peptide_length**: `7` \u2192 `[MISSING]`\n- **software_name**: `AlphaPept` \u2192 `[MISSING]`\n- **search_engine_version**: `0.4.9` \u2192 `[MISSING]`\n- **abundance_normalization_ions**: `None` \u2192 `[MISSING]`\n- **fragment_mass_tolerance**: `[-50 ppm, 50 ppm]` \u2192 `[MISSING]`\n- **variable_mods**: `oxM` \u2192 `[MISSING]`\n- **ident_fdr_protein**: `0.01` \u2192 `[MISSING]`\n- **min_precursor_charge**: `1` \u2192 `[MISSING]`\n- **enable_match_between_runs**: `False` \u2192 `[MISSING]`\n- **max_mods**: `3` \u2192 `[MISSING]`\n- **max_precursor_charge**: `6` \u2192 `[MISSING]`\n- **software_version**: `0.4.9` \u2192 `[MISSING]`\n- **precursor_mass_tolerance**: `[-20 ppm, 20 ppm]` \u2192 `[MISSING]`\n- **ident_fdr_peptide**: `0.01` \u2192 `[MISSING]`\n- **allowed_miscleavages**: `2` \u2192 `[MISSING]`\n\nDataset URL: https://proteobench.cubimed.rub.de/datasets/88e18c20a3d0f350d0c12ef8ee3ad8108e4ba501/",
  "proteobench_version": "0.5.10.dev28+g149aad0.d20241219",
  "minPeptideLength": NaN,
  "color": "#4daf4a",
  "hover_text": "ProteoBench ID: AlphaPept_20250311_102627<br>Software tool: AlphaPept <br>Comment (private submission): ",
  "scatter_size": 20,
  "scan_window": NaN,
  "quantification_method_DIANN": NaN,
  "second_pass": NaN,
  "protein_inference": NaN,
  "predictors_library": NaN,
  "quantification_method": NaN,
  "mean_abs_epsilon": 0.3523126637941874,
  "abundance_normalization_ions": NaN
}