{
  "old_new": "new",
  "id": "MaxQuant_20250610_112113",
  "software_name": "MaxQuant",
  "software_version": "2.1.4.0",
  "search_engine": "Andromeda",
  "search_engine_version": NaN,
  "ident_fdr_psm": 0.01,
  "ident_fdr_peptide": null,
  "ident_fdr_protein": 0.01,
  "enable_match_between_runs": true,
  "precursor_mass_tolerance": "[-4.5 ppm, 4.5 ppm]",
  "fragment_mass_tolerance": "[-20 ppm, 20 ppm]",
  "enzyme": "Trypsin/P",
  "allowed_miscleavages": 1,
  "min_peptide_length": 7,
  "max_peptide_length": null,
  "is_temporary": false,
  "intermediate_hash": "8cbc0bce20eee581ad10326e02a09dbc316c30e1",
  "results": {
    "6": {
      "median_abs_epsilon_global": 0.17106271262539074,
      "median_abs_epsilon_eq_species": 0.19633397354673932,
      "median_abs_epsilon_ECOLI": 0.23353598383186025,
      "median_abs_epsilon_HUMAN": 0.16550810014344464,
      "median_abs_epsilon_YEAST": 0.18995783666491306,
      "mean_abs_epsilon_global": 0.22610335622834468,
      "mean_abs_epsilon_eq_species": 0.288542359291694,
      "mean_abs_epsilon_ECOLI": 0.40563237796066587,
      "mean_abs_epsilon_HUMAN": 0.2177907042607702,
      "mean_abs_epsilon_YEAST": 0.24220399565364586,
      "median_log2_empirical_ECOLI": -1.8042055738756453,
      "median_log2_empirical_HUMAN": 0.07973628684665357,
      "median_log2_empirical_YEAST": 1.1236855790853078,
      "median_abs_epsilon_precision_global": 0.1507219311990955,
      "median_abs_epsilon_precision_eq_species": 0.16150687850780857,
      "median_abs_epsilon_precision_ECOLI": 0.18292362240527638,
      "median_abs_epsilon_precision_HUMAN": 0.14975032065372496,
      "median_abs_epsilon_precision_YEAST": 0.1518466924644244,
      "mean_log2_empirical_ECOLI": -1.6980399046105488,
      "mean_log2_empirical_HUMAN": 0.06406545954037529,
      "mean_log2_empirical_YEAST": 1.0913356203747657,
      "mean_abs_epsilon_precision_global": 0.21281504458439351,
      "mean_abs_epsilon_precision_eq_species": 0.26483103714886597,
      "mean_abs_epsilon_precision_ECOLI": 0.367831998991741,
      "mean_abs_epsilon_precision_HUMAN": 0.20747041005982822,
      "mean_abs_epsilon_precision_YEAST": 0.21919070239502852,
      "CV_median": 0.2126188076268246,
      "CV_q75": 0.29434913297817145,
      "CV_q90": 0.4268605715010729,
      "CV_q95": 0.5289352618838912,
      "roc_auc": 0.9776628408742721,
      "roc_auc_directional": 0.9723983762886765,
      "nr_prec": 24830,
      "nr_prec_HUMAN": 19582,
      "nr_prec_YEAST": 4769,
      "nr_prec_ECOLI": 479,
      "variance_epsilon_global": 0.10675801339329816
    },
    "5": {
      "median_abs_epsilon_global": 0.18513181478636298,
      "median_abs_epsilon_eq_species": 0.2197427298008119,
      "median_abs_epsilon_ECOLI": 0.27631448980977424,
      "median_abs_epsilon_HUMAN": 0.17826466673513153,
      "median_abs_epsilon_YEAST": 0.2046490328575299,
      "mean_abs_epsilon_global": 0.255317307399321,
      "mean_abs_epsilon_eq_species": 0.3258111897970474,
      "mean_abs_epsilon_ECOLI": 0.458135082037963,
      "mean_abs_epsilon_HUMAN": 0.24424172908565187,
      "mean_abs_epsilon_YEAST": 0.2750567582675273,
      "median_log2_empirical_ECOLI": -1.7664640161681398,
      "median_log2_empirical_HUMAN": 0.07864522728745982,
      "median_log2_empirical_YEAST": 1.1024863883849871,
      "median_abs_epsilon_precision_global": 0.16731784482986534,
      "median_abs_epsilon_precision_eq_species": 0.19065439667633655,
      "median_abs_epsilon_precision_ECOLI": 0.2317256806034429,
      "median_abs_epsilon_precision_HUMAN": 0.16397182604194427,
      "median_abs_epsilon_precision_YEAST": 0.17626568338362247,
      "mean_log2_empirical_ECOLI": -1.6760098002244999,
      "mean_log2_empirical_HUMAN": 0.0630641900885955,
      "mean_log2_empirical_YEAST": 1.0641678064800784,
      "mean_abs_epsilon_precision_global": 0.24415777979662212,
      "mean_abs_epsilon_precision_eq_species": 0.2993136719693019,
      "mean_abs_epsilon_precision_ECOLI": 0.40077483104137634,
      "mean_abs_epsilon_precision_HUMAN": 0.23486852775837927,
      "mean_abs_epsilon_precision_YEAST": 0.26229765710815006,
      "CV_median": 0.21484133676477207,
      "CV_q75": 0.30602227596743414,
      "CV_q90": 0.44987159035044333,
      "CV_q95": 0.5590509985894646,
      "roc_auc": 0.9646019441635891,
      "roc_auc_directional": 0.9686936855782133,
      "nr_prec": 32210,
      "nr_prec_HUMAN": 25083,
      "nr_prec_YEAST": 6378,
      "nr_prec_ECOLI": 749,
      "variance_epsilon_global": 0.14467827911837078
    },
    "4": {
      "median_abs_epsilon_global": 0.1972424844653098,
      "median_abs_epsilon_eq_species": 0.2514354766669283,
      "median_abs_epsilon_ECOLI": 0.34498585685199146,
      "median_abs_epsilon_HUMAN": 0.18891555305069474,
      "median_abs_epsilon_YEAST": 0.2204050200980987,
      "mean_abs_epsilon_global": 0.2868549433544389,
      "mean_abs_epsilon_eq_species": 0.3781270838071869,
      "mean_abs_epsilon_ECOLI": 0.5497060868340181,
      "mean_abs_epsilon_HUMAN": 0.26995361712825694,
      "mean_abs_epsilon_YEAST": 0.31472154745928566,
      "median_log2_empirical_ECOLI": -1.7256517034551742,
      "median_log2_empirical_HUMAN": 0.07851909880977814,
      "median_log2_empirical_YEAST": 1.0850286681780617,
      "median_abs_epsilon_precision_global": 0.18155940366770906,
      "median_abs_epsilon_precision_eq_species": 0.21916475720321196,
      "median_abs_epsilon_precision_ECOLI": 0.28448528587295385,
      "median_abs_epsilon_precision_HUMAN": 0.17470889388372512,
      "median_abs_epsilon_precision_YEAST": 0.19830009185295694,
      "mean_log2_empirical_ECOLI": -1.6109475477713564,
      "mean_log2_empirical_HUMAN": 0.06047052411654995,
      "mean_log2_empirical_YEAST": 1.0404206282443405,
      "mean_abs_epsilon_precision_global": 0.2768923484885035,
      "mean_abs_epsilon_precision_eq_species": 0.35004302502812795,
      "mean_abs_epsilon_precision_ECOLI": 0.48073347049973536,
      "mean_abs_epsilon_precision_HUMAN": 0.26119651278615724,
      "mean_abs_epsilon_precision_YEAST": 0.30819909179849136,
      "CV_median": 0.21625953917437668,
      "CV_q75": 0.3121056833317952,
      "CV_q90": 0.46309575281440196,
      "CV_q95": 0.5769080583305293,
      "roc_auc": 0.9457302957253134,
      "roc_auc_directional": 0.9565594669780918,
      "nr_prec": 38119,
      "nr_prec_HUMAN": 29255,
      "nr_prec_YEAST": 7811,
      "nr_prec_ECOLI": 1053,
      "variance_epsilon_global": 0.19538273421071634
    },
    "3": {
      "median_abs_epsilon_global": 0.2070228542740189,
      "median_abs_epsilon_eq_species": 0.26626144746038766,
      "median_abs_epsilon_ECOLI": 0.3722817333654529,
      "median_abs_epsilon_HUMAN": 0.19814819844812703,
      "median_abs_epsilon_YEAST": 0.228354410567583,
      "mean_abs_epsilon_global": 0.3084240661913519,
      "mean_abs_epsilon_eq_species": 0.40220207260132285,
      "mean_abs_epsilon_ECOLI": 0.5798718971558486,
      "mean_abs_epsilon_HUMAN": 0.2917641265849159,
      "mean_abs_epsilon_YEAST": 0.334970194063204,
      "median_log2_empirical_ECOLI": -1.7141414006819264,
      "median_log2_empirical_HUMAN": 0.07868575968164748,
      "median_log2_empirical_YEAST": 1.0755631961894299,
      "median_abs_epsilon_precision_global": 0.19118491898483825,
      "median_abs_epsilon_precision_eq_species": 0.2308380350545652,
      "median_abs_epsilon_precision_ECOLI": 0.2999562410398884,
      "median_abs_epsilon_precision_HUMAN": 0.18417377547293512,
      "median_abs_epsilon_precision_YEAST": 0.2083840886508721,
      "mean_log2_empirical_ECOLI": -1.5901540708271549,
      "mean_log2_empirical_HUMAN": 0.05943268340988111,
      "mean_log2_empirical_YEAST": 1.0293868492064184,
      "mean_abs_epsilon_precision_global": 0.2990865895710914,
      "mean_abs_epsilon_precision_eq_species": 0.3731499675663283,
      "mean_abs_epsilon_precision_ECOLI": 0.5054468860416363,
      "mean_abs_epsilon_precision_HUMAN": 0.2834511410107514,