{
  "old_new": "new",
  "id": "MaxQuant_20250610_112113",
  "software_name": "MaxQuant",
  "software_version": "2.1.4.0",
  "search_engine": "Andromeda",
  "search_engine_version": "nan",
  "ident_fdr_psm": "0.01",
  "ident_fdr_peptide": null,
  "ident_fdr_protein": "0.01",
  "enable_match_between_runs": true,
  "precursor_mass_tolerance": "[-4.5 ppm, 4.5 ppm]",
  "fragment_mass_tolerance": "[-20 ppm, 20 ppm]",
  "enzyme": "Trypsin/P",
  "allowed_miscleavages": "1",
  "min_peptide_length": "7",
  "max_peptide_length": null,
  "is_temporary": false,
  "intermediate_hash": "8cbc0bce20eee581ad10326e02a09dbc316c30e1",
  "results": {
    "6": {
      "median_abs_epsilon": 0.17126993895268328,
      "mean_abs_epsilon": 0.22661453388527122,
      "variance_epsilon": 0.1074681177584982,
      "nr_prec": 25172,
      "CV_median": 0.2128241539693218,
      "CV_q90": 0.4289476552439158,
      "CV_q75": 0.29510500430570097,
      "CV_q95": 0.5302521407793326
    },
    "5": {
      "median_abs_epsilon": 0.1851728857610766,
      "mean_abs_epsilon": 0.255635382179545,
      "variance_epsilon": 0.14498243228706553,
      "nr_prec": 32606,
      "CV_median": 0.2150221511878491,
      "CV_q90": 0.45176297441071545,
      "CV_q75": 0.3066458665555748,
      "CV_q95": 0.560439405665196
    },
    "4": {
      "median_abs_epsilon": 0.19727548590078747,
      "mean_abs_epsilon": 0.2870876023962342,
      "variance_epsilon": 0.19603985008733263,
      "nr_prec": 38544,
      "CV_median": 0.21643575248819857,
      "CV_q90": 0.4642817027353192,
      "CV_q75": 0.312754936397188,
      "CV_q95": 0.5779632243719504
    },
    "3": {
      "median_abs_epsilon": 0.20712963468581336,
      "mean_abs_epsilon": 0.30864136493700817,
      "variance_epsilon": 0.23264845083173735,
      "nr_prec": 43766,
      "CV_median": 0.2172716071959271,
      "CV_q90": 0.47134609799933785,
      "CV_q75": 0.31639154809056014,
      "CV_q95": 0.5884903156103064
    },
    "2": {
      "median_abs_epsilon": 0.21064057015657234,
      "mean_abs_epsilon": 0.3193927750497953,
      "variance_epsilon": 0.25749829060745283,
      "nr_prec": 47765,
      "CV_median": 0.21742699554221007,
      "CV_q90": 0.47403025532093157,
      "CV_q75": 0.3176071360633455,
      "CV_q95": 0.5933228525434435
    },
    "1": {
      "median_abs_epsilon": 0.21064057015657234,
      "mean_abs_epsilon": 0.3193927750497953,
      "variance_epsilon": 0.25749829060745283,
      "nr_prec": 50339,
      "CV_median": 0.21742699554221007,
      "CV_q90": 0.47403025532093157,
      "CV_q75": 0.3176071360633455,
      "CV_q95": 0.5933228525434435
    }
  },
  "median_abs_epsilon": 0.20712963468581336,
  "mean_abs_epsilon": 0.30864136493700817,
  "nr_prec": 43766,
  "comments": "",
  "proteobench_version": "0.8.23",
  "color": "#8bc6fd",
  "hover_text": "ProteoBench ID: MaxQuant_20250610_112113<br>Software tool: MaxQuant <br>Comment (private submission): ...",
  "scatter_size": 20,
  "fixed_mods": "Carbamidomethyl (C)",
  "variable_mods": "Oxidation (M),Acetyl (Protein N-term)",
  "max_mods": "5",
  "min_precursor_charge": null,
  "max_precursor_charge": "7",
  "quantification_method": "nan",
  "protein_inference": "nan",
  "abundance_normalization_ions": "nan",
  "submission_comments": "\n\n ### No parameter changes detected. \n\n\nDataset URL: https://proteobench.cubimed.rub.de/datasets/8cbc0bce20eee581ad10326e02a09dbc316c30e1/"
}