{
  "old_new": "new",
  "id": "MaxQuant_20250610_112113",
  "software_name": "MaxQuant",
  "software_version": "2.1.4.0",
  "search_engine": "Andromeda",
  "search_engine_version": NaN,
  "ident_fdr_psm": 0.01,
  "ident_fdr_peptide": NaN,
  "ident_fdr_protein": 0.01,
  "enable_match_between_runs": true,
  "precursor_mass_tolerance": "[-4.5 ppm, 4.5 ppm]",
  "fragment_mass_tolerance": "[-20 ppm, 20 ppm]",
  "enzyme": "Trypsin/P",
  "allowed_miscleavages": 1,
  "min_peptide_length": 7,
  "max_peptide_length": NaN,
  "is_temporary": false,
  "intermediate_hash": "8cbc0bce20eee581ad10326e02a09dbc316c30e1",
  "results": {
    "6": {
      "median_abs_epsilon_global": 0.17124831295158316,
      "median_abs_epsilon_eq_species": 0.19733494827261033,
      "median_abs_epsilon_ECOLI": 0.23616940468453507,
      "median_abs_epsilon_HUMAN": 0.1656475240693922,
      "median_abs_epsilon_YEAST": 0.19018791606390373,
      "mean_abs_epsilon_global": 0.2268082455695514,
      "mean_abs_epsilon_eq_species": 0.2918611100942497,
      "mean_abs_epsilon_ECOLI": 0.41458200334071105,
      "mean_abs_epsilon_HUMAN": 0.2183395118488109,
      "mean_abs_epsilon_YEAST": 0.24266181509322718,
      "median_log2_empirical_ECOLI": -1.8041273928291233,
      "median_log2_empirical_HUMAN": 0.07998677185303649,
      "median_log2_empirical_YEAST": 1.1236361317974968,
      "median_abs_epsilon_precision_global": 0.15084797099120095,
      "median_abs_epsilon_precision_eq_species": 0.16214680754712596,
      "median_abs_epsilon_precision_ECOLI": 0.18468350826805846,
      "median_abs_epsilon_precision_HUMAN": 0.14975178957595148,
      "median_abs_epsilon_precision_YEAST": 0.15200512479736794,
      "mean_log2_empirical_ECOLI": -1.6886592094485027,
      "mean_log2_empirical_HUMAN": 0.06454981480052059,
      "mean_log2_empirical_YEAST": 1.0909335032804246,
      "mean_abs_epsilon_precision_global": 0.21353798285756262,
      "mean_abs_epsilon_precision_eq_species": 0.26883949610629426,
      "mean_abs_epsilon_precision_ECOLI": 0.3788092770591721,
      "mean_abs_epsilon_precision_HUMAN": 0.2079729297997784,
      "mean_abs_epsilon_precision_YEAST": 0.21973628145993215,
      "CV_median": 0.21268562001951485,
      "CV_q75": 0.2944776927117353,
      "CV_q90": 0.42744502081390956,
      "CV_q95": 0.5292943529904893,
      "variance_epsilon_global": 0.1079759802085747,
      "nr_feature": 24857,
      "roc_auc": 0.9771932144247109
    },
    "5": {
      "median_abs_epsilon_global": 0.1852674978237836,
      "median_abs_epsilon_eq_species": 0.22030704067841475,
      "median_abs_epsilon_ECOLI": 0.2773450232606134,
      "median_abs_epsilon_HUMAN": 0.1784939443415361,
      "median_abs_epsilon_YEAST": 0.20508215443309474,
      "mean_abs_epsilon_global": 0.2560863143089827,
      "mean_abs_epsilon_eq_species": 0.3292612133844131,
      "mean_abs_epsilon_ECOLI": 0.46721073555580744,
      "mean_abs_epsilon_HUMAN": 0.24474116755965333,
      "mean_abs_epsilon_YEAST": 0.2758317370377785,
      "median_log2_empirical_ECOLI": -1.7639629843783844,
      "median_log2_empirical_HUMAN": 0.07872192464013494,
      "median_log2_empirical_YEAST": 1.1021356927823547,
      "median_abs_epsilon_precision_global": 0.16763382363557966,
      "median_abs_epsilon_precision_eq_species": 0.1915819067276073,
      "median_abs_epsilon_precision_ECOLI": 0.23402799034520783,
      "median_abs_epsilon_precision_HUMAN": 0.16416179976578427,
      "median_abs_epsilon_precision_YEAST": 0.1765559300718298,
      "mean_log2_empirical_ECOLI": -1.6663989942508208,
      "mean_log2_empirical_HUMAN": 0.06335862376824994,
      "mean_log2_empirical_YEAST": 1.063334320907012,
      "mean_abs_epsilon_precision_global": 0.24495406105458453,
      "mean_abs_epsilon_precision_eq_species": 0.30318900203644533,
      "mean_abs_epsilon_precision_ECOLI": 0.41102377737750617,
      "mean_abs_epsilon_precision_HUMAN": 0.23533830118594576,
      "mean_abs_epsilon_precision_YEAST": 0.263204927545884,
      "CV_median": 0.21489980537059356,
      "CV_q75": 0.30621437422594844,
      "CV_q90": 0.45056221616701386,
      "CV_q95": 0.5597191558285153,
      "variance_epsilon_global": 0.14620949317202375,
      "nr_feature": 32252,
      "roc_auc": 0.9641972032521196
    },
    "4": {
      "median_abs_epsilon_global": 0.19747989450983283,
      "median_abs_epsilon_eq_species": 0.252345038240892,
      "median_abs_epsilon_ECOLI": 0.3473365963771293,
      "median_abs_epsilon_HUMAN": 0.18901162905296331,
      "median_abs_epsilon_YEAST": 0.2206868892925833,
      "mean_abs_epsilon_global": 0.28769962135556854,
      "mean_abs_epsilon_eq_species": 0.3807485162966535,
      "mean_abs_epsilon_ECOLI": 0.555908907317949,
      "mean_abs_epsilon_HUMAN": 0.27052150528371877,
      "mean_abs_epsilon_YEAST": 0.3158151362882927,
      "median_log2_empirical_ECOLI": -1.7246307445911615,
      "median_log2_empirical_HUMAN": 0.07864805819654563,
      "median_log2_empirical_YEAST": 1.0848252596868946,
      "median_abs_epsilon_precision_global": 0.18169852184382584,
      "median_abs_epsilon_precision_eq_species": 0.21935792382986521,
      "median_abs_epsilon_precision_ECOLI": 0.2843833536617044,
      "median_abs_epsilon_precision_HUMAN": 0.17483385424369402,
      "median_abs_epsilon_precision_YEAST": 0.19885656358419723,
      "mean_log2_empirical_ECOLI": -1.6042883249163873,
      "mean_log2_empirical_HUMAN": 0.06081766878741891,
      "mean_log2_empirical_YEAST": 1.0390773926078243,
      "mean_abs_epsilon_precision_global": 0.27776000211179874,
      "mean_abs_epsilon_precision_eq_species": 0.35285629204092195,
      "mean_abs_epsilon_precision_ECOLI": 0.487350024248804,
      "mean_abs_epsilon_precision_HUMAN": 0.26172970186770106,
      "mean_abs_epsilon_precision_YEAST": 0.3094891500062607,
      "CV_median": 0.2163302384455174,
      "CV_q75": 0.3123212242442116,
      "CV_q90": 0.4636807130732944,
      "CV_q95": 0.5775684646166634,
      "variance_epsilon_global": 0.19698402121398154,
      "nr_feature": 38176,
      "roc_auc": 0.9452296170916205
    },
    "3": {
      "median_abs_epsilon_global": 0.20726759996655986,
      "median_abs_epsilon_eq_species": 0.2666869640211266,
      "median_abs_epsilon_ECOLI": 0.3727718471880159,
      "median_abs_epsilon_HUMAN": 0.19838380035546166,
      "median_abs_epsilon_YEAST": 0.22890524451990224,
      "mean_abs_epsilon_global": 0.30933591982734787,
      "mean_abs_epsilon_eq_species": 0.4047009758603548,
      "mean_abs_epsilon_ECOLI": 0.5854841308657229,
      "mean_abs_epsilon_HUMAN": 0.29241100761212824,
      "mean_abs_epsilon_YEAST": 0.33620778910321325,
      "median_log2_empirical_ECOLI": -1.7133339388906528,
      "median_log2_empirical_HUMAN": 0.0789914907879421,
      "median_log2_empirical_YEAST": 1.0752597047442638,
      "median_abs_epsilon_precision_global": 0.19152251447522595,
      "median_abs_epsilon_precision_eq_species": 0.231280034608116,
      "median_abs_epsilon_precision_ECOLI": 0.3007277948472016,
      "median_abs_epsilon_precision_HUMAN": 0.18441152390748883,
      "median_abs_epsilon_precision_YEAST": 0.2087007850696576,
      "mean_log2_empirical_ECOLI": -1.5840986764709304,
      "mean_log2_empirical_HUMAN": 0.05978566591642207,
      "mean_log2_empirical_YEAST": 1.0278183680433843,
      "mean_abs_epsilon_precision_global": 0.3000249612974997,
      "mean_abs_epsilon_precision_eq_species": 0.37581298580546196,
      "mean_abs_epsilon_precision_ECOLI": 0.5113686387722601,
      "mean_abs_epsilon_precision_HUMAN": 0.28406711594323963,
      "mean_abs_epsilon_precision_YEAST": 0.33200320270088607,
      "CV_median": 0.21713641236974462,
      "CV_q75": 0.31604188711673353,
      "CV_q90": 0.4710202165903497,
      "CV_q95": 0.5879661117644019,
      "variance_epsilon_global": 0.2336113735125348,
      "nr_feature": 43380,
      "roc_auc": 0.932748922713521
    },
    "2": {
      "median_abs_epsilon_global": 0.21084212896144372,