{
    "id": "MaxQuant_20241216_123144",
    "old_new": "old",
    "software_name": "MaxQuant",
    "software_version": "2.1.4.0",
    "search_engine": "Andromeda",
    "search_engine_version": null,
    "ident_fdr_psm": null,
    "ident_fdr_peptide": 0.01,
    "ident_fdr_protein": 0.01,
    "enable_match_between_runs": true,
    "precursor_mass_tolerance": "[-4.5 ppm, 4.5 ppm]",
    "fragment_mass_tolerance": "[-20 ppm, 20 ppm]",
    "enzyme": "Trypsin/P",
    "allowed_miscleavages": 1,
    "min_peptide_length": 7.0,
    "max_peptide_length": null,
    "is_temporary": false,
    "intermediate_hash": "8cbc0bce20eee581ad10326e02a09dbc316c30e1",
    "results": {
        "6": {
            "median_abs_epsilon": 0.171269939,
            "mean_abs_epsilon": 0.2266145339,
            "variance_epsilon": 0.1074681178,
            "nr_prec": 25172,
            "CV_median": 0.212824154,
            "CV_q90": 0.4289476552,
            "CV_q75": 0.2951050043,
            "CV_q95": 0.5302521408
        },
        "5": {
            "median_abs_epsilon": 0.1851728858,
            "mean_abs_epsilon": 0.2556353822,
            "variance_epsilon": 0.1449824323,
            "nr_prec": 32606,
            "CV_median": 0.2150221512,
            "CV_q90": 0.4517629744,
            "CV_q75": 0.3066458666,
            "CV_q95": 0.5604394057
        },
        "4": {
            "median_abs_epsilon": 0.1972754859,
            "mean_abs_epsilon": 0.2870876024,
            "variance_epsilon": 0.1960398501,
            "nr_prec": 38544,
            "CV_median": 0.2164357525,
            "CV_q90": 0.4642817027,
            "CV_q75": 0.3127549364,
            "CV_q95": 0.5779632244
        },
        "3": {
            "median_abs_epsilon": 0.2071296347,
            "mean_abs_epsilon": 0.3086413649,
            "variance_epsilon": 0.2326484508,
            "nr_prec": 43766,
            "CV_median": 0.2172716072,
            "CV_q90": 0.471346098,
            "CV_q75": 0.3163915481,
            "CV_q95": 0.5884903156
        },
        "2": {
            "median_abs_epsilon": 0.2106405702,
            "mean_abs_epsilon": 0.319392775,
            "variance_epsilon": 0.2574982906,
            "nr_prec": 47765,
            "CV_median": 0.2174269955,
            "CV_q90": 0.4740302553,
            "CV_q75": 0.3176071361,
            "CV_q95": 0.5933228525
        },
        "1": {
            "median_abs_epsilon": 0.2106405702,
            "mean_abs_epsilon": 0.319392775,
            "variance_epsilon": 0.2574982906,
            "nr_prec": 50339,
            "CV_median": 0.2174269955,
            "CV_q90": 0.4740302553,
            "CV_q75": 0.3176071361,
            "CV_q95": 0.5933228525
        }
    },
    "median_abs_epsilon": 0.2071296347,
    "nr_prec": 43766,
    "comments": "",
    "fixed_mods": "Carbamidomethyl (C)",
    "variable_mods": "Oxidation (M),Acetyl (Protein N-term)",
    "max_mods": 5.0,
    "min_precursor_charge": null,
    "max_precursor_charge": 7,
    "submission_comments": "\n\nDataset URL: https://proteobench.cubimed.rub.de/datasets/8cbc0bce20eee581ad10326e02a09dbc316c30e1/",
    "proteobench_version": "0.5.8",
    "minPeptideLength": null,
    "color": "#377eb8",
    "hover_text": "ProteoBench ID: MaxQuant_20241216_123144<br>Software tool: MaxQuant <br>Comment (private submission): ",
    "scatter_size": 20,
    "scan_window": null,
    "quantification_method_DIANN": null,
    "second_pass": null,
    "protein_inference": null,
    "predictors_library": null,
    "quantification_method": null,
    "mean_abs_epsilon": 0.3086413649,
    "abundance_normalization_ions": null
}