{
  "old_new": "new",
  "id": "MaxQuant_20250610_112438",
  "software_name": "MaxQuant",
  "software_version": "1.5.2.8",
  "search_engine": "Andromeda",
  "search_engine_version": NaN,
  "ident_fdr_psm": 0.01,
  "ident_fdr_peptide": null,
  "ident_fdr_protein": 0.01,
  "enable_match_between_runs": false,
  "precursor_mass_tolerance": "[-4.5 ppm, 4.5 ppm]",
  "fragment_mass_tolerance": "[-20 ppm, 20 ppm]",
  "enzyme": "Trypsin/P",
  "allowed_miscleavages": 1,
  "min_peptide_length": 7,
  "max_peptide_length": null,
  "is_temporary": false,
  "intermediate_hash": "8f4fa9a7dd1f44ac4ae7a7e7fb9b9606660f4578",
  "results": {
    "6": {
      "median_abs_epsilon_global": 0.15909817994905318,
      "median_abs_epsilon_eq_species": 0.1779516281892685,
      "median_abs_epsilon_ECOLI": 0.19767069637297752,
      "median_abs_epsilon_HUMAN": 0.15361134274532873,
      "median_abs_epsilon_YEAST": 0.18257284544949925,
      "mean_abs_epsilon_global": 0.2011025516624855,
      "mean_abs_epsilon_eq_species": 0.22944321377668583,
      "mean_abs_epsilon_ECOLI": 0.2699321988401014,
      "mean_abs_epsilon_HUMAN": 0.19431491641843854,
      "mean_abs_epsilon_YEAST": 0.2240825260715176,
      "median_log2_empirical_ECOLI": -1.8478191264416495,
      "median_log2_empirical_HUMAN": 0.06435747919481116,
      "median_log2_empirical_YEAST": 1.1344990441091127,
      "median_abs_epsilon_precision_global": 0.14300460857404573,
      "median_abs_epsilon_precision_eq_species": 0.14935242481497113,
      "median_abs_epsilon_precision_ECOLI": 0.16617157411245742,
      "median_abs_epsilon_precision_HUMAN": 0.14336056281559806,
      "median_abs_epsilon_precision_YEAST": 0.1385251375168579,
      "mean_log2_empirical_ECOLI": -1.7970347122395753,
      "mean_log2_empirical_HUMAN": 0.048978216410452226,
      "mean_log2_empirical_YEAST": 1.1012823503191158,
      "mean_abs_epsilon_precision_global": 0.18996405427439322,
      "mean_abs_epsilon_precision_eq_species": 0.20835388433491342,
      "mean_abs_epsilon_precision_ECOLI": 0.24132566140198836,
      "mean_abs_epsilon_precision_HUMAN": 0.1874561749472679,
      "mean_abs_epsilon_precision_YEAST": 0.19627981665548397,
      "CV_median": 0.20542383704255218,
      "CV_q75": 0.28136254934590843,
      "CV_q90": 0.3992870310843135,
      "CV_q95": 0.49676282614543693,
      "roc_auc": 0.9897980693800545,
      "roc_auc_directional": 0.9844908835995598,
      "nr_prec": 14018,
      "nr_prec_HUMAN": 11162,
      "nr_prec_YEAST": 2635,
      "nr_prec_ECOLI": 221,
      "variance_epsilon_global": 0.08295611851073796
    },
    "5": {
      "median_abs_epsilon_global": 0.1715894355641847,
      "median_abs_epsilon_eq_species": 0.19253147367929913,
      "median_abs_epsilon_ECOLI": 0.2195887199144142,
      "median_abs_epsilon_HUMAN": 0.16620266343073098,
      "median_abs_epsilon_YEAST": 0.1918030376927522,
      "mean_abs_epsilon_global": 0.22153346300304852,
      "mean_abs_epsilon_eq_species": 0.25234610342155855,
      "mean_abs_epsilon_ECOLI": 0.2996798924327846,
      "mean_abs_epsilon_HUMAN": 0.21462806653885014,
      "mean_abs_epsilon_YEAST": 0.24273035129304082,
      "median_log2_empirical_ECOLI": -1.800572223740648,
      "median_log2_empirical_HUMAN": 0.06639784566333518,
      "median_log2_empirical_YEAST": 1.1126157469075277,
      "median_abs_epsilon_precision_global": 0.1567687963995006,
      "median_abs_epsilon_precision_eq_species": 0.1644992120329197,
      "median_abs_epsilon_precision_ECOLI": 0.17814215170219683,
      "median_abs_epsilon_precision_HUMAN": 0.1556737088535307,
      "median_abs_epsilon_precision_YEAST": 0.15968177554303153,
      "mean_log2_empirical_ECOLI": -1.7682433710755328,
      "mean_log2_empirical_HUMAN": 0.054477847759190505,
      "mean_log2_empirical_YEAST": 1.0751287358961699,
      "mean_abs_epsilon_precision_global": 0.21178554879290926,
      "mean_abs_epsilon_precision_eq_species": 0.2292297408576801,
      "mean_abs_epsilon_precision_ECOLI": 0.254336685565418,
      "mean_abs_epsilon_precision_HUMAN": 0.2073847297878254,
      "mean_abs_epsilon_precision_YEAST": 0.22596780721979692,
      "CV_median": 0.20560476039253003,
      "CV_q75": 0.2879267851803943,
      "CV_q90": 0.4134843643856174,
      "CV_q95": 0.5102765440468406,
      "roc_auc": 0.9835048956420631,
      "roc_auc_directional": 0.9839987644396506,
      "nr_prec": 20322,
      "nr_prec_HUMAN": 16062,
      "nr_prec_YEAST": 3898,
      "nr_prec_ECOLI": 362,
      "variance_epsilon_global": 0.10587977331730454
    },
    "4": {
      "median_abs_epsilon_global": 0.18407760106232018,
      "median_abs_epsilon_eq_species": 0.20585917357025707,
      "median_abs_epsilon_ECOLI": 0.23354179626103466,
      "median_abs_epsilon_HUMAN": 0.17784588877903218,
      "median_abs_epsilon_YEAST": 0.20618983567070437,
      "mean_abs_epsilon_global": 0.2436532815149529,
      "mean_abs_epsilon_eq_species": 0.28658826789210834,
      "mean_abs_epsilon_ECOLI": 0.3562417650337274,
      "mean_abs_epsilon_HUMAN": 0.23435408090103585,
      "mean_abs_epsilon_YEAST": 0.26916895774156185,
      "median_log2_empirical_ECOLI": -1.7841366979249553,
      "median_log2_empirical_HUMAN": 0.06891296915105372,
      "median_log2_empirical_YEAST": 1.0965311396160136,
      "median_abs_epsilon_precision_global": 0.171341386369118,
      "median_abs_epsilon_precision_eq_species": 0.18510222379423702,
      "median_abs_epsilon_precision_ECOLI": 0.2040251965812434,
      "median_abs_epsilon_precision_HUMAN": 0.16821687170357436,
      "median_abs_epsilon_precision_YEAST": 0.1830646030978933,
      "mean_log2_empirical_ECOLI": -1.717177444453263,
      "mean_log2_empirical_HUMAN": 0.05933710421608212,
      "mean_log2_empirical_YEAST": 1.0511977083071111,
      "mean_abs_epsilon_precision_global": 0.23495008444172888,
      "mean_abs_epsilon_precision_eq_species": 0.2639625330359801,
      "mean_abs_epsilon_precision_ECOLI": 0.30521022122519686,
      "mean_abs_epsilon_precision_HUMAN": 0.22693060339166352,
      "mean_abs_epsilon_precision_YEAST": 0.2597467744910799,
      "CV_median": 0.20499854608393805,
      "CV_q75": 0.2912077943216451,
      "CV_q90": 0.4184753342591524,
      "CV_q95": 0.5161018855819243,
      "roc_auc": 0.9712599302857888,
      "roc_auc_directional": 0.9789269809217689,
      "nr_prec": 25917,
      "nr_prec_HUMAN": 20315,
      "nr_prec_YEAST": 5074,
      "nr_prec_ECOLI": 528,
      "variance_epsilon_global": 0.1251858205918652
    },
    "3": {
      "median_abs_epsilon_global": 0.1960990248180554,
      "median_abs_epsilon_eq_species": 0.2215220734801946,
      "median_abs_epsilon_ECOLI": 0.25661041650776895,
      "median_abs_epsilon_HUMAN": 0.19014251944598826,
      "median_abs_epsilon_YEAST": 0.21781328448682657,
      "mean_abs_epsilon_global": 0.2646530773856459,
      "mean_abs_epsilon_eq_species": 0.3150419847350246,
      "mean_abs_epsilon_ECOLI": 0.40055907175941946,
      "mean_abs_epsilon_HUMAN": 0.2552944082600662,
      "mean_abs_epsilon_YEAST": 0.28927247418558816,
      "median_log2_empirical_ECOLI": -1.7698047330525082,
      "median_log2_empirical_HUMAN": 0.07205162549729138,
      "median_log2_empirical_YEAST": 1.0873750207001756,
      "median_abs_epsilon_precision_global": 0.1845265445357196,
      "median_abs_epsilon_precision_eq_species": 0.19888656145081166,
      "median_abs_epsilon_precision_ECOLI": 0.2198985216082967,
      "median_abs_epsilon_precision_HUMAN": 0.1810904642813096,
      "median_abs_epsilon_precision_YEAST": 0.1956706984628287,
      "mean_log2_empirical_ECOLI": -1.6710388808285772,
      "mean_log2_empirical_HUMAN": 0.06524423605971882,
      "mean_log2_empirical_YEAST": 1.0408390459010413,
      "mean_abs_epsilon_precision_global": 0.2561461586478564,
      "mean_abs_epsilon_precision_eq_species": 0.2917743592341502,
      "mean_abs_epsilon_precision_ECOLI": 0.34534389006528055,
      "mean_abs_epsilon_precision_HUMAN": 0.2475572481214152,