{
  "old_new": "new",
  "id": "i2MassChroQ_20250605_081304",
  "software_name": "i2MassChroQ",
  "software_version": "1.2.4",
  "search_engine": "Sage",
  "search_engine_version": "0.15.0-alpha",
  "ident_fdr_psm": "0.000998440136656",
  "ident_fdr_peptide": "0.00142954901244",
  "ident_fdr_protein": "0.0",
  "enable_match_between_runs": true,
  "precursor_mass_tolerance": "-10 10 ppm",
  "fragment_mass_tolerance": "-0.02 0.02 da",
  "enzyme": "KR,P,T",
  "allowed_miscleavages": "2",
  "min_peptide_length": "5",
  "max_peptide_length": "50",
  "is_temporary": false,
  "intermediate_hash": "90d852742aa152dc7ed813acebf7916b0c1d5b76",
  "results": {
    "6": {
      "median_abs_epsilon": 0.18611234796802023,
      "mean_abs_epsilon": 0.2796237254604228,
      "variance_epsilon": 0.1649876491192443,
      "nr_prec": 43957,
      "CV_median": 0.11366859669969143,
      "CV_q90": 0.43175863582946533,
      "CV_q75": 0.230870764553715,
      "CV_q95": 0.5603360884040716
    },
    "5": {
      "median_abs_epsilon": 0.19725085305739576,
      "mean_abs_epsilon": 0.30651343963523225,
      "variance_epsilon": 0.2063147807221866,
      "nr_prec": 50334,
      "CV_median": 0.12148573109031116,
      "CV_q90": 0.46709562011229533,
      "CV_q75": 0.25626551822783017,
      "CV_q95": 0.6015436291756732
    },
    "4": {
      "median_abs_epsilon": 0.20527005100847617,
      "mean_abs_epsilon": 0.32497627898493064,
      "variance_epsilon": 0.2367460564354413,
      "nr_prec": 54557,
      "CV_median": 0.12548299658955536,
      "CV_q90": 0.4801549648835966,
      "CV_q75": 0.26854632519288824,
      "CV_q95": 0.6183060693044002
    },
    "3": {
      "median_abs_epsilon": 0.20845203701529513,
      "mean_abs_epsilon": 0.3338862730431335,
      "variance_epsilon": 0.2544570048365077,
      "nr_prec": 58045,
      "CV_median": 0.1271624169858696,
      "CV_q90": 0.48521603069172825,
      "CV_q75": 0.2724803140959462,
      "CV_q95": 0.6247376141003069
    },
    "2": {
      "median_abs_epsilon": 0.21046858577425454,
      "mean_abs_epsilon": 0.33834921731538786,
      "variance_epsilon": 0.26391695882606536,
      "nr_prec": 60406,
      "CV_median": 0.12769990499726178,
      "CV_q90": 0.48639717587617903,
      "CV_q75": 0.2739198115875316,
      "CV_q95": 0.6260030651898025
    },
    "1": {
      "median_abs_epsilon": 0.21046858577425454,
      "mean_abs_epsilon": 0.33834921731538786,
      "variance_epsilon": 0.2639169588260653,
      "nr_prec": 61834,
      "CV_median": 0.12769990499726178,
      "CV_q90": 0.48639717587617903,
      "CV_q75": 0.2739198115875316,
      "CV_q95": 0.6260030651898025
    }
  },
  "median_abs_epsilon": 0.20845203701529513,
  "mean_abs_epsilon": 0.3338862730431335,
  "nr_prec": 58045,
  "comments": "",
  "proteobench_version": "0.8.15",
  "color": "#984ea3",
  "hover_text": "ProteoBench ID: i2MassChroQ_20250605_081304<br>Software tool: i2MassChroQ <br>Comment (private submission): ...",
  "scatter_size": 20,
  "fixed_mods": "C:57.021465",
  "variable_mods": "M:15.994915 [:42.0106 ^E:-18.010565 ^Q:-17.026548",
  "max_mods": "2",
  "min_precursor_charge": "2",
  "max_precursor_charge": "4",
  "quantification_method": "nan",
  "protein_inference": "nan",
  "abundance_normalization_ions": "nan",
  "submission_comments": "precursors from proteins validated with at least 2 peptides\n\n ### No parameter changes detected. \n\n\nDataset URL: https://proteobench.cubimed.rub.de/datasets/90d852742aa152dc7ed813acebf7916b0c1d5b76/"
}