{
  "old_new": "new",
  "id": "i2MassChroQ_20250605_081304",
  "software_name": "i2MassChroQ",
  "software_version": "1.2.4",
  "search_engine": "Sage",
  "search_engine_version": "0.15.0-alpha",
  "ident_fdr_psm": 0.000998440136656,
  "ident_fdr_peptide": 0.00142954901244,
  "ident_fdr_protein": 0.0,
  "enable_match_between_runs": true,
  "precursor_mass_tolerance": "-10 10 ppm",
  "fragment_mass_tolerance": "-0.02 0.02 da",
  "enzyme": "KR|P,T",
  "allowed_miscleavages": 2,
  "min_peptide_length": 5,
  "max_peptide_length": 50,
  "is_temporary": false,
  "intermediate_hash": "90d852742aa152dc7ed813acebf7916b0c1d5b76",
  "results": {
    "6": {
      "median_abs_epsilon_global": 0.18606220630067583,
      "median_abs_epsilon_eq_species": 0.21717056755437922,
      "median_abs_epsilon_ECOLI": 0.3081371910044517,
      "median_abs_epsilon_HUMAN": 0.19041240748732235,
      "median_abs_epsilon_YEAST": 0.15296210417136358,
      "mean_abs_epsilon_global": 0.279459981458135,
      "mean_abs_epsilon_eq_species": 0.37319527280753545,
      "mean_abs_epsilon_ECOLI": 0.5733146023791214,
      "mean_abs_epsilon_HUMAN": 0.26970712434604005,
      "mean_abs_epsilon_YEAST": 0.2765640916974451,
      "median_log2_empirical_ECOLI": -2.0679073339254472,
      "median_log2_empirical_HUMAN": -0.15479242256810366,
      "median_log2_empirical_YEAST": 0.9649245828828459,
      "median_abs_epsilon_precision_global": 0.13813808110544468,
      "median_abs_epsilon_precision_eq_species": 0.18947531207928137,
      "median_abs_epsilon_precision_ECOLI": 0.2821174403206257,
      "median_abs_epsilon_precision_HUMAN": 0.1310315494987755,
      "median_abs_epsilon_precision_YEAST": 0.15527694641844292,
      "mean_log2_empirical_ECOLI": -1.7978877582140622,
      "mean_log2_empirical_HUMAN": -0.16164798462096952,
      "mean_log2_empirical_YEAST": 0.9114329921268582,
      "mean_abs_epsilon_precision_global": 0.24480661971053286,
      "mean_abs_epsilon_precision_eq_species": 0.3770454236564273,
      "mean_abs_epsilon_precision_ECOLI": 0.6290678651393461,
      "mean_abs_epsilon_precision_HUMAN": 0.22203732123231548,
      "mean_abs_epsilon_precision_YEAST": 0.28003108459762016,
      "CV_median": 0.11359433894180186,
      "CV_q75": 0.23033043074584256,
      "CV_q90": 0.4310827057132549,
      "CV_q95": 0.5596375768180779,
      "roc_auc": 0.9321630236296872,
      "roc_auc_directional": 0.9452334322125013,
      "nr_prec": 43746,
      "nr_prec_HUMAN": 33847,
      "nr_prec_YEAST": 8690,
      "nr_prec_ECOLI": 1209,
      "variance_epsilon_global": 0.16489491866390735
    },
    "5": {
      "median_abs_epsilon_global": 0.19724263171573853,
      "median_abs_epsilon_eq_species": 0.24170323052302814,
      "median_abs_epsilon_ECOLI": 0.3542307761364025,
      "median_abs_epsilon_HUMAN": 0.19889098947082218,
      "median_abs_epsilon_YEAST": 0.17198792596185974,
      "mean_abs_epsilon_global": 0.3062817675229382,
      "mean_abs_epsilon_eq_species": 0.40426134150816023,
      "mean_abs_epsilon_ECOLI": 0.6073199969186316,
      "mean_abs_epsilon_HUMAN": 0.292262059588532,
      "mean_abs_epsilon_YEAST": 0.3132019680173171,
      "median_log2_empirical_ECOLI": -2.071504361361818,
      "median_log2_empirical_HUMAN": -0.15572159013231968,
      "median_log2_empirical_YEAST": 0.9643692878618086,
      "median_abs_epsilon_precision_global": 0.15187989853001937,
      "median_abs_epsilon_precision_eq_species": 0.21497822121344967,
      "median_abs_epsilon_precision_ECOLI": 0.32692207188824973,
      "median_abs_epsilon_precision_HUMAN": 0.14283832884875025,
      "median_abs_epsilon_precision_YEAST": 0.17517426290334903,
      "mean_log2_empirical_ECOLI": -1.81125335380899,
      "mean_log2_empirical_HUMAN": -0.1636927070169082,
      "mean_log2_empirical_YEAST": 0.9004412758554874,
      "mean_abs_epsilon_precision_global": 0.2739440521581916,
      "mean_abs_epsilon_precision_eq_species": 0.40669501639662026,
      "mean_abs_epsilon_precision_ECOLI": 0.6550297011706411,
      "mean_abs_epsilon_precision_HUMAN": 0.2466819758163629,
      "mean_abs_epsilon_precision_YEAST": 0.3183733722028568,
      "CV_median": 0.1213532243121152,
      "CV_q75": 0.25571250110078897,
      "CV_q90": 0.46643655838019893,
      "CV_q95": 0.6007724549288496,
      "roc_auc": 0.9175946723995737,
      "roc_auc_directional": 0.9383498317900111,
      "nr_prec": 50103,
      "nr_prec_HUMAN": 38329,
      "nr_prec_YEAST": 10224,
      "nr_prec_ECOLI": 1550,
      "variance_epsilon_global": 0.2058141606393506
    },
    "4": {
      "median_abs_epsilon_global": 0.2052543870693384,
      "median_abs_epsilon_eq_species": 0.2581315634357164,
      "median_abs_epsilon_ECOLI": 0.38441147199442227,
      "median_abs_epsilon_HUMAN": 0.20583511069919602,
      "median_abs_epsilon_YEAST": 0.18414810761353095,
      "mean_abs_epsilon_global": 0.3247763296348999,
      "mean_abs_epsilon_eq_species": 0.42951186566922167,
      "mean_abs_epsilon_ECOLI": 0.645265046530652,
      "mean_abs_epsilon_HUMAN": 0.30755358076104183,
      "mean_abs_epsilon_YEAST": 0.3357169697159712,
      "median_log2_empirical_ECOLI": -2.0679431118288587,
      "median_log2_empirical_HUMAN": -0.15780721408793852,
      "median_log2_empirical_YEAST": 0.9647759299810161,
      "median_abs_epsilon_precision_global": 0.16150511453644256,
      "median_abs_epsilon_precision_eq_species": 0.23465418782893957,
      "median_abs_epsilon_precision_ECOLI": 0.36582848058677087,
      "median_abs_epsilon_precision_HUMAN": 0.15109478527214293,
      "median_abs_epsilon_precision_YEAST": 0.18703929762790494,
      "mean_log2_empirical_ECOLI": -1.8100914374517783,
      "mean_log2_empirical_HUMAN": -0.1668135316346791,
      "mean_log2_empirical_YEAST": 0.8985880577721729,
      "mean_abs_epsilon_precision_global": 0.29326467622024394,
      "mean_abs_epsilon_precision_eq_species": 0.4313785416135838,
      "mean_abs_epsilon_precision_ECOLI": 0.6904018809091188,
      "mean_abs_epsilon_precision_HUMAN": 0.26255279048520963,
      "mean_abs_epsilon_precision_YEAST": 0.3411809534464229,
      "CV_median": 0.1253384439035387,
      "CV_q75": 0.2679133716697923,
      "CV_q90": 0.4794575489375649,
      "CV_q95": 0.6175155246844062,
      "roc_auc": 0.9099018291740933,
      "roc_auc_directional": 0.9319014748823445,
      "nr_prec": 54311,
      "nr_prec_HUMAN": 41234,
      "nr_prec_YEAST": 11245,
      "nr_prec_ECOLI": 1832,
      "variance_epsilon_global": 0.23631475230440607
    },
    "3": {
      "median_abs_epsilon_global": 0.2084224455777708,
      "median_abs_epsilon_eq_species": 0.26300317837626724,
      "median_abs_epsilon_ECOLI": 0.39202238739734874,
      "median_abs_epsilon_HUMAN": 0.2084563535966577,
      "median_abs_epsilon_YEAST": 0.18853079413479534,
      "mean_abs_epsilon_global": 0.3337180714196532,
      "mean_abs_epsilon_eq_species": 0.4415039819415119,
      "mean_abs_epsilon_ECOLI": 0.6629849238180137,
      "mean_abs_epsilon_HUMAN": 0.3162880609507172,
      "mean_abs_epsilon_YEAST": 0.3452389610558049,
      "median_log2_empirical_ECOLI": -2.0609295732062254,
      "median_log2_empirical_HUMAN": -0.15621703545961374,
      "median_log2_empirical_YEAST": 0.963447332286524,
      "median_abs_epsilon_precision_global": 0.1664734460465258,
      "median_abs_epsilon_precision_eq_species": 0.2419279442716018,
      "median_abs_epsilon_precision_ECOLI": 0.3778109732119681,
      "median_abs_epsilon_precision_HUMAN": 0.1562383416242099,
      "median_abs_epsilon_precision_YEAST": 0.1917345179786274,
      "mean_log2_empirical_ECOLI": -1.7878211969230549,
      "mean_log2_empirical_HUMAN": -0.165244837215048,
      "mean_log2_empirical_YEAST": 0.8921810269365007,
      "mean_abs_epsilon_precision_global": 0.30377641765730384,
      "mean_abs_epsilon_precision_eq_species": 0.4455443480961299,
      "mean_abs_epsilon_precision_ECOLI": 0.7119654755187335,
      "mean_abs_epsilon_precision_HUMAN": 0.2731498336884849,