{
  "old_new": "new",
  "id": "WOMBAT_20260309_102550",
  "software_name": "WOMBAT",
  "software_version": "0.9.11",
  "search_engine": "Andromeda",
  "search_engine_version": NaN,
  "ident_fdr_psm": 0.01,
  "ident_fdr_peptide": 0.01,
  "ident_fdr_protein": 0.01,
  "enable_match_between_runs": true,
  "precursor_mass_tolerance": "20 ppm",
  "fragment_mass_tolerance": "0.02 Da",
  "enzyme": "Trypsin",
  "allowed_miscleavages": 1,
  "min_peptide_length": 5,
  "max_peptide_length": 35,
  "is_temporary": false,
  "intermediate_hash": "92dfbc243df1bcacf9ae7bda01f59492d8cda0a5",
  "results": {
    "6": {
      "median_abs_epsilon_global": 0.17168785411516652,
      "median_abs_epsilon_eq_species": 0.1956873720215858,
      "median_abs_epsilon_ECOLI": 0.22980651377462635,
      "median_abs_epsilon_HUMAN": 0.16599616339084378,
      "median_abs_epsilon_YEAST": 0.1912594388992872,
      "mean_abs_epsilon_global": 0.23121985999879804,
      "mean_abs_epsilon_eq_species": 0.28316184908059744,
      "mean_abs_epsilon_ECOLI": 0.3765065918088896,
      "mean_abs_epsilon_HUMAN": 0.22310108494315953,
      "mean_abs_epsilon_YEAST": 0.24987787048974308,
      "median_log2_empirical_ECOLI": -1.8189135407579897,
      "median_log2_empirical_HUMAN": 0.07670288658288271,
      "median_log2_empirical_YEAST": 1.1204404433563937,
      "median_abs_epsilon_precision_global": 0.1522875648988702,
      "median_abs_epsilon_precision_eq_species": 0.1609895026125366,
      "median_abs_epsilon_precision_ECOLI": 0.17679658285837618,
      "median_abs_epsilon_precision_HUMAN": 0.15093348571922327,
      "median_abs_epsilon_precision_YEAST": 0.15523843926001035,
      "mean_log2_empirical_ECOLI": -1.7319255449159277,
      "mean_log2_empirical_HUMAN": 0.06232844134049372,
      "mean_log2_empirical_YEAST": 1.0916913778523647,
      "mean_abs_epsilon_precision_global": 0.21872269036125067,
      "mean_abs_epsilon_precision_eq_species": 0.259331753301892,
      "mean_abs_epsilon_precision_ECOLI": 0.33667991443374173,
      "mean_abs_epsilon_precision_HUMAN": 0.21364883289992673,
      "mean_abs_epsilon_precision_YEAST": 0.2276665125720077,
      "CV_median": 0.21380378677412365,
      "CV_q75": 0.29803633169581445,
      "CV_q90": 0.4391717847501547,
      "CV_q95": 0.5410942850075077,
      "roc_auc": 0.973913384599529,
      "roc_auc_directional": 0.9750142966324288,
      "nr_prec": 23808,
      "nr_prec_HUMAN": 18760,
      "nr_prec_YEAST": 4589,
      "nr_prec_ECOLI": 459,
      "variance_epsilon_global": 0.11653276521928739
    },
    "5": {
      "median_abs_epsilon_global": 0.18672901809896203,
      "median_abs_epsilon_eq_species": 0.22185219507128906,
      "median_abs_epsilon_ECOLI": 0.27976438845578855,
      "median_abs_epsilon_HUMAN": 0.18006850133749097,
      "median_abs_epsilon_YEAST": 0.20572369542058766,
      "mean_abs_epsilon_global": 0.26321346806796425,
      "mean_abs_epsilon_eq_species": 0.33248812089534097,
      "mean_abs_epsilon_ECOLI": 0.4643211595495081,
      "mean_abs_epsilon_HUMAN": 0.2527497151132303,
      "mean_abs_epsilon_YEAST": 0.2803934880232846,
      "median_log2_empirical_ECOLI": -1.7625667454544693,
      "median_log2_empirical_HUMAN": 0.0771868655038137,
      "median_log2_empirical_YEAST": 1.101120422786476,
      "median_abs_epsilon_precision_global": 0.16861756906150482,
      "median_abs_epsilon_precision_eq_species": 0.1926683498620978,
      "median_abs_epsilon_precision_ECOLI": 0.23511757590003235,
      "median_abs_epsilon_precision_HUMAN": 0.1654780931366595,
      "median_abs_epsilon_precision_YEAST": 0.17740938054960154,
      "mean_log2_empirical_ECOLI": -1.680231688208212,
      "mean_log2_empirical_HUMAN": 0.06474631239448586,
      "mean_log2_empirical_YEAST": 1.0622319574433348,
      "mean_abs_epsilon_precision_global": 0.2523648116716859,
      "mean_abs_epsilon_precision_eq_species": 0.305576476045101,
      "mean_abs_epsilon_precision_ECOLI": 0.40477719158454534,
      "mean_abs_epsilon_precision_HUMAN": 0.24370296668845612,
      "mean_abs_epsilon_precision_YEAST": 0.26824926986230174,
      "CV_median": 0.2163927401035884,
      "CV_q75": 0.310583443678588,
      "CV_q90": 0.4628237990721601,
      "CV_q95": 0.5732941081133486,
      "roc_auc": 0.9581964892384627,
      "roc_auc_directional": 0.9679367772673209,
      "nr_prec": 30815,
      "nr_prec_HUMAN": 23968,
      "nr_prec_YEAST": 6123,
      "nr_prec_ECOLI": 724,
      "variance_epsilon_global": 0.15949947650200103
    },
    "4": {
      "median_abs_epsilon_global": 0.19895834033073,
      "median_abs_epsilon_eq_species": 0.2546320355858474,
      "median_abs_epsilon_ECOLI": 0.35310590140356624,
      "median_abs_epsilon_HUMAN": 0.19021081247140792,
      "median_abs_epsilon_YEAST": 0.22057939288256811,
      "mean_abs_epsilon_global": 0.2948969594143546,
      "mean_abs_epsilon_eq_species": 0.38348775033759247,
      "mean_abs_epsilon_ECOLI": 0.5539811471954554,
      "mean_abs_epsilon_HUMAN": 0.2796832789778605,
      "mean_abs_epsilon_YEAST": 0.3167988248394615,
      "median_log2_empirical_ECOLI": -1.7252192397749475,
      "median_log2_empirical_HUMAN": 0.07748134088017267,
      "median_log2_empirical_YEAST": 1.0849383822899306,
      "median_abs_epsilon_precision_global": 0.18297464101665284,
      "median_abs_epsilon_precision_eq_species": 0.22354533811691368,
      "median_abs_epsilon_precision_ECOLI": 0.2950186395602721,
      "median_abs_epsilon_precision_HUMAN": 0.17693651384046127,
      "median_abs_epsilon_precision_YEAST": 0.1986808609500077,
      "mean_log2_empirical_ECOLI": -1.6286040854136605,
      "mean_log2_empirical_HUMAN": 0.06385472845544868,
      "mean_log2_empirical_YEAST": 1.041194034094149,
      "mean_abs_epsilon_precision_global": 0.28493721664648,
      "mean_abs_epsilon_precision_eq_species": 0.35428412667453907,
      "mean_abs_epsilon_precision_ECOLI": 0.4815201755293301,
      "mean_abs_epsilon_precision_HUMAN": 0.2710767578900792,
      "mean_abs_epsilon_precision_YEAST": 0.31025544660420784,
      "CV_median": 0.21809375795788516,
      "CV_q75": 0.317215356710732,
      "CV_q90": 0.47527195695032065,
      "CV_q95": 0.590553274916017,
      "roc_auc": 0.9403026706836859,
      "roc_auc_directional": 0.9561476888644284,
      "nr_prec": 36369,
      "nr_prec_HUMAN": 27922,
      "nr_prec_YEAST": 7436,
      "nr_prec_ECOLI": 1011,
      "variance_epsilon_global": 0.21134628093450378
    },
    "3": {
      "median_abs_epsilon_global": 0.20834769967864553,
      "median_abs_epsilon_eq_species": 0.270552867789025,
      "median_abs_epsilon_ECOLI": 0.3823493706279564,
      "median_abs_epsilon_HUMAN": 0.20001685214796083,
      "median_abs_epsilon_YEAST": 0.22929238059115775,
      "mean_abs_epsilon_global": 0.3170893843036691,
      "mean_abs_epsilon_eq_species": 0.40642542660039527,
      "mean_abs_epsilon_ECOLI": 0.5792468895931691,
      "mean_abs_epsilon_HUMAN": 0.302419540846305,
      "mean_abs_epsilon_YEAST": 0.3376098493617116,
      "median_log2_empirical_ECOLI": -1.7111543991054656,
      "median_log2_empirical_HUMAN": 0.07796634265452163,
      "median_log2_empirical_YEAST": 1.0757838890370834,
      "median_abs_epsilon_precision_global": 0.1928716022476653,
      "median_abs_epsilon_precision_eq_species": 0.2348814954400756,
      "median_abs_epsilon_precision_ECOLI": 0.30883008680782,
      "median_abs_epsilon_precision_HUMAN": 0.18601717038444932,
      "median_abs_epsilon_precision_YEAST": 0.2097972291279575,
      "mean_log2_empirical_ECOLI": -1.6122621742888106,
      "mean_log2_empirical_HUMAN": 0.06342731971558316,
      "mean_log2_empirical_YEAST": 1.0313400372155577,
      "mean_abs_epsilon_precision_global": 0.30764355417988404,
      "mean_abs_epsilon_precision_eq_species": 0.37611083194843625,
      "mean_abs_epsilon_precision_ECOLI": 0.5011444171813739,
      "mean_abs_epsilon_precision_HUMAN": 0.2941194035921374,
      "mean_abs_epsilon_precision_YEAST": 0.3330686750717974,