{
  "id": "AlphaPept_20250523_075236",
  "old_new": "new",
  "software_name": "AlphaPept",
  "software_version": "0.4.9",
  "search_engine": "AlphaPept",
  "search_engine_version": "0.4.9",
  "ident_fdr_psm": "0.01",
  "ident_fdr_peptide": "nan",
  "ident_fdr_protein": "0.01",
  "enable_match_between_runs": false,
  "precursor_mass_tolerance": "[-20 ppm, 20 ppm]",
  "fragment_mass_tolerance": "[-50 ppm, 50 ppm]",
  "enzyme": "Trypsin",
  "allowed_miscleavages": "2",
  "min_peptide_length": "7",
  "max_peptide_length": "27",
  "is_temporary": false,
  "intermediate_hash": "93b0ef47abaff34f67acd503d776f6c35e0d0e10",
  "results": {
    "6": {
      "median_abs_epsilon": 0.2213586578183957,
      "mean_abs_epsilon": 0.2955267438810413,
      "variance_epsilon": 0.11246551713185862,
      "nr_prec": 46,
      "CV_median": 0.222402138350526,
      "CV_q90": 0.5206837694218897,
      "CV_q75": 0.4084506890646785,
      "CV_q95": 0.5785509736571325
    },
    "5": {
      "median_abs_epsilon": 0.22497974811942,
      "mean_abs_epsilon": 0.3357427696749087,
      "variance_epsilon": 0.22707644341087174,
      "nr_prec": 89,
      "CV_median": 0.19423418646261909,
      "CV_q90": 0.5337450010790378,
      "CV_q75": 0.3531871729542522,
      "CV_q95": 0.6010359213826612
    },
    "4": {
      "median_abs_epsilon": 0.22818982426450773,
      "mean_abs_epsilon": 0.35835117527178173,
      "variance_epsilon": 0.3621821584994592,
      "nr_prec": 241,
      "CV_median": 0.17944306548206398,
      "CV_q90": 0.5261893529782598,
      "CV_q75": 0.33308794893755056,
      "CV_q95": 0.6086324310533013
    },
    "3": {
      "median_abs_epsilon": 0.24463905262884644,
      "mean_abs_epsilon": 0.37147055257548217,
      "variance_epsilon": 0.41262127997052994,
      "nr_prec": 1169,
      "CV_median": 0.15223263874007226,
      "CV_q90": 0.42674798532932506,
      "CV_q75": 0.277344562699899,
      "CV_q95": 0.5507439829313034
    },
    "2": {
      "median_abs_epsilon": 0.2515318424263402,
      "mean_abs_epsilon": 0.3761794576294932,
      "variance_epsilon": 0.3961177897580171,
      "nr_prec": 2561,
      "CV_median": 0.15559245382800832,
      "CV_q90": 0.4182057489868395,
      "CV_q75": 0.2771973905079771,
      "CV_q95": 0.534814513246654
    },
    "1": {
      "median_abs_epsilon": 0.2515318424263402,
      "mean_abs_epsilon": 0.3761794576294932,
      "variance_epsilon": 0.39611778975801715,
      "nr_prec": 5547,
      "CV_median": 0.15559245382800832,
      "CV_q90": 0.4182057489868395,
      "CV_q75": 0.2771973905079771,
      "CV_q95": 0.534814513246654
    }
  },
  "median_abs_epsilon": 0.24463905262884644,
  "nr_prec": 1169,
  "comments": "",
  "fixed_mods": "cC",
  "variable_mods": "oxM",
  "max_mods": "3",
  "min_precursor_charge": "1",
  "max_precursor_charge": "6",
  "submission_comments": "\n\n ### No parameter changes detected. \n\n\nDataset URL: https://proteobench.cubimed.rub.de/datasets/93b0ef47abaff34f67acd503d776f6c35e0d0e10/",
  "proteobench_version": "0.8.13",
  "minPeptideLength": NaN,
  "color": "#4daf4a",
  "hover_text": "ProteoBench ID: AlphaPept_20250523_075236<br>Software tool: AlphaPept <br>Comment (private submission): ...",
  "scatter_size": 20,
  "scan_window": NaN,
  "quantification_method_DIANN": NaN,
  "second_pass": NaN,
  "protein_inference": "nan",
  "predictors_library": NaN,
  "quantification_method": "nan",
  "mean_abs_epsilon": 0.37147055257548217,
  "abundance_normalization_ions": null
}