{
    "id": "AlphaPept_20250122_155121",
    "old_new": "new",
    "software_name": "AlphaPept",
    "software_version": "0.5.3",
    "search_engine": "AlphaPept",
    "search_engine_version": "0.5.3",
    "ident_fdr_psm": null,
    "ident_fdr_peptide": 0.01,
    "ident_fdr_protein": 0.01,
    "enable_match_between_runs": false,
    "precursor_mass_tolerance": "[-10 ppm, 10 ppm]",
    "fragment_mass_tolerance": "[-50 ppm, 50 ppm]",
    "enzyme": "Trypsin",
    "allowed_miscleavages": 2,
    "min_peptide_length": 7,
    "max_peptide_length": 27,
    "is_temporary": false,
    "intermediate_hash": "94c4c0b7d00761d24fdde05276053b087cb99ea1",
    "results": {
        "6": {
            "median_abs_epsilon": 0.190135531,
            "mean_abs_epsilon": 0.2893874117,
            "variance_epsilon": 0.2229021552,
            "nr_prec": 13656,
            "CV_median": 0.1716313563,
            "CV_q90": 0.4721350272,
            "CV_q75": 0.2896145731,
            "CV_q95": 0.5920257909
        },
        "5": {
            "median_abs_epsilon": 0.197589216,
            "mean_abs_epsilon": 0.2999128951,
            "variance_epsilon": 0.2389775276,
            "nr_prec": 21692,
            "CV_median": 0.1685206947,
            "CV_q90": 0.4715001628,
            "CV_q75": 0.2856802231,
            "CV_q95": 0.5951750631
        },
        "4": {
            "median_abs_epsilon": 0.2070908656,
            "mean_abs_epsilon": 0.3126166654,
            "variance_epsilon": 0.2566898835,
            "nr_prec": 28676,
            "CV_median": 0.1667058822,
            "CV_q90": 0.4669819103,
            "CV_q75": 0.2828291934,
            "CV_q95": 0.5905453001
        },
        "3": {
            "median_abs_epsilon": 0.2149510102,
            "mean_abs_epsilon": 0.3252737023,
            "variance_epsilon": 0.2799436941,
            "nr_prec": 36379,
            "CV_median": 0.1649962391,
            "CV_q90": 0.4630331452,
            "CV_q75": 0.2801437664,
            "CV_q95": 0.5877063245
        },
        "2": {
            "median_abs_epsilon": 0.2214280192,
            "mean_abs_epsilon": 0.3340145407,
            "variance_epsilon": 0.2887253018,
            "nr_prec": 45102,
            "CV_median": 0.1638173287,
            "CV_q90": 0.4607532629,
            "CV_q75": 0.278978777,
            "CV_q95": 0.5850818256
        },
        "1": {
            "median_abs_epsilon": 0.2214280192,
            "mean_abs_epsilon": 0.3340145407,
            "variance_epsilon": 0.2887253018,
            "nr_prec": 58090,
            "CV_median": 0.1638173287,
            "CV_q90": 0.4607532629,
            "CV_q75": 0.278978777,
            "CV_q95": 0.5850818256
        }
    },
    "median_abs_epsilon": 0.2149510102,
    "nr_prec": 36379,
    "comments": "",
    "fixed_mods": "cC",
    "variable_mods": "oxM",
    "max_mods": 3,
    "min_precursor_charge": 1,
    "max_precursor_charge": 6,
    "submission_comments": "Variable mods: oxM, a<^ (Protein N-Term)\n\nDataset URL: https://proteobench.cubimed.rub.de/datasets/94c4c0b7d00761d24fdde05276053b087cb99ea1/",
    "proteobench_version": "0.5.15",
    "minPeptideLength": null,
    "color": "#4daf4a",
    "hover_text": "ProteoBench ID: AlphaPept_20250122_155121<br>Software tool: AlphaPept <br>Comment (private submission): ",
    "scatter_size": 20,
    "scan_window": null,
    "quantification_method_DIANN": null,
    "second_pass": null,
    "protein_inference": null,
    "predictors_library": null,
    "quantification_method": null,
    "mean_abs_epsilon": 0.3252737023,
    "abundance_normalization_ions": null
}