{
  "old_new": "new",
  "id": "AlphaPept_20250613_085126",
  "software_name": "AlphaPept",
  "software_version": "0.5.3",
  "search_engine": "AlphaPept",
  "search_engine_version": "0.5.3",
  "ident_fdr_psm": 0.01,
  "ident_fdr_peptide": NaN,
  "ident_fdr_protein": 0.01,
  "enable_match_between_runs": false,
  "precursor_mass_tolerance": "[-10 ppm, 10 ppm]",
  "fragment_mass_tolerance": "[-50 ppm, 50 ppm]",
  "enzyme": "Trypsin",
  "allowed_miscleavages": 2,
  "min_peptide_length": 7,
  "max_peptide_length": 27,
  "is_temporary": false,
  "intermediate_hash": "94c4c0b7d00761d24fdde05276053b087cb99ea1",
  "results": {
    "6": {
      "median_abs_epsilon_global": 0.1894113864116278,
      "median_abs_epsilon_eq_species": 0.1991755889011794,
      "median_abs_epsilon_ECOLI": 0.22319105142744533,
      "median_abs_epsilon_HUMAN": 0.1903609559252537,
      "median_abs_epsilon_YEAST": 0.18397475935083918,
      "mean_abs_epsilon_global": 0.2856439963663579,
      "mean_abs_epsilon_eq_species": 0.3056536055665669,
      "mean_abs_epsilon_ECOLI": 0.3259453625224722,
      "mean_abs_epsilon_HUMAN": 0.2783980476877181,
      "mean_abs_epsilon_YEAST": 0.3126174064895105,
      "median_log2_empirical_ECOLI": -2.081397689605012,
      "median_log2_empirical_HUMAN": -0.1174383221992592,
      "median_log2_empirical_YEAST": 0.9577264701850972,
      "median_abs_epsilon_precision_global": 0.17296263390768374,
      "median_abs_epsilon_precision_eq_species": 0.187146200269846,
      "median_abs_epsilon_precision_ECOLI": 0.21190227863511168,
      "median_abs_epsilon_precision_HUMAN": 0.17089000182947345,
      "median_abs_epsilon_precision_YEAST": 0.17864632034495287,
      "mean_log2_empirical_ECOLI": -2.043099224399716,
      "mean_log2_empirical_HUMAN": -0.14833879399789665,
      "mean_log2_empirical_YEAST": 0.8781030216081578,
      "mean_abs_epsilon_precision_global": 0.2680828733748235,
      "mean_abs_epsilon_precision_eq_species": 0.2971951183464056,
      "mean_abs_epsilon_precision_ECOLI": 0.3187628193619358,
      "mean_abs_epsilon_precision_HUMAN": 0.25533777080876763,
      "mean_abs_epsilon_precision_YEAST": 0.3174847648685134,
      "CV_median": 0.1712024443786488,
      "CV_q75": 0.2877843693421809,
      "CV_q90": 0.4698248375490561,
      "CV_q95": 0.585117848954484,
      "roc_auc": 0.940900285053907,
      "roc_auc_directional": 0.9670917839921417,
      "nr_prec": 13551,
      "nr_prec_HUMAN": 10777,
      "nr_prec_YEAST": 2529,
      "nr_prec_ECOLI": 245,
      "variance_epsilon_global": 0.21054412799193323
    },
    "5": {
      "median_abs_epsilon_global": 0.19677000679248913,
      "median_abs_epsilon_eq_species": 0.2102431614793693,
      "median_abs_epsilon_ECOLI": 0.2394305347613468,
      "median_abs_epsilon_HUMAN": 0.19589167495903226,
      "median_abs_epsilon_YEAST": 0.1954072747177289,
      "mean_abs_epsilon_global": 0.297028124935543,
      "mean_abs_epsilon_eq_species": 0.32852060050941634,
      "mean_abs_epsilon_ECOLI": 0.37052122239338114,
      "mean_abs_epsilon_HUMAN": 0.2878572324613317,
      "mean_abs_epsilon_YEAST": 0.32718334667353616,
      "median_log2_empirical_ECOLI": -2.0566773274131407,
      "median_log2_empirical_HUMAN": -0.11372692189920386,
      "median_log2_empirical_YEAST": 0.9449742737835489,
      "median_abs_epsilon_precision_global": 0.18328935355577958,
      "median_abs_epsilon_precision_eq_species": 0.20017958011084266,
      "median_abs_epsilon_precision_ECOLI": 0.226496739501858,
      "median_abs_epsilon_precision_HUMAN": 0.17993630415595518,
      "median_abs_epsilon_precision_YEAST": 0.19410569667471478,
      "mean_log2_empirical_ECOLI": -1.9921532624669527,
      "mean_log2_empirical_HUMAN": -0.14258969682977146,
      "mean_log2_empirical_YEAST": 0.8712121935855339,
      "mean_abs_epsilon_precision_global": 0.28178809370249613,
      "mean_abs_epsilon_precision_eq_species": 0.32312361881496204,
      "mean_abs_epsilon_precision_ECOLI": 0.37166345862466976,
      "mean_abs_epsilon_precision_HUMAN": 0.267848043642677,
      "mean_abs_epsilon_precision_YEAST": 0.32985935417753937,
      "CV_median": 0.1681037607264494,
      "CV_q75": 0.2843786118584487,
      "CV_q90": 0.4691350505807344,
      "CV_q95": 0.5895182222806814,
      "roc_auc": 0.9318172811441087,
      "roc_auc_directional": 0.9644711022140355,
      "nr_prec": 21540,
      "nr_prec_HUMAN": 16983,
      "nr_prec_YEAST": 4134,
      "nr_prec_ECOLI": 423,
      "variance_epsilon_global": 0.23019857854380063
    },
    "4": {
      "median_abs_epsilon_global": 0.20650640998159275,
      "median_abs_epsilon_eq_species": 0.2200941820039676,
      "median_abs_epsilon_ECOLI": 0.2457966457855889,
      "median_abs_epsilon_HUMAN": 0.20504281157048077,
      "median_abs_epsilon_YEAST": 0.20944308865583317,
      "mean_abs_epsilon_global": 0.30992611081097615,
      "mean_abs_epsilon_eq_species": 0.3424890760595158,
      "mean_abs_epsilon_ECOLI": 0.3870260557653911,
      "mean_abs_epsilon_HUMAN": 0.30003535019257394,
      "mean_abs_epsilon_YEAST": 0.3404058222205822,
      "median_log2_empirical_ECOLI": -1.9996284911453976,
      "median_log2_empirical_HUMAN": -0.1116530423549591,
      "median_log2_empirical_YEAST": 0.935054311235934,
      "median_abs_epsilon_precision_global": 0.194870595957358,
      "median_abs_epsilon_precision_eq_species": 0.21422089105037342,
      "median_abs_epsilon_precision_ECOLI": 0.24542513693098655,
      "median_abs_epsilon_precision_HUMAN": 0.1908081696910564,
      "median_abs_epsilon_precision_YEAST": 0.20642936652907729,
      "mean_log2_empirical_ECOLI": -1.9197614826428329,
      "mean_log2_empirical_HUMAN": -0.1372051894897966,
      "mean_log2_empirical_YEAST": 0.8647351909508322,
      "mean_abs_epsilon_precision_global": 0.29575609530444724,
      "mean_abs_epsilon_precision_eq_species": 0.3385308991343343,
      "mean_abs_epsilon_precision_ECOLI": 0.39317471026689965,
      "mean_abs_epsilon_precision_HUMAN": 0.28162376572460024,
      "mean_abs_epsilon_precision_YEAST": 0.34079422141150306,
      "CV_median": 0.16630467615159666,
      "CV_q75": 0.2813303398009279,
      "CV_q90": 0.4643747785999228,
      "CV_q95": 0.5861179960435584,
      "roc_auc": 0.9200689523410228,
      "roc_auc_directional": 0.9615124633804135,
      "nr_prec": 28493,
      "nr_prec_HUMAN": 22264,
      "nr_prec_YEAST": 5578,
      "nr_prec_ECOLI": 651,
      "variance_epsilon_global": 0.24586199234894768
    },
    "3": {
      "median_abs_epsilon_global": 0.21430406089420373,
      "median_abs_epsilon_eq_species": 0.22946303363478235,
      "median_abs_epsilon_ECOLI": 0.25488097571724744,
      "median_abs_epsilon_HUMAN": 0.21179863101361107,
      "median_abs_epsilon_YEAST": 0.2217094941734885,
      "mean_abs_epsilon_global": 0.3230075910305789,
      "mean_abs_epsilon_eq_species": 0.36263286647335885,
      "mean_abs_epsilon_ECOLI": 0.4172592340965261,
      "mean_abs_epsilon_HUMAN": 0.3116467357740504,
      "mean_abs_epsilon_YEAST": 0.3589926295495001,
      "median_log2_empirical_ECOLI": -1.989309298770424,
      "median_log2_empirical_HUMAN": -0.10833071183912502,
      "median_log2_empirical_YEAST": 0.9243550085996048,
      "median_abs_epsilon_precision_global": 0.20371580024181846,
      "median_abs_epsilon_precision_eq_species": 0.2235776457330617,
      "median_abs_epsilon_precision_ECOLI": 0.25479904662498676,
      "median_abs_epsilon_precision_HUMAN": 0.1987733658564288,
      "median_abs_epsilon_precision_YEAST": 0.21716052471776948,
      "mean_log2_empirical_ECOLI": -1.8930903632149894,
      "mean_log2_empirical_HUMAN": -0.13001007363513428,
      "mean_log2_empirical_YEAST": 0.8491817058811196,
      "mean_abs_epsilon_precision_global": 0.30959211317697005,
      "mean_abs_epsilon_precision_eq_species": 0.35965970102337036,
      "mean_abs_epsilon_precision_ECOLI": 0.42636526530604707,
      "mean_abs_epsilon_precision_HUMAN": 0.2945693010943327,