{
  "old_new": "new",
  "id": "AlphaPept_20250605_081554",
  "software_name": "AlphaPept",
  "software_version": "0.5.3",
  "search_engine": "AlphaPept",
  "search_engine_version": "0.5.3",
  "ident_fdr_psm": "0.01",
  "ident_fdr_peptide": "nan",
  "ident_fdr_protein": "0.01",
  "enable_match_between_runs": false,
  "precursor_mass_tolerance": "[-10 ppm, 10 ppm]",
  "fragment_mass_tolerance": "[-50 ppm, 50 ppm]",
  "enzyme": "Trypsin",
  "allowed_miscleavages": "2",
  "min_peptide_length": "7",
  "max_peptide_length": "27",
  "is_temporary": false,
  "intermediate_hash": "94c4c0b7d00761d24fdde05276053b087cb99ea1",
  "results": {
    "6": {
      "median_abs_epsilon": 0.19013553096679914,
      "mean_abs_epsilon": 0.2893874117457114,
      "variance_epsilon": 0.22290215523303078,
      "nr_prec": 13656,
      "CV_median": 0.1716313563008922,
      "CV_q90": 0.47213502721564554,
      "CV_q75": 0.28961457305324007,
      "CV_q95": 0.5920257909202933
    },
    "5": {
      "median_abs_epsilon": 0.197589216049888,
      "mean_abs_epsilon": 0.2999128951105601,
      "variance_epsilon": 0.23897752760237467,
      "nr_prec": 21692,
      "CV_median": 0.1685206947201286,
      "CV_q90": 0.4715001628380502,
      "CV_q75": 0.28568022314941466,
      "CV_q95": 0.5951750631197625
    },
    "4": {
      "median_abs_epsilon": 0.20709086558018974,
      "mean_abs_epsilon": 0.312616665445124,
      "variance_epsilon": 0.2566898835153031,
      "nr_prec": 28676,
      "CV_median": 0.16670588221710636,
      "CV_q90": 0.4669819102514512,
      "CV_q75": 0.28282919343167223,
      "CV_q95": 0.5905453001284533
    },
    "3": {
      "median_abs_epsilon": 0.21495101024591534,
      "mean_abs_epsilon": 0.325273702347066,
      "variance_epsilon": 0.27994369409661257,
      "nr_prec": 36379,
      "CV_median": 0.16499623908419642,
      "CV_q90": 0.4630331451826006,
      "CV_q75": 0.280143766411862,
      "CV_q95": 0.5877063244825365
    },
    "2": {
      "median_abs_epsilon": 0.2214280191754412,
      "mean_abs_epsilon": 0.33401454070398223,
      "variance_epsilon": 0.2887253017546275,
      "nr_prec": 45102,
      "CV_median": 0.16381732869735638,
      "CV_q90": 0.4607532629305625,
      "CV_q75": 0.27897877702916046,
      "CV_q95": 0.5850818256263919
    },
    "1": {
      "median_abs_epsilon": 0.2214280191754412,
      "mean_abs_epsilon": 0.33401454070398223,
      "variance_epsilon": 0.2887253017546275,
      "nr_prec": 58090,
      "CV_median": 0.16381732869735638,
      "CV_q90": 0.4607532629305625,
      "CV_q75": 0.27897877702916046,
      "CV_q95": 0.5850818256263919
    }
  },
  "median_abs_epsilon": 0.21495101024591534,
  "mean_abs_epsilon": 0.325273702347066,
  "nr_prec": 36379,
  "comments": "",
  "proteobench_version": "0.8.15",
  "color": "#4daf4a",
  "hover_text": "ProteoBench ID: AlphaPept_20250605_081554<br>Software tool: AlphaPept <br>Comment (private submission): ...",
  "scatter_size": 20,
  "fixed_mods": "cC",
  "variable_mods": "oxM",
  "max_mods": "3",
  "min_precursor_charge": "1",
  "max_precursor_charge": "6",
  "quantification_method": "nan",
  "protein_inference": "nan",
  "abundance_normalization_ions": null,
  "submission_comments": "Variable mods: oxM, a<^ (Protein N-Term)\n\n ### No parameter changes detected. \n\n\nDataset URL: https://proteobench.cubimed.rub.de/datasets/94c4c0b7d00761d24fdde05276053b087cb99ea1/"
}