{
  "old_new": "new",
  "id": "AlphaPept_20250605_081554",
  "software_name": "MaxQuant",
  "software_version": "2.1.3.0",
  "search_engine": "Andromeda",
  "search_engine_version": "nan",
  "ident_fdr_psm": "0.01",
  "ident_fdr_peptide": null,
  "ident_fdr_protein": "0.01",
  "enable_match_between_runs": true,
  "precursor_mass_tolerance": "[-4.5 ppm, 4.5 ppm]",
  "fragment_mass_tolerance": "[-20 ppm, 20 ppm]",
  "enzyme": "Trypsin/P",
  "allowed_miscleavages": "1",
  "min_peptide_length": "7",
  "max_peptide_length": null,
  "is_temporary": false,
  "intermediate_hash": "94c4c0b7d00761d24fdde05276053b087cb99ea1",
  "results": {
    "6": {
      "median_abs_epsilon": 0.19013553096679903,
      "mean_abs_epsilon": 0.28938741174571103,
      "variance_epsilon": 0.22290215523303003,
      "nr_prec": 13656,
      "CV_median": 0.17163135630089202,
      "CV_q90": 0.47213502721564504,
      "CV_q75": 0.28961457305324,
      "CV_q95": 0.5920257909202931
    },
    "5": {
      "median_abs_epsilon": 0.19758921604988802,
      "mean_abs_epsilon": 0.29991289511056,
      "variance_epsilon": 0.238977527602374,
      "nr_prec": 21692,
      "CV_median": 0.168520694720128,
      "CV_q90": 0.47150016283805,
      "CV_q75": 0.28568022314941405,
      "CV_q95": 0.5951750631197621
    },
    "4": {
      "median_abs_epsilon": 0.20709086558018902,
      "mean_abs_epsilon": 0.312616665445124,
      "variance_epsilon": 0.25668988351530303,
      "nr_prec": 28676,
      "CV_median": 0.166705882217106,
      "CV_q90": 0.466981910251451,
      "CV_q75": 0.282829193431672,
      "CV_q95": 0.5905453001284531
    },
    "3": {
      "median_abs_epsilon": 0.214951010245915,
      "mean_abs_epsilon": 0.32527370234706604,
      "variance_epsilon": 0.279943694096612,
      "nr_prec": 36379,
      "CV_median": 0.164996239084196,
      "CV_q90": 0.4630331451826,
      "CV_q75": 0.280143766411862,
      "CV_q95": 0.587706324482536
    },
    "2": {
      "median_abs_epsilon": 0.22142801917544103,
      "mean_abs_epsilon": 0.334014540703982,
      "variance_epsilon": 0.288725301754627,
      "nr_prec": 45102,
      "CV_median": 0.16381732869735602,
      "CV_q90": 0.460753262930562,
      "CV_q75": 0.27897877702916,
      "CV_q95": 0.585081825626391
    },
    "1": {
      "median_abs_epsilon": 0.22142801917544103,
      "mean_abs_epsilon": 0.334014540703982,
      "variance_epsilon": 0.288725301754627,
      "nr_prec": 58090,
      "CV_median": 0.16381732869735602,
      "CV_q90": 0.460753262930562,
      "CV_q75": 0.27897877702916,
      "CV_q95": 0.585081825626391
    }
  },
  "median_abs_epsilon": 0.214951010245915,
  "mean_abs_epsilon": 0.32527370234706604,
  "nr_prec": 36379,
  "comments": "",
  "proteobench_version": "0.8.15",
  "color": "#4daf4a",
  "hover_text": "ProteoBench ID: AlphaPept_20250605_081554<br>Software tool: AlphaPept 0.5.3<br>Search engine: AlphaPept 0.5.3<br>FDR psm: 0.01<br>MBR: False<br>Precursor Tolerance: [-10 ppm, 10 ppm]<br>Fragment Tolerance: [-50 ppm, 50 ppm]<br>Enzyme: Trypsin <br>Missed Cleavages: 2<br>Min peptide length: 7<br>Max peptide length: 27<br>Comment (public submission): Variable m......",
  "scatter_size": 10,
  "fixed_mods": "Carbamidomethyl (C)",
  "variable_mods": "Oxidation (M),Acetyl (Protein N-term)",
  "max_mods": "5",
  "min_precursor_charge": null,
  "max_precursor_charge": "7",
  "quantification_method": "nan",
  "protein_inference": "nan",
  "abundance_normalization_ions": "nan",
  "submission_comments": "\n\n ### No parameter changes detected. \n\n\nDataset URL: https://proteobench.cubimed.rub.de/datasets/94c4c0b7d00761d24fdde05276053b087cb99ea1/"
}