{
  "old_new": "new",
  "id": "FragPipe_20250605_125217",
  "software_name": "FragPipe",
  "software_version": "22.1-build02",
  "search_engine": "MSFragger",
  "search_engine_version": null,
  "ident_fdr_psm": "0.01",
  "ident_fdr_peptide": "0.01",
  "ident_fdr_protein": "0.01",
  "enable_match_between_runs": true,
  "precursor_mass_tolerance": "[-20 ppm, 20 ppm]",
  "fragment_mass_tolerance": "[-20 ppm, 20 ppm]",
  "enzyme": "Trypsin",
  "allowed_miscleavages": "2",
  "min_peptide_length": "7",
  "max_peptide_length": "50",
  "is_temporary": false,
  "intermediate_hash": "95eea5d8f0d1091dae5162cd9e7c58a66cb15670",
  "results": {
    "6": {
      "median_abs_epsilon": 0.1893561972888449,
      "mean_abs_epsilon": 0.3022098212778541,
      "variance_epsilon": 0.25440938733952767,
      "nr_prec": 15797,
      "CV_median": 0.23751999030907278,
      "CV_q90": 0.520004209463642,
      "CV_q75": 0.32662927012845144,
      "CV_q95": 0.6663946860659691
    },
    "5": {
      "median_abs_epsilon": 0.21401647033998827,
      "mean_abs_epsilon": 0.36086585417682204,
      "variance_epsilon": 0.3600354079508573,
      "nr_prec": 22741,
      "CV_median": 0.2422074898162157,
      "CV_q90": 0.5630054024105964,
      "CV_q75": 0.34608120779507623,
      "CV_q95": 0.7348290908618498
    },
    "4": {
      "median_abs_epsilon": 0.24373808078942005,
      "mean_abs_epsilon": 0.4342949563173039,
      "variance_epsilon": 0.5237682177995773,
      "nr_prec": 28769,
      "CV_median": 0.2461172653809084,
      "CV_q90": 0.6047699020209176,
      "CV_q75": 0.362317375144855,
      "CV_q95": 0.7938243028984127
    },
    "3": {
      "median_abs_epsilon": 0.2705895464028245,
      "mean_abs_epsilon": 0.4964467065526852,
      "variance_epsilon": 0.6733549016210486,
      "nr_prec": 35545,
      "CV_median": 0.2488684880345852,
      "CV_q90": 0.6333145546027417,
      "CV_q75": 0.37537983773705885,
      "CV_q95": 0.8319021892800822
    },
    "2": {
      "median_abs_epsilon": 0.2883676980197354,
      "mean_abs_epsilon": 0.5446174575595013,
      "variance_epsilon": 0.8125671432902651,
      "nr_prec": 43252,
      "CV_median": 0.2508929299631979,
      "CV_q90": 0.6529942516507579,
      "CV_q75": 0.3842952895314135,
      "CV_q95": 0.8597556314500425
    },
    "1": {
      "median_abs_epsilon": 0.2883676980197354,
      "mean_abs_epsilon": 0.5446174575595012,
      "variance_epsilon": 0.8125671432902651,
      "nr_prec": 53632,
      "CV_median": 0.2508929299631979,
      "CV_q90": 0.6529942516507579,
      "CV_q75": 0.3842952895314135,
      "CV_q95": 0.8597556314500425
    }
  },
  "median_abs_epsilon": 0.2705895464028245,
  "mean_abs_epsilon": 0.4964467065526852,
  "nr_prec": 35545,
  "comments": "",
  "proteobench_version": "0.8.18",
  "color": "#ff7f00",
  "hover_text": "ProteoBench ID: FragPipe_20250605_125217<br>Software tool: FragPipe <br>Comment (private submission): ...",
  "scatter_size": 20,
  "fixed_mods": "0.0,C-Term Peptide,true,-1; 0.0,N-Term Peptide,true,-1; 0.0,C-Term Protein,true,-1; 0.0,N-Term Protein,true,-1; 0.0,G (glycine),true,-1; 0.0,A (alanine),true,-1; 0.0,S (serine),true,-1; 0.0,P (proline),true,-1; 0.0,V (valine),true,-1; 0.0,T (threonine),true,-1; 57.02146,C (cysteine),true,-1; 0.0,L (leucine),true,-1; 0.0,I (isoleucine),true,-1; 0.0,N (asparagine),true,-1; 0.0,D (aspartic acid),true,-1; 0.0,Q (glutamine),true,-1; 0.0,K (lysine),true,-1; 0.0,E (glutamic acid),true,-1; 0.0,M (methionine),true,-1; 0.0,H (histidine),true,-1; 0.0,F (phenylalanine),true,-1; 0.0,R (arginine),true,-1; 0.0,Y (tyrosine),true,-1; 0.0,W (tryptophan),true,-1; 0.0,B ,true,-1; 0.0,J,true,-1; 0.0,O,true,-1; 0.0,U,true,-1; 0.0,X,true,-1; 0.0,Z,true,-1",
  "variable_mods": "15.9949,M,true,3; 42.0106,[^,true,1; 79.96633,STY,false,3; -17.0265,nQnC,false,1; -18.0106,nE,false,1; 4.025107,K,false,2; 6.020129,R,false,2; 8.014199,K,false,2; 10.008269,R,false,2; 0.0,site_10,false,1; 0.0,site_11,false,1; 0.0,site_12,false,1; 0.0,site_13,false,1; 0.0,site_14,false,1; 0.0,site_15,false,1; 0.0,site_16,false,1",
  "max_mods": "3",
  "min_precursor_charge": "1",
  "max_precursor_charge": null,
  "quantification_method": "nan",
  "protein_inference": "ProteinProphet: --maxppmdiff 2000000",
  "abundance_normalization_ions": "nan",
  "submission_comments": "\n\n ### No parameter changes detected. \n\n\nDataset URL: https://proteobench.cubimed.rub.de/datasets/95eea5d8f0d1091dae5162cd9e7c58a66cb15670/"
}