{
  "old_new": "new",
  "id": "FragPipe_20250605_125217",
  "software_name": "FragPipe",
  "software_version": "22.1-build02",
  "search_engine": "MSFragger",
  "search_engine_version": null,
  "ident_fdr_psm": 0.01,
  "ident_fdr_peptide": 0.01,
  "ident_fdr_protein": 0.01,
  "enable_match_between_runs": true,
  "precursor_mass_tolerance": "[-20 ppm, 20 ppm]",
  "fragment_mass_tolerance": "[-20 ppm, 20 ppm]",
  "enzyme": "Trypsin",
  "allowed_miscleavages": 2,
  "min_peptide_length": 7,
  "max_peptide_length": 50,
  "is_temporary": false,
  "intermediate_hash": "95eea5d8f0d1091dae5162cd9e7c58a66cb15670",
  "results": {
    "6": {
      "median_abs_epsilon_global": 0.18944453467486255,
      "median_abs_epsilon_eq_species": 0.23493839217984439,
      "median_abs_epsilon_ECOLI": 0.2899915444001202,
      "median_abs_epsilon_HUMAN": 0.17429357406969004,
      "median_abs_epsilon_YEAST": 0.24053005806972294,
      "mean_abs_epsilon_global": 0.2993093350263113,
      "mean_abs_epsilon_eq_species": 0.36275133029475803,
      "mean_abs_epsilon_ECOLI": 0.4702636074409855,
      "mean_abs_epsilon_HUMAN": 0.2884127231596317,
      "mean_abs_epsilon_YEAST": 0.32957766028365687,
      "median_log2_empirical_ECOLI": -2.176767275331578,
      "median_log2_empirical_HUMAN": -0.0217613794362137,
      "median_log2_empirical_YEAST": 1.1866960670932336,
      "median_abs_epsilon_precision_global": 0.17970147615144327,
      "median_abs_epsilon_precision_eq_species": 0.20350676298266515,
      "median_abs_epsilon_precision_ECOLI": 0.24877230933551076,
      "median_abs_epsilon_precision_HUMAN": 0.177755399325914,
      "median_abs_epsilon_precision_YEAST": 0.18399258028657073,
      "mean_log2_empirical_ECOLI": -2.1925325743120356,
      "mean_log2_empirical_HUMAN": -0.1032777031368774,
      "mean_log2_empirical_YEAST": 1.1539501427424406,
      "mean_abs_epsilon_precision_global": 0.2961805711704308,
      "mean_abs_epsilon_precision_eq_species": 0.3370031285502842,
      "mean_abs_epsilon_precision_ECOLI": 0.4282370202361836,
      "mean_abs_epsilon_precision_HUMAN": 0.29577461802842003,
      "mean_abs_epsilon_precision_YEAST": 0.28699774738624906,
      "CV_median": 0.23722498716033386,
      "CV_q75": 0.325754542046361,
      "CV_q90": 0.5143193117144809,
      "CV_q95": 0.6599293788564188,
      "roc_auc": 0.948041390294418,
      "roc_auc_directional": 0.9739836909124059,
      "nr_prec": 15497,
      "nr_prec_HUMAN": 12239,
      "nr_prec_YEAST": 3011,
      "nr_prec_ECOLI": 247,
      "variance_epsilon_global": 0.2453578428884654
    },
    "5": {
      "median_abs_epsilon_global": 0.214150845532469,
      "median_abs_epsilon_eq_species": 0.27436344562959825,
      "median_abs_epsilon_ECOLI": 0.3494249755054888,
      "median_abs_epsilon_HUMAN": 0.19743378164578118,
      "median_abs_epsilon_YEAST": 0.27623157973752477,
      "mean_abs_epsilon_global": 0.3584986199612212,
      "mean_abs_epsilon_eq_species": 0.4512270109024447,
      "mean_abs_epsilon_ECOLI": 0.5988910319937525,
      "mean_abs_epsilon_HUMAN": 0.3383465712854694,
      "mean_abs_epsilon_YEAST": 0.4164434294281122,
      "median_log2_empirical_ECOLI": -2.232994698402038,
      "median_log2_empirical_HUMAN": -0.025682313345189556,
      "median_log2_empirical_YEAST": 1.2016957820115302,
      "median_abs_epsilon_precision_global": 0.204611336201161,
      "median_abs_epsilon_precision_eq_species": 0.24226759829072306,
      "median_abs_epsilon_precision_ECOLI": 0.30486546080533117,
      "median_abs_epsilon_precision_HUMAN": 0.19951600148237247,
      "median_abs_epsilon_precision_YEAST": 0.2224213325844655,
      "mean_log2_empirical_ECOLI": -2.311870429132626,
      "mean_log2_empirical_HUMAN": -0.11198409831743826,
      "mean_log2_empirical_YEAST": 1.2025777581950647,
      "mean_abs_epsilon_precision_global": 0.3543255085564548,
      "mean_abs_epsilon_precision_eq_species": 0.4222659065517435,
      "mean_abs_epsilon_precision_ECOLI": 0.5515824806475855,
      "mean_abs_epsilon_precision_HUMAN": 0.34594038241249875,
      "mean_abs_epsilon_precision_YEAST": 0.36927485659514614,
      "CV_median": 0.24180207319931274,
      "CV_q75": 0.34493365792979835,
      "CV_q90": 0.5600163945368488,
      "CV_q95": 0.729067643803956,
      "roc_auc": 0.9302281649365097,
      "roc_auc_directional": 0.9670670145347675,
      "nr_prec": 22381,
      "nr_prec_HUMAN": 17573,
      "nr_prec_YEAST": 4394,
      "nr_prec_ECOLI": 414,
      "variance_epsilon_global": 0.3515196668507261
    },
    "4": {
      "median_abs_epsilon_global": 0.24421179885598576,
      "median_abs_epsilon_eq_species": 0.3264956835641127,
      "median_abs_epsilon_ECOLI": 0.44163515177333146,
      "median_abs_epsilon_HUMAN": 0.2250050038197795,
      "median_abs_epsilon_YEAST": 0.31284689509922714,
      "mean_abs_epsilon_global": 0.4328944584080565,
      "mean_abs_epsilon_eq_species": 0.5663567101269137,
      "mean_abs_epsilon_ECOLI": 0.7814247445803727,
      "mean_abs_epsilon_HUMAN": 0.40242561885524697,
      "mean_abs_epsilon_YEAST": 0.5152197669451213,
      "median_log2_empirical_ECOLI": -2.297063408924803,
      "median_log2_empirical_HUMAN": -0.03246763431518396,
      "median_log2_empirical_YEAST": 1.2197131485988315,
      "median_abs_epsilon_precision_global": 0.2346523263088276,
      "median_abs_epsilon_precision_eq_species": 0.29553049616023347,
      "median_abs_epsilon_precision_ECOLI": 0.3983555229666518,
      "median_abs_epsilon_precision_HUMAN": 0.22635474195400995,
      "median_abs_epsilon_precision_YEAST": 0.26188122356003873,
      "mean_log2_empirical_ECOLI": -2.4531586681979087,
      "mean_log2_empirical_HUMAN": -0.12522578521125083,
      "mean_log2_empirical_YEAST": 1.2735130581715224,
      "mean_abs_epsilon_precision_global": 0.4281220717977854,
      "mean_abs_epsilon_precision_eq_species": 0.5357260644639766,
      "mean_abs_epsilon_precision_ECOLI": 0.7303047703829287,
      "mean_abs_epsilon_precision_HUMAN": 0.4100617117105177,
      "mean_abs_epsilon_precision_YEAST": 0.46681171129848326,
      "CV_median": 0.24579448381594718,
      "CV_q75": 0.3613591614155617,
      "CV_q90": 0.6024156483918242,
      "CV_q95": 0.7903291755772885,
      "roc_auc": 0.9101468835646053,
      "roc_auc_directional": 0.9559036136925279,
      "nr_prec": 28373,
      "nr_prec_HUMAN": 22120,
      "nr_prec_YEAST": 5655,
      "nr_prec_ECOLI": 598,
      "variance_epsilon_global": 0.5178653172481827
    },
    "3": {
      "median_abs_epsilon_global": 0.2712097123865682,
      "median_abs_epsilon_eq_species": 0.35428649658080263,
      "median_abs_epsilon_ECOLI": 0.468314115734195,
      "median_abs_epsilon_HUMAN": 0.2520204729322657,
      "median_abs_epsilon_YEAST": 0.34252490107594724,
      "mean_abs_epsilon_global": 0.49555824467835974,
      "mean_abs_epsilon_eq_species": 0.6273163035055944,
      "mean_abs_epsilon_ECOLI": 0.830245113369877,
      "mean_abs_epsilon_HUMAN": 0.46416218632627537,
      "mean_abs_epsilon_YEAST": 0.5875416108206309,
      "median_log2_empirical_ECOLI": -2.293883201142169,
      "median_log2_empirical_HUMAN": -0.03682528530227813,
      "median_log2_empirical_YEAST": 1.2343092427946551,
      "median_abs_epsilon_precision_global": 0.2625984113727178,
      "median_abs_epsilon_precision_eq_species": 0.32089696654824823,
      "median_abs_epsilon_precision_ECOLI": 0.41398299434438,
      "median_abs_epsilon_precision_HUMAN": 0.25282338549973815,
      "median_abs_epsilon_precision_YEAST": 0.2958845198006266,
      "mean_log2_empirical_ECOLI": -2.4505082927844453,
      "mean_log2_empirical_HUMAN": -0.13328094781759128,
      "mean_log2_empirical_YEAST": 1.31705388697793,
      "mean_abs_epsilon_precision_global": 0.4916180254112378,
      "mean_abs_epsilon_precision_eq_species": 0.5983398457177569,
      "mean_abs_epsilon_precision_ECOLI": 0.7811011016105045,
      "mean_abs_epsilon_precision_HUMAN": 0.47168053236383667,