{
  "old_new": "new",
  "id": "i2MassChroQ_20250610_112700",
  "software_name": "i2MassChroQ",
  "software_version": "1.2.1",
  "search_engine": "X!Tandem",
  "search_engine_version": "nan",
  "ident_fdr_psm": 0.00969835888743,
  "ident_fdr_peptide": 0.0132251725326,
  "ident_fdr_protein": 0.00859598853868,
  "enable_match_between_runs": false,
  "precursor_mass_tolerance": "[-10 ppm, 10 ppm]",
  "fragment_mass_tolerance": "[-0.02 Da, 0.02 Da]",
  "enzyme": "[RK]|{P}",
  "allowed_miscleavages": 2,
  "min_peptide_length": null,
  "max_peptide_length": null,
  "is_temporary": false,
  "intermediate_hash": "982740480e3e36433d6691e3588bc4c2acea4430",
  "results": {
    "6": {
      "median_abs_epsilon_global": 0.1796780565307845,
      "median_abs_epsilon_eq_species": 0.17324473556008732,
      "median_abs_epsilon_ECOLI": 0.2019759885733805,
      "median_abs_epsilon_HUMAN": 0.18952174634666719,
      "median_abs_epsilon_YEAST": 0.12823647176021424,
      "mean_abs_epsilon_global": 0.24785613087431216,
      "mean_abs_epsilon_eq_species": 0.26086529693290866,
      "mean_abs_epsilon_ECOLI": 0.3140428840786563,
      "mean_abs_epsilon_HUMAN": 0.25399291387500716,
      "mean_abs_epsilon_YEAST": 0.21456009284506253,
      "median_log2_empirical_ECOLI": -2.1487984570699457,
      "median_log2_empirical_HUMAN": -0.16058294408521334,
      "median_log2_empirical_YEAST": 0.9606844678285427,
      "median_abs_epsilon_precision_global": 0.12440464940273621,
      "median_abs_epsilon_precision_eq_species": 0.12934271434837954,
      "median_abs_epsilon_precision_ECOLI": 0.14189631667705704,
      "median_abs_epsilon_precision_HUMAN": 0.12485185746525573,
      "median_abs_epsilon_precision_YEAST": 0.12127996890282589,
      "mean_log2_empirical_ECOLI": -2.1055925047784085,
      "mean_log2_empirical_HUMAN": -0.17069912619335575,
      "mean_log2_empirical_YEAST": 0.9486974581042958,
      "mean_abs_epsilon_precision_global": 0.20494534075569207,
      "mean_abs_epsilon_precision_eq_species": 0.22922879371687668,
      "mean_abs_epsilon_precision_ECOLI": 0.2739380711179607,
      "mean_abs_epsilon_precision_HUMAN": 0.20212151460614228,
      "mean_abs_epsilon_precision_YEAST": 0.21162679542652704,
      "CV_median": 0.12531729337425215,
      "CV_q75": 0.264715006740325,
      "CV_q90": 0.4616005884478661,
      "CV_q95": 0.568025188382556,
      "roc_auc": 0.9581709984397342,
      "roc_auc_directional": 0.9827322517173297,
      "nr_prec": 17970,
      "nr_prec_HUMAN": 14467,
      "nr_prec_YEAST": 3223,
      "nr_prec_ECOLI": 280,
      "variance_epsilon_global": 0.10867942555802448
    },
    "5": {
      "median_abs_epsilon_global": 0.18584871522938862,
      "median_abs_epsilon_eq_species": 0.1850031807509532,
      "median_abs_epsilon_ECOLI": 0.22041110794448926,
      "median_abs_epsilon_HUMAN": 0.19424768436086204,
      "median_abs_epsilon_YEAST": 0.1403507499475083,
      "mean_abs_epsilon_global": 0.2659173264168632,
      "mean_abs_epsilon_eq_species": 0.28373991730312187,
      "mean_abs_epsilon_ECOLI": 0.3404820233810326,
      "mean_abs_epsilon_HUMAN": 0.2701299424107005,
      "mean_abs_epsilon_YEAST": 0.24060778611763256,
      "median_log2_empirical_ECOLI": -2.133387373641206,
      "median_log2_empirical_HUMAN": -0.15760669055616994,
      "median_log2_empirical_YEAST": 0.9634095287977189,
      "median_abs_epsilon_precision_global": 0.13437133356286424,
      "median_abs_epsilon_precision_eq_species": 0.14739580690968582,
      "median_abs_epsilon_precision_ECOLI": 0.17518451501461385,
      "median_abs_epsilon_precision_HUMAN": 0.13373879757001994,
      "median_abs_epsilon_precision_YEAST": 0.1332641081444237,
      "mean_log2_empirical_ECOLI": -2.0717396316617123,
      "mean_log2_empirical_HUMAN": -0.16905947843783917,
      "mean_log2_empirical_YEAST": 0.9413684518643878,
      "mean_abs_epsilon_precision_global": 0.22724315217956664,
      "mean_abs_epsilon_precision_eq_species": 0.26001387848705776,
      "mean_abs_epsilon_precision_ECOLI": 0.31851248294794615,
      "mean_abs_epsilon_precision_HUMAN": 0.22249309120766922,
      "mean_abs_epsilon_precision_YEAST": 0.23903606130555785,
      "CV_median": 0.12370706285394023,
      "CV_q75": 0.2656659744233098,
      "CV_q90": 0.47090972960180844,
      "CV_q95": 0.5893442782344561,
      "roc_auc": 0.9454613406743065,
      "roc_auc_directional": 0.9781183947012455,
      "nr_prec": 26584,
      "nr_prec_HUMAN": 21204,
      "nr_prec_YEAST": 4911,
      "nr_prec_ECOLI": 469,
      "variance_epsilon_global": 0.13295186464499553
    },
    "4": {
      "median_abs_epsilon_global": 0.1952917085970931,
      "median_abs_epsilon_eq_species": 0.2023897271705438,
      "median_abs_epsilon_ECOLI": 0.2500837799537301,
      "median_abs_epsilon_HUMAN": 0.20227496914189835,
      "median_abs_epsilon_YEAST": 0.1548104324160029,
      "mean_abs_epsilon_global": 0.29044623305560585,
      "mean_abs_epsilon_eq_species": 0.3253708381950382,
      "mean_abs_epsilon_ECOLI": 0.4103897860682517,
      "mean_abs_epsilon_HUMAN": 0.29106422786356745,
      "mean_abs_epsilon_YEAST": 0.2746585006532955,
      "median_log2_empirical_ECOLI": -2.113813401034081,
      "median_log2_empirical_HUMAN": -0.15720033638143072,
      "median_log2_empirical_YEAST": 0.9613764080549174,
      "median_abs_epsilon_precision_global": 0.14704688421600132,
      "median_abs_epsilon_precision_eq_species": 0.17201297813189775,
      "median_abs_epsilon_precision_ECOLI": 0.21974575917246852,
      "median_abs_epsilon_precision_HUMAN": 0.14452506399447707,
      "median_abs_epsilon_precision_YEAST": 0.15176811122874767,
      "mean_log2_empirical_ECOLI": -2.0343304118084,
      "mean_log2_empirical_HUMAN": -0.16910819110600842,
      "mean_log2_empirical_YEAST": 0.9274696036253643,
      "mean_abs_epsilon_precision_global": 0.25488030514067367,
      "mean_abs_epsilon_precision_eq_species": 0.30746903632971134,
      "mean_abs_epsilon_precision_ECOLI": 0.40167692431846386,
      "mean_abs_epsilon_precision_HUMAN": 0.2463442102523089,
      "mean_abs_epsilon_precision_YEAST": 0.2743859744183613,
      "CV_median": 0.12373730292220586,
      "CV_q75": 0.26930529509093293,
      "CV_q90": 0.4782051998809285,
      "CV_q95": 0.6043018821575002,
      "roc_auc": 0.9314172397063208,
      "roc_auc_directional": 0.9702446794071327,
      "nr_prec": 34201,
      "nr_prec_HUMAN": 27022,
      "nr_prec_YEAST": 6467,
      "nr_prec_ECOLI": 712,
      "variance_epsilon_global": 0.1733852539867281
    },
    "3": {
      "median_abs_epsilon_global": 0.20192796598324492,
      "median_abs_epsilon_eq_species": 0.21095261323497874,
      "median_abs_epsilon_ECOLI": 0.2614225318999992,
      "median_abs_epsilon_HUMAN": 0.2070214618239703,
      "median_abs_epsilon_YEAST": 0.16441384598096676,
      "mean_abs_epsilon_global": 0.30698761623563503,
      "mean_abs_epsilon_eq_species": 0.34315935442055806,
      "mean_abs_epsilon_ECOLI": 0.4272281538372438,
      "mean_abs_epsilon_HUMAN": 0.30660898427454325,
      "mean_abs_epsilon_YEAST": 0.29564092514988716,
      "median_log2_empirical_ECOLI": -2.1175559155620327,
      "median_log2_empirical_HUMAN": -0.15382717713653804,
      "median_log2_empirical_YEAST": 0.9592019489125612,
      "median_abs_epsilon_precision_global": 0.15765819301958572,
      "median_abs_epsilon_precision_eq_species": 0.1846162367340097,
      "median_abs_epsilon_precision_ECOLI": 0.2331819152646517,
      "median_abs_epsilon_precision_HUMAN": 0.15489212577218936,
      "median_abs_epsilon_precision_YEAST": 0.16577466916518802,
      "mean_log2_empirical_ECOLI": -2.0371917560319073,
      "mean_log2_empirical_HUMAN": -0.16336695477277965,
      "mean_log2_empirical_YEAST": 0.9177284301912914,
      "mean_abs_epsilon_precision_global": 0.27473106422240234,
      "mean_abs_epsilon_precision_eq_species": 0.32679058311440917,
      "mean_abs_epsilon_precision_ECOLI": 0.4180702026756831,