{
  "old_new": "new",
  "id": "i2MassChroQ_20250610_112700",
  "software_name": "i2MassChroQ",
  "software_version": "1.2.1",
  "search_engine": "X!Tandem",
  "search_engine_version": "nan",
  "ident_fdr_psm": "0.00969835888743",
  "ident_fdr_peptide": "0.0132251725326",
  "ident_fdr_protein": "0.00859598853868",
  "enable_match_between_runs": false,
  "precursor_mass_tolerance": "[-10 ppm, 10 ppm]",
  "fragment_mass_tolerance": "[-0.02 Da, 0.02 Da]",
  "enzyme": "[RK]|{P}",
  "allowed_miscleavages": "2",
  "min_peptide_length": null,
  "max_peptide_length": null,
  "is_temporary": false,
  "intermediate_hash": "982740480e3e36433d6691e3588bc4c2acea4430",
  "results": {
    "6": {
      "median_abs_epsilon": 0.18016435386781637,
      "mean_abs_epsilon": 0.24925988632812168,
      "variance_epsilon": 0.11012410031345037,
      "nr_prec": 18241,
      "CV_median": 0.1256791511318708,
      "CV_q90": 0.4634968258321642,
      "CV_q75": 0.2669173316808849,
      "CV_q95": 0.570038533269708
    },
    "5": {
      "median_abs_epsilon": 0.18609611889334055,
      "mean_abs_epsilon": 0.2667691009838038,
      "variance_epsilon": 0.13383727852484228,
      "nr_prec": 26900,
      "CV_median": 0.12405526196664407,
      "CV_q90": 0.4724274640125019,
      "CV_q75": 0.26708671661067473,
      "CV_q95": 0.5905192620564705
    },
    "4": {
      "median_abs_epsilon": 0.1953956077276615,
      "mean_abs_epsilon": 0.29107938245951404,
      "variance_epsilon": 0.1739051195861292,
      "nr_prec": 34546,
      "CV_median": 0.12404401480486583,
      "CV_q90": 0.4797015385688085,
      "CV_q75": 0.2707373609353504,
      "CV_q95": 0.6051833840277737
    },
    "3": {
      "median_abs_epsilon": 0.20210263784261073,
      "mean_abs_epsilon": 0.3075490538868315,
      "variance_epsilon": 0.20362410888587373,
      "nr_prec": 42794,
      "CV_median": 0.12416148795992946,
      "CV_q90": 0.48162382126905934,
      "CV_q75": 0.2705466351312451,
      "CV_q95": 0.6115552977240923
    },
    "2": {
      "median_abs_epsilon": 0.2060957203063083,
      "mean_abs_epsilon": 0.3221870577075626,
      "variance_epsilon": 0.24141458497490756,
      "nr_prec": 52118,
      "CV_median": 0.12405859122409454,
      "CV_q90": 0.4832532059459702,
      "CV_q75": 0.2703936063065593,
      "CV_q95": 0.6171183514891871
    },
    "1": {
      "median_abs_epsilon": 0.2060957203063083,
      "mean_abs_epsilon": 0.3221870577075626,
      "variance_epsilon": 0.24141458497490756,
      "nr_prec": 64352,
      "CV_median": 0.12405859122409454,
      "CV_q90": 0.4832532059459702,
      "CV_q75": 0.2703936063065593,
      "CV_q95": 0.6171183514891871
    }
  },
  "median_abs_epsilon": 0.20210263784261073,
  "mean_abs_epsilon": 0.3075490538868315,
  "nr_prec": 42794,
  "comments": "",
  "proteobench_version": "0.8.23",
  "color": "#108E2E",
  "hover_text": "ProteoBench ID: i2MassChroQ_20250610_112700<br>Software tool: i2MassChroQ <br>Comment (private submission): ...",
  "scatter_size": 20,
  "fixed_mods": "57.02146@C",
  "variable_mods": "15.99491@M;Acetyl(N-term);Pyrolidone(N-term)",
  "max_mods": null,
  "min_precursor_charge": null,
  "max_precursor_charge": "4",
  "quantification_method": "nan",
  "protein_inference": "nan",
  "abundance_normalization_ions": "nan",
  "submission_comments": "NO MBR, MassChroQ 3.0\n\n ### No parameter changes detected. \n\n\nDataset URL: https://proteobench.cubimed.rub.de/datasets/982740480e3e36433d6691e3588bc4c2acea4430/"
}