{
  "old_new": "new",
  "id": "MaxQuant_20260309_101344",
  "software_name": "MaxQuant",
  "software_version": "2.1.3.0",
  "search_engine": "Andromeda",
  "search_engine_version": NaN,
  "ident_fdr_psm": 0.01,
  "ident_fdr_peptide": null,
  "ident_fdr_protein": 0.01,
  "enable_match_between_runs": true,
  "precursor_mass_tolerance": "[-4.5 ppm, 4.5 ppm]",
  "fragment_mass_tolerance": "[-20 ppm, 20 ppm]",
  "enzyme": "Trypsin/P",
  "allowed_miscleavages": 1,
  "min_peptide_length": 7,
  "max_peptide_length": null,
  "is_temporary": false,
  "intermediate_hash": "9c79dec838fe1a0c56e3cf82b6b8877f406db6bb",
  "results": {
    "6": {
      "median_abs_epsilon_global": 0.17106271262539074,
      "median_abs_epsilon_eq_species": 0.19633397354673932,
      "median_abs_epsilon_ECOLI": 0.23353598383186025,
      "median_abs_epsilon_HUMAN": 0.16550810014344464,
      "median_abs_epsilon_YEAST": 0.18995783666491306,
      "mean_abs_epsilon_global": 0.22610335622834468,
      "mean_abs_epsilon_eq_species": 0.288542359291694,
      "mean_abs_epsilon_ECOLI": 0.40563237796066587,
      "mean_abs_epsilon_HUMAN": 0.21779070426077018,
      "mean_abs_epsilon_YEAST": 0.24220399565364586,
      "median_log2_empirical_ECOLI": -1.8042055738756453,
      "median_log2_empirical_HUMAN": 0.07973628684665357,
      "median_log2_empirical_YEAST": 1.1236855790853078,
      "median_abs_epsilon_precision_global": 0.1507219311990955,
      "median_abs_epsilon_precision_eq_species": 0.16150687850780857,
      "median_abs_epsilon_precision_ECOLI": 0.18292362240527638,
      "median_abs_epsilon_precision_HUMAN": 0.14975032065372496,
      "median_abs_epsilon_precision_YEAST": 0.1518466924644244,
      "mean_log2_empirical_ECOLI": -1.6980399046105488,
      "mean_log2_empirical_HUMAN": 0.06406545954037526,
      "mean_log2_empirical_YEAST": 1.0913356203747657,
      "mean_abs_epsilon_precision_global": 0.21281504458439351,
      "mean_abs_epsilon_precision_eq_species": 0.26483103714886597,
      "mean_abs_epsilon_precision_ECOLI": 0.367831998991741,
      "mean_abs_epsilon_precision_HUMAN": 0.20747041005982822,
      "mean_abs_epsilon_precision_YEAST": 0.21919070239502852,
      "CV_median": 0.2126188076268246,
      "CV_q75": 0.29434913297817145,
      "CV_q90": 0.4268605715010729,
      "CV_q95": 0.5289352618838912,
      "roc_auc": 0.9776628408742721,
      "roc_auc_directional": 0.9723983762886765,
      "nr_prec": 24830,
      "nr_prec_HUMAN": 19582,
      "nr_prec_YEAST": 4769,
      "nr_prec_ECOLI": 479,
      "variance_epsilon_global": 0.10675801339329814
    },
    "5": {
      "median_abs_epsilon_global": 0.18512728942291545,
      "median_abs_epsilon_eq_species": 0.21971275162607404,
      "median_abs_epsilon_ECOLI": 0.27631448980977424,
      "median_abs_epsilon_HUMAN": 0.17826175504474406,
      "median_abs_epsilon_YEAST": 0.20456201002370378,
      "mean_abs_epsilon_global": 0.255299506474069,
      "mean_abs_epsilon_eq_species": 0.3257827418224748,
      "mean_abs_epsilon_ECOLI": 0.458135082037963,
      "mean_abs_epsilon_HUMAN": 0.24424063685756242,
      "mean_abs_epsilon_YEAST": 0.274972506571899,
      "median_log2_empirical_ECOLI": -1.7664640161681398,
      "median_log2_empirical_HUMAN": 0.07864664274200273,
      "median_log2_empirical_YEAST": 1.1021612659241349,
      "median_abs_epsilon_precision_global": 0.16734183035645245,
      "median_abs_epsilon_precision_eq_species": 0.1907156786733554,
      "median_abs_epsilon_precision_ECOLI": 0.2317256806034429,
      "median_abs_epsilon_precision_HUMAN": 0.1639707546491458,
      "median_abs_epsilon_precision_YEAST": 0.17645060076747754,
      "mean_log2_empirical_ECOLI": -1.6760098002244999,
      "mean_log2_empirical_HUMAN": 0.06307753436672782,
      "mean_log2_empirical_YEAST": 1.063942839773038,
      "mean_abs_epsilon_precision_global": 0.24414768423770808,
      "mean_abs_epsilon_precision_eq_species": 0.29930168942902385,
      "mean_abs_epsilon_precision_ECOLI": 0.40077483104137646,
      "mean_abs_epsilon_precision_HUMAN": 0.23486387289827926,
      "mean_abs_epsilon_precision_YEAST": 0.2622663643474158,
      "CV_median": 0.21483390057060825,
      "CV_q75": 0.3060061828283297,
      "CV_q90": 0.449843983467462,
      "CV_q95": 0.558996695763804,
      "roc_auc": 0.9645902948293111,
      "roc_auc_directional": 0.9686889784668322,
      "nr_prec": 32208,
      "nr_prec_HUMAN": 25082,
      "nr_prec_YEAST": 6377,
      "nr_prec_ECOLI": 749,
      "variance_epsilon_global": 0.14467197627157513
    },
    "4": {
      "median_abs_epsilon_global": 0.1972404322010295,
      "median_abs_epsilon_eq_species": 0.25143520734885466,
      "median_abs_epsilon_ECOLI": 0.34498585685199146,
      "median_abs_epsilon_HUMAN": 0.18891474509647388,
      "median_abs_epsilon_YEAST": 0.2204050200980987,
      "mean_abs_epsilon_global": 0.2868469232602908,
      "mean_abs_epsilon_eq_species": 0.3781133690728306,
      "mean_abs_epsilon_ECOLI": 0.5497060868340181,
      "mean_abs_epsilon_HUMAN": 0.2699535595847791,
      "mean_abs_epsilon_YEAST": 0.3146804607996946,
      "median_log2_empirical_ECOLI": -1.7256517034551742,
      "median_log2_empirical_HUMAN": 0.07853470890568559,
      "median_log2_empirical_YEAST": 1.0849363391267275,
      "median_abs_epsilon_precision_global": 0.1815496891433792,
      "median_abs_epsilon_precision_eq_species": 0.21913062196725974,
      "median_abs_epsilon_precision_ECOLI": 0.28448528587295385,
      "median_abs_epsilon_precision_HUMAN": 0.1746988172272026,
      "median_abs_epsilon_precision_YEAST": 0.19820776280162278,
      "mean_log2_empirical_ECOLI": -1.6109475477713564,
      "mean_log2_empirical_HUMAN": 0.060481876667248746,
      "mean_log2_empirical_YEAST": 1.0401658359744006,
      "mean_abs_epsilon_precision_global": 0.27689219116253483,
      "mean_abs_epsilon_precision_eq_species": 0.35004489660001287,
      "mean_abs_epsilon_precision_ECOLI": 0.4807334704997354,
      "mean_abs_epsilon_precision_HUMAN": 0.2611934558756989,
      "mean_abs_epsilon_precision_YEAST": 0.3082077634246042,
      "CV_median": 0.21625549414352618,
      "CV_q75": 0.3120683901042234,
      "CV_q90": 0.462981840225813,
      "CV_q95": 0.5766692222238918,
      "roc_auc": 0.9457098680571684,
      "roc_auc_directional": 0.9565526932242858,
      "nr_prec": 38118,
      "nr_prec_HUMAN": 29254,
      "nr_prec_YEAST": 7811,
      "nr_prec_ECOLI": 1053,
      "variance_epsilon_global": 0.19538285284310464
    },
    "3": {
      "median_abs_epsilon_global": 0.2070172911508994,
      "median_abs_epsilon_eq_species": 0.26625471992029465,
      "median_abs_epsilon_ECOLI": 0.3722817333654529,
      "median_abs_epsilon_HUMAN": 0.198128015827848,
      "median_abs_epsilon_YEAST": 0.228354410567583,
      "mean_abs_epsilon_global": 0.30841727571181116,
      "mean_abs_epsilon_eq_species": 0.40218966576292026,
      "mean_abs_epsilon_ECOLI": 0.5798718971558485,
      "mean_abs_epsilon_HUMAN": 0.29176475134070673,
      "mean_abs_epsilon_YEAST": 0.3349323487922057,
      "median_log2_empirical_ECOLI": -1.7141414006819264,
      "median_log2_empirical_HUMAN": 0.07872192464013494,
      "median_log2_empirical_YEAST": 1.0754057085583106,
      "median_abs_epsilon_precision_global": 0.19119775816490048,
      "median_abs_epsilon_precision_eq_species": 0.23078807287183464,
      "median_abs_epsilon_precision_ECOLI": 0.2999562410398884,
      "median_abs_epsilon_precision_HUMAN": 0.1841614189890226,
      "median_abs_epsilon_precision_YEAST": 0.2082465585865929,
      "mean_log2_empirical_ECOLI": -1.5901540708271549,
      "mean_log2_empirical_HUMAN": 0.059442959970516705,
      "mean_log2_empirical_YEAST": 1.0291521578832465,
      "mean_abs_epsilon_precision_global": 0.29908586843593116,
      "mean_abs_epsilon_precision_eq_species": 0.37315008581946874,
      "mean_abs_epsilon_precision_ECOLI": 0.5054468860416363,
      "mean_abs_epsilon_precision_HUMAN": 0.28344908426201115,