{
  "old_new": "new",
  "id": "PEAKS_20250605_153848",
  "software_name": "PEAKS",
  "software_version": "13 20250520",
  "search_engine": "PEAKS",
  "search_engine_version": "13 20250520",
  "ident_fdr_psm": "1.0%",
  "ident_fdr_peptide": null,
  "ident_fdr_protein": null,
  "enable_match_between_runs": false,
  "precursor_mass_tolerance": "10.00ppm",
  "fragment_mass_tolerance": "0.02Da",
  "enzyme": "Trypsin",
  "allowed_miscleavages": "2",
  "min_peptide_length": "7",
  "max_peptide_length": "45",
  "is_temporary": false,
  "intermediate_hash": "9d1361331b165d6cc779ccf614419eb77057f573",
  "results": {
    "6": {
      "median_abs_epsilon": 0.26515618931727936,
      "mean_abs_epsilon": 0.4768802674810981,
      "variance_epsilon": 0.568336989422165,
      "nr_prec": 64448,
      "CV_median": 0.2018787032955111,
      "CV_q90": 0.7141690500753256,
      "CV_q75": 0.42419589031888394,
      "CV_q95": 0.8557558939053361
    },
    "5": {
      "median_abs_epsilon": 0.27694391808999086,
      "mean_abs_epsilon": 0.4938052533883947,
      "variance_epsilon": 0.6021469914496737,
      "nr_prec": 68502,
      "CV_median": 0.21062617436733333,
      "CV_q90": 0.7361944720821034,
      "CV_q75": 0.44247177412638644,
      "CV_q95": 0.874567146577685
    },
    "4": {
      "median_abs_epsilon": 0.2854838336447987,
      "mean_abs_epsilon": 0.5079902007937819,
      "variance_epsilon": 0.638771935267857,
      "nr_prec": 71302,
      "CV_median": 0.21458110381185472,
      "CV_q90": 0.7446703524320115,
      "CV_q75": 0.45043604109923707,
      "CV_q95": 0.8843273782538075
    },
    "3": {
      "median_abs_epsilon": 0.2892872157464961,
      "mean_abs_epsilon": 0.5161300909980253,
      "variance_epsilon": 0.6634459644924015,
      "nr_prec": 73321,
      "CV_median": 0.21647327291218776,
      "CV_q90": 0.7476413839335115,
      "CV_q75": 0.4538350265902702,
      "CV_q95": 0.8893526223841693
    },
    "2": {
      "median_abs_epsilon": 0.2905163555008379,
      "mean_abs_epsilon": 0.5190073656522196,
      "variance_epsilon": 0.6738130655829382,
      "nr_prec": 74502,
      "CV_median": 0.21676376818521795,
      "CV_q90": 0.7482226652896745,
      "CV_q75": 0.4543390890787323,
      "CV_q95": 0.890018308521878
    },
    "1": {
      "median_abs_epsilon": 0.2905163555008379,
      "mean_abs_epsilon": 0.5190073656522196,
      "variance_epsilon": 0.6738130655829382,
      "nr_prec": 75022,
      "CV_median": 0.21676376818521795,
      "CV_q90": 0.7482226652896745,
      "CV_q75": 0.4543390890787323,
      "CV_q95": 0.890018308521878
    }
  },
  "median_abs_epsilon": 0.2892872157464961,
  "mean_abs_epsilon": 0.5161300909980253,
  "nr_prec": 73321,
  "comments": "",
  "proteobench_version": "0.8.19",
  "color": "#d30067",
  "hover_text": "ProteoBench ID: PEAKS_20250605_153848<br>Software tool: PEAKS <br>Comment (private submission): ...",
  "scatter_size": 40,
  "fixed_mods": "Carbamidomethylation (+57.02)",
  "variable_mods": "Acetylation (Protein N-term) (+42.01) ,Oxidation (M) (+15.99)",
  "max_mods": "1",
  "min_precursor_charge": "1",
  "max_precursor_charge": "5",
  "quantification_method": "Identification Directed Quantification",
  "protein_inference": null,
  "abundance_normalization_ions": "Use TIC",
  "submission_comments": "\n\n ### No parameter changes detected. \n\n\nDataset URL: https://proteobench.cubimed.rub.de/datasets/9d1361331b165d6cc779ccf614419eb77057f573/"
}