{
  "old_new": "new",
  "id": "PEAKS_20250605_153848",
  "software_name": "PEAKS",
  "software_version": "13 20250520",
  "search_engine": "PEAKS",
  "search_engine_version": "13 20250520",
  "ident_fdr_psm": "1.0%",
  "ident_fdr_peptide": null,
  "ident_fdr_protein": null,
  "enable_match_between_runs": false,
  "precursor_mass_tolerance": "10.00ppm",
  "fragment_mass_tolerance": "0.02Da",
  "enzyme": "Trypsin",
  "allowed_miscleavages": 2,
  "min_peptide_length": 7,
  "max_peptide_length": 45,
  "is_temporary": false,
  "intermediate_hash": "9d1361331b165d6cc779ccf614419eb77057f573",
  "results": {
    "6": {
      "median_abs_epsilon_global": 0.2654658278129922,
      "median_abs_epsilon_eq_species": 0.4195879236305527,
      "median_abs_epsilon_ECOLI": 0.6854217675734269,
      "median_abs_epsilon_HUMAN": 0.24264896632607602,
      "median_abs_epsilon_YEAST": 0.33069303699215524,
      "mean_abs_epsilon_global": 0.4770279856526978,
      "mean_abs_epsilon_eq_species": 0.6440640050948598,
      "mean_abs_epsilon_ECOLI": 0.9492000419907257,
      "mean_abs_epsilon_HUMAN": 0.43470901592023703,
      "mean_abs_epsilon_YEAST": 0.5482829573736169,
      "median_log2_empirical_ECOLI": -2.028214474417851,
      "median_log2_empirical_HUMAN": -0.12019592620205088,
      "median_log2_empirical_YEAST": 1.0943023841007786,
      "median_abs_epsilon_precision_global": 0.2410316800425143,
      "median_abs_epsilon_precision_eq_species": 0.4011437676801594,
      "median_abs_epsilon_precision_ECOLI": 0.6810689110006223,
      "median_abs_epsilon_precision_HUMAN": 0.21674062553344697,
      "median_abs_epsilon_precision_YEAST": 0.30562176650640893,
      "mean_log2_empirical_ECOLI": -1.766712192837076,
      "mean_log2_empirical_HUMAN": -0.1389300279370452,
      "mean_log2_empirical_YEAST": 1.060264404422805,
      "mean_abs_epsilon_precision_global": 0.4601444847162166,
      "mean_abs_epsilon_precision_eq_species": 0.6426755744262285,
      "mean_abs_epsilon_precision_ECOLI": 0.9753510820192534,
      "mean_abs_epsilon_precision_HUMAN": 0.4136492826459693,
      "mean_abs_epsilon_precision_YEAST": 0.5390263586134626,
      "CV_median": 0.2019236170220099,
      "CV_q75": 0.424275728942744,
      "CV_q90": 0.7143474572167396,
      "CV_q95": 0.8558832580612221,
      "roc_auc": 0.8653534125530369,
      "roc_auc_directional": 0.8877624397819643,
      "nr_prec": 63915,
      "nr_prec_HUMAN": 48095,
      "nr_prec_YEAST": 13555,
      "nr_prec_ECOLI": 2265,
      "variance_epsilon_global": 0.5687132796794182
    },
    "5": {
      "median_abs_epsilon_global": 0.2772433869436526,
      "median_abs_epsilon_eq_species": 0.4357101750822441,
      "median_abs_epsilon_ECOLI": 0.709666560698599,
      "median_abs_epsilon_HUMAN": 0.25129987686693767,
      "median_abs_epsilon_YEAST": 0.34616408768119555,
      "mean_abs_epsilon_global": 0.49398699227187864,
      "mean_abs_epsilon_eq_species": 0.6619358823219222,
      "mean_abs_epsilon_ECOLI": 0.970091186022505,
      "mean_abs_epsilon_HUMAN": 0.44855092676605585,
      "mean_abs_epsilon_YEAST": 0.5671655341772057,
      "median_log2_empirical_ECOLI": -1.974280023591401,
      "median_log2_empirical_HUMAN": -0.11988853614992756,
      "median_log2_empirical_YEAST": 1.0897716417190715,
      "median_abs_epsilon_precision_global": 0.25389514142960046,
      "median_abs_epsilon_precision_eq_species": 0.42041428017494314,
      "median_abs_epsilon_precision_ECOLI": 0.7108324557310581,
      "median_abs_epsilon_precision_HUMAN": 0.22708854003543522,
      "median_abs_epsilon_precision_YEAST": 0.32332184475833614,
      "mean_log2_empirical_ECOLI": -1.7167927110947327,
      "mean_log2_empirical_HUMAN": -0.13727139302771346,
      "mean_log2_empirical_YEAST": 1.0469622157444642,
      "mean_abs_epsilon_precision_global": 0.4780839510551201,
      "mean_abs_epsilon_precision_eq_species": 0.6603361041022365,
      "mean_abs_epsilon_precision_ECOLI": 0.9927622499814814,
      "mean_abs_epsilon_precision_HUMAN": 0.42811410076552775,
      "mean_abs_epsilon_precision_YEAST": 0.5601319615597002,
      "CV_median": 0.21069367830216898,
      "CV_q75": 0.4425031097780298,
      "CV_q90": 0.7362544877993775,
      "CV_q95": 0.8747993013898173,
      "roc_auc": 0.8565651525490369,
      "roc_auc_directional": 0.8807447057010751,
      "nr_prec": 67949,
      "nr_prec_HUMAN": 50678,
      "nr_prec_YEAST": 14693,
      "nr_prec_ECOLI": 2578,
      "variance_epsilon_global": 0.6026520961926092
    },
    "4": {
      "median_abs_epsilon_global": 0.2857603125351984,
      "median_abs_epsilon_eq_species": 0.44851545903937584,
      "median_abs_epsilon_ECOLI": 0.7307924053446069,
      "median_abs_epsilon_HUMAN": 0.2582095591939044,
      "median_abs_epsilon_YEAST": 0.3565444125796162,
      "mean_abs_epsilon_global": 0.5081514163830136,
      "mean_abs_epsilon_eq_species": 0.6820925291626098,
      "mean_abs_epsilon_ECOLI": 1.003920411065685,
      "mean_abs_epsilon_HUMAN": 0.45892944399648966,
      "mean_abs_epsilon_YEAST": 0.5834277324256548,
      "median_log2_empirical_ECOLI": -1.9094757124771355,
      "median_log2_empirical_HUMAN": -0.12036859962758584,
      "median_log2_empirical_YEAST": 1.0847488814244173,
      "median_abs_epsilon_precision_global": 0.26391688279528047,
      "median_abs_epsilon_precision_eq_species": 0.4354854780566824,
      "median_abs_epsilon_precision_ECOLI": 0.7342996402218338,
      "median_abs_epsilon_precision_HUMAN": 0.23354512749531509,
      "median_abs_epsilon_precision_YEAST": 0.3386116664528984,
      "mean_log2_empirical_ECOLI": -1.6548912683787635,
      "mean_log2_empirical_HUMAN": -0.13637470252319597,
      "mean_log2_empirical_YEAST": 1.0345837505464939,
      "mean_abs_epsilon_precision_global": 0.49270964776647735,
      "mean_abs_epsilon_precision_eq_species": 0.679042171054591,
      "mean_abs_epsilon_precision_ECOLI": 1.0200679630352605,
      "mean_abs_epsilon_precision_HUMAN": 0.4387204619944875,
      "mean_abs_epsilon_precision_YEAST": 0.5783380881340251,
      "CV_median": 0.2146518567763961,
      "CV_q75": 0.4504777350196277,
      "CV_q90": 0.7447914405799545,
      "CV_q95": 0.884601950922562,
      "roc_auc": 0.8501469503523768,
      "roc_auc_directional": 0.8737245869004322,
      "nr_prec": 70726,
      "nr_prec_HUMAN": 52457,
      "nr_prec_YEAST": 15399,
      "nr_prec_ECOLI": 2870,
      "variance_epsilon_global": 0.6393153628606785
    },
    "3": {
      "median_abs_epsilon_global": 0.2894848916080974,
      "median_abs_epsilon_eq_species": 0.45437653922103927,
      "median_abs_epsilon_ECOLI": 0.7410128780059644,
      "median_abs_epsilon_HUMAN": 0.2616575021443275,
      "median_abs_epsilon_YEAST": 0.36045923751282594,
      "mean_abs_epsilon_global": 0.5163294640733928,
      "mean_abs_epsilon_eq_species": 0.6932227004613628,
      "mean_abs_epsilon_ECOLI": 1.0207110145181562,
      "mean_abs_epsilon_HUMAN": 0.4666327504831181,
      "mean_abs_epsilon_YEAST": 0.5923243363828145,
      "median_log2_empirical_ECOLI": -1.8974453721809752,
      "median_log2_empirical_HUMAN": -0.11944275906227908,
      "median_log2_empirical_YEAST": 1.0819811292739683,
      "median_abs_epsilon_precision_global": 0.2684483069090682,
      "median_abs_epsilon_precision_eq_species": 0.4408796727366635,
      "median_abs_epsilon_precision_ECOLI": 0.7410934297334499,
      "median_abs_epsilon_precision_HUMAN": 0.2374770300278115,
      "median_abs_epsilon_precision_YEAST": 0.3440685584487291,
      "mean_log2_empirical_ECOLI": -1.6322735079773314,
      "mean_log2_empirical_HUMAN": -0.13403316880029437,
      "mean_log2_empirical_YEAST": 1.028262721949593,
      "mean_abs_epsilon_precision_global": 0.5014246617610114,
      "mean_abs_epsilon_precision_eq_species": 0.690578759159162,
      "mean_abs_epsilon_precision_ECOLI": 1.036660927845226,
      "mean_abs_epsilon_precision_HUMAN": 0.44689829729886227,
      "mean_abs_epsilon_precision_YEAST": 0.5881770523333978,