{
  "old_new": "new",
  "id": "MaxQuant_20260309_101608",
  "software_name": "MaxQuant",
  "software_version": "2.1.4.0",
  "search_engine": "Andromeda",
  "search_engine_version": NaN,
  "ident_fdr_psm": 0.01,
  "ident_fdr_peptide": null,
  "ident_fdr_protein": 0.01,
  "enable_match_between_runs": false,
  "precursor_mass_tolerance": "[-4.5 ppm, 4.5 ppm]",
  "fragment_mass_tolerance": "[-20 ppm, 20 ppm]",
  "enzyme": "Trypsin/P",
  "allowed_miscleavages": 1,
  "min_peptide_length": 7,
  "max_peptide_length": null,
  "is_temporary": false,
  "intermediate_hash": "a0a796f97503dfb081ff5d743eb30d1dcd3f02ee",
  "results": {
    "6": {
      "median_abs_epsilon_global": 0.15691297614180755,
      "median_abs_epsilon_eq_species": 0.16957755751211265,
      "median_abs_epsilon_ECOLI": 0.17776027995831356,
      "median_abs_epsilon_HUMAN": 0.15161158829210386,
      "median_abs_epsilon_YEAST": 0.1793608042859205,
      "mean_abs_epsilon_global": 0.19827199178170815,
      "mean_abs_epsilon_eq_species": 0.22766664519001975,
      "mean_abs_epsilon_ECOLI": 0.27305907391840084,
      "mean_abs_epsilon_HUMAN": 0.19222897188455618,
      "mean_abs_epsilon_YEAST": 0.21771188976710218,
      "median_log2_empirical_ECOLI": -1.8688248992516119,
      "median_log2_empirical_HUMAN": 0.05992006467373123,
      "median_log2_empirical_YEAST": 1.1276198231264232,
      "median_abs_epsilon_precision_global": 0.14177437273757576,
      "median_abs_epsilon_precision_eq_species": 0.1490993510398706,
      "median_abs_epsilon_precision_ECOLI": 0.1669111532494334,
      "median_abs_epsilon_precision_HUMAN": 0.1421755634463988,
      "median_abs_epsilon_precision_YEAST": 0.13821133642377958,
      "mean_log2_empirical_ECOLI": -1.7958377566987784,
      "mean_log2_empirical_HUMAN": 0.04387539748986667,
      "mean_log2_empirical_YEAST": 1.0986813577828054,
      "mean_abs_epsilon_precision_global": 0.1881333519144695,
      "mean_abs_epsilon_precision_eq_species": 0.2102629500343851,
      "mean_abs_epsilon_precision_ECOLI": 0.2533949676853831,
      "mean_abs_epsilon_precision_HUMAN": 0.18616745244125912,
      "mean_abs_epsilon_precision_YEAST": 0.191226429976513,
      "CV_median": 0.2040453613296312,
      "CV_q75": 0.2786142599042297,
      "CV_q90": 0.39155896045676253,
      "CV_q95": 0.4879059789527137,
      "roc_auc": 0.9881273874447656,
      "roc_auc_directional": 0.983260446494759,
      "nr_prec": 13493,
      "nr_prec_HUMAN": 10732,
      "nr_prec_YEAST": 2559,
      "nr_prec_ECOLI": 202,
      "variance_epsilon_global": 0.08099005719019782
    },
    "5": {
      "median_abs_epsilon_global": 0.16811599745413375,
      "median_abs_epsilon_eq_species": 0.1899469202614957,
      "median_abs_epsilon_ECOLI": 0.2180830058848997,
      "median_abs_epsilon_HUMAN": 0.16265720511115944,
      "median_abs_epsilon_YEAST": 0.18910054978842794,
      "mean_abs_epsilon_global": 0.2161129331423553,
      "mean_abs_epsilon_eq_species": 0.24574376566528458,
      "mean_abs_epsilon_ECOLI": 0.2921689490504748,
      "mean_abs_epsilon_HUMAN": 0.209743876318909,
      "mean_abs_epsilon_YEAST": 0.23531847162646988,
      "median_log2_empirical_ECOLI": -1.8266320710216242,
      "median_log2_empirical_HUMAN": 0.06256102863605761,
      "median_log2_empirical_YEAST": 1.1116287174269068,
      "median_abs_epsilon_precision_global": 0.15376683311600203,
      "median_abs_epsilon_precision_eq_species": 0.16260257339664244,
      "median_abs_epsilon_precision_ECOLI": 0.17867459230081906,
      "median_abs_epsilon_precision_HUMAN": 0.15267479003350104,
      "median_abs_epsilon_precision_YEAST": 0.15645833785560725,
      "mean_log2_empirical_ECOLI": -1.7880556261537701,
      "mean_log2_empirical_HUMAN": 0.04803247712056144,
      "mean_log2_empirical_YEAST": 1.0757838781923352,
      "mean_abs_epsilon_precision_global": 0.20709038441115843,
      "mean_abs_epsilon_precision_eq_species": 0.22504317987921554,
      "mean_abs_epsilon_precision_ECOLI": 0.25362628438626406,
      "mean_abs_epsilon_precision_HUMAN": 0.2033641809086835,
      "mean_abs_epsilon_precision_YEAST": 0.21813907434269914,
      "CV_median": 0.20370558622996482,
      "CV_q75": 0.28403513703563865,
      "CV_q90": 0.40403869097703426,
      "CV_q95": 0.5001167612398826,
      "roc_auc": 0.983825985987315,
      "roc_auc_directional": 0.9858209904091644,
      "nr_prec": 19649,
      "nr_prec_HUMAN": 15527,
      "nr_prec_YEAST": 3775,
      "nr_prec_ECOLI": 347,
      "variance_epsilon_global": 0.09685358024878016
    },
    "4": {
      "median_abs_epsilon_global": 0.18109787004509137,
      "median_abs_epsilon_eq_species": 0.20683915511523546,
      "median_abs_epsilon_ECOLI": 0.24517366762671244,
      "median_abs_epsilon_HUMAN": 0.1755249848281082,
      "median_abs_epsilon_YEAST": 0.19981881289088577,
      "mean_abs_epsilon_global": 0.23916955634559456,
      "mean_abs_epsilon_eq_species": 0.28258633879577694,
      "mean_abs_epsilon_ECOLI": 0.3561660797940033,
      "mean_abs_epsilon_HUMAN": 0.23067871946469506,
      "mean_abs_epsilon_YEAST": 0.26091421712863233,
      "median_log2_empirical_ECOLI": -1.7868507312575126,
      "median_log2_empirical_HUMAN": 0.06545876612975476,
      "median_log2_empirical_YEAST": 1.0908171811067646,
      "median_abs_epsilon_precision_global": 0.1684766323417577,
      "median_abs_epsilon_precision_eq_species": 0.18289021536016156,
      "median_abs_epsilon_precision_ECOLI": 0.2058967033020025,
      "median_abs_epsilon_precision_HUMAN": 0.1655040686027327,
      "median_abs_epsilon_precision_YEAST": 0.17726987417574946,
      "mean_log2_empirical_ECOLI": -1.7326708256975545,
      "mean_log2_empirical_HUMAN": 0.053584080495634796,
      "mean_log2_empirical_YEAST": 1.049943014899095,
      "mean_abs_epsilon_precision_global": 0.23112707167638352,
      "mean_abs_epsilon_precision_eq_species": 0.25998541861836083,
      "mean_abs_epsilon_precision_ECOLI": 0.30407845375202136,
      "mean_abs_epsilon_precision_HUMAN": 0.22404129558362146,
      "mean_abs_epsilon_precision_YEAST": 0.2518365065194397,
      "CV_median": 0.20324950923857557,
      "CV_q75": 0.28736973426343104,
      "CV_q90": 0.40873465653172725,
      "CV_q95": 0.50325533080891,
      "roc_auc": 0.9724766242350776,
      "roc_auc_directional": 0.9808879245442677,
      "nr_prec": 25126,
      "nr_prec_HUMAN": 19683,
      "nr_prec_YEAST": 4931,
      "nr_prec_ECOLI": 512,
      "variance_epsilon_global": 0.11825491993032845
    },
    "3": {
      "median_abs_epsilon_global": 0.19263081423635775,
      "median_abs_epsilon_eq_species": 0.2190627253690547,
      "median_abs_epsilon_ECOLI": 0.25786198359085155,
      "median_abs_epsilon_HUMAN": 0.18778767790610829,
      "median_abs_epsilon_YEAST": 0.21153851461020423,
      "mean_abs_epsilon_global": 0.25921031907833453,
      "mean_abs_epsilon_eq_species": 0.3050035636325128,
      "mean_abs_epsilon_ECOLI": 0.38428947856784806,
      "mean_abs_epsilon_HUMAN": 0.251214900211788,
      "mean_abs_epsilon_YEAST": 0.2795063121179024,
      "median_log2_empirical_ECOLI": -1.7703514724222504,
      "median_log2_empirical_HUMAN": 0.06851481252066449,
      "median_log2_empirical_YEAST": 1.0819180260742236,
      "median_abs_epsilon_precision_global": 0.1808830323963999,
      "median_abs_epsilon_precision_eq_species": 0.19463153807323863,
      "median_abs_epsilon_precision_ECOLI": 0.2172046841372577,
      "median_abs_epsilon_precision_HUMAN": 0.17789754587703044,
      "median_abs_epsilon_precision_YEAST": 0.18879238420542777,
      "mean_log2_empirical_ECOLI": -1.699408157837401,
      "mean_log2_empirical_HUMAN": 0.058860910587358005,
      "mean_log2_empirical_YEAST": 1.0412210365677979,
      "mean_abs_epsilon_precision_global": 0.251326842475092,
      "mean_abs_epsilon_precision_eq_species": 0.2814390897603803,
      "mean_abs_epsilon_precision_ECOLI": 0.32732135363704246,
      "mean_abs_epsilon_precision_HUMAN": 0.24427026999857324,