{
  "old_new": "new",
  "id": "MaxQuant_20250605_082248",
  "software_name": "MaxQuant",
  "software_version": "2.1.3.0",
  "search_engine": "Andromeda",
  "search_engine_version": NaN,
  "ident_fdr_psm": 0.01,
  "ident_fdr_peptide": NaN,
  "ident_fdr_protein": 0.01,
  "enable_match_between_runs": false,
  "precursor_mass_tolerance": "[-4.5 ppm, 4.5 ppm]",
  "fragment_mass_tolerance": "[-20 ppm, 20 ppm]",
  "enzyme": "Trypsin/P",
  "allowed_miscleavages": 1,
  "min_peptide_length": 7,
  "max_peptide_length": NaN,
  "is_temporary": false,
  "intermediate_hash": "a1140a31b414d7b3110ee9b9c0456cc4f1709782",
  "results": {
    "6": {
      "median_abs_epsilon_global": 0.15694389499241268,
      "median_abs_epsilon_eq_species": 0.16958503625872487,
      "median_abs_epsilon_ECOLI": 0.17776027995831356,
      "median_abs_epsilon_HUMAN": 0.1516287649665422,
      "median_abs_epsilon_YEAST": 0.1793660638513188,
      "mean_abs_epsilon_global": 0.19835019897693362,
      "mean_abs_epsilon_eq_species": 0.22776468415671705,
      "mean_abs_epsilon_ECOLI": 0.27305907391840084,
      "mean_abs_epsilon_HUMAN": 0.19226582967188688,
      "mean_abs_epsilon_YEAST": 0.21796914887986346,
      "median_log2_empirical_ECOLI": -1.8688248992516119,
      "median_log2_empirical_HUMAN": 0.0599009713734695,
      "median_log2_empirical_YEAST": 1.1275579663756758,
      "median_abs_epsilon_precision_global": 0.14182529124106935,
      "median_abs_epsilon_precision_eq_species": 0.14919110768994415,
      "median_abs_epsilon_precision_ECOLI": 0.1669111532494334,
      "median_abs_epsilon_precision_HUMAN": 0.14218930163198706,
      "median_abs_epsilon_precision_YEAST": 0.13847286818841198,
      "mean_log2_empirical_ECOLI": -1.7958377566987784,
      "mean_log2_empirical_HUMAN": 0.04380668974269168,
      "mean_log2_empirical_YEAST": 1.09830050755772,
      "mean_abs_epsilon_precision_global": 0.18823611657892675,
      "mean_abs_epsilon_precision_eq_species": 0.2103943398384435,
      "mean_abs_epsilon_precision_ECOLI": 0.2533949676853831,
      "mean_abs_epsilon_precision_HUMAN": 0.1862140268267476,
      "mean_abs_epsilon_precision_YEAST": 0.19157402500319987,
      "CV_median": 0.20405210190935497,
      "CV_q75": 0.27862193904144267,
      "CV_q90": 0.3915153681019674,
      "CV_q95": 0.4878352171002107,
      "variance_epsilon_global": 0.0810832263703615,
      "nr_feature": 13497,
      "roc_auc": 0.9879148346024141
    },
    "5": {
      "median_abs_epsilon_global": 0.16817881709968674,
      "median_abs_epsilon_eq_species": 0.18997633220515198,
      "median_abs_epsilon_ECOLI": 0.2180830058848997,
      "median_abs_epsilon_HUMAN": 0.16271343788800507,
      "median_abs_epsilon_YEAST": 0.18913255284255115,
      "mean_abs_epsilon_global": 0.21640582042960224,
      "mean_abs_epsilon_eq_species": 0.2459950933782927,
      "mean_abs_epsilon_ECOLI": 0.2921689490504748,
      "mean_abs_epsilon_HUMAN": 0.20999134946906983,
      "mean_abs_epsilon_YEAST": 0.23582498161533347,
      "median_log2_empirical_ECOLI": -1.8266320710216242,
      "median_log2_empirical_HUMAN": 0.06263686374871469,
      "median_log2_empirical_YEAST": 1.1116114392906695,
      "median_abs_epsilon_precision_global": 0.15379526705135405,
      "median_abs_epsilon_precision_eq_species": 0.16260567095275627,
      "median_abs_epsilon_precision_ECOLI": 0.17867459230081906,
      "median_abs_epsilon_precision_HUMAN": 0.15264575114284895,
      "median_abs_epsilon_precision_YEAST": 0.15649666941460083,
      "mean_log2_empirical_ECOLI": -1.7880556261537701,
      "mean_log2_empirical_HUMAN": 0.04803064640833528,
      "mean_log2_empirical_YEAST": 1.0751126330433876,
      "mean_abs_epsilon_precision_global": 0.20740872693253784,
      "mean_abs_epsilon_precision_eq_species": 0.22533658819069347,
      "mean_abs_epsilon_precision_ECOLI": 0.25362628438626406,
      "mean_abs_epsilon_precision_HUMAN": 0.20361369683302444,
      "mean_abs_epsilon_precision_YEAST": 0.2187697833527919,
      "CV_median": 0.20374168081507918,
      "CV_q75": 0.2841388257916178,
      "CV_q90": 0.40419106307553465,
      "CV_q95": 0.5001567675214427,
      "variance_epsilon_global": 0.09726519664248341,
      "nr_feature": 19657,
      "roc_auc": 0.9835433437511688
    },
    "4": {
      "median_abs_epsilon_global": 0.18116036276125058,
      "median_abs_epsilon_eq_species": 0.20692784697546665,
      "median_abs_epsilon_ECOLI": 0.24526901751058006,
      "median_abs_epsilon_HUMAN": 0.17559768007945564,
      "median_abs_epsilon_YEAST": 0.19991684333636428,
      "mean_abs_epsilon_global": 0.2396811642033186,
      "mean_abs_epsilon_eq_species": 0.28418412489852524,
      "mean_abs_epsilon_ECOLI": 0.36002465613463414,
      "mean_abs_epsilon_HUMAN": 0.23109281158489323,
      "mean_abs_epsilon_YEAST": 0.2614349069760484,
      "median_log2_empirical_ECOLI": -1.7850828331422726,
      "median_log2_empirical_HUMAN": 0.0655798493875821,
      "median_log2_empirical_YEAST": 1.0905817651533205,
      "median_abs_epsilon_precision_global": 0.16855370322409158,
      "median_abs_epsilon_precision_eq_species": 0.18290739422312718,
      "median_abs_epsilon_precision_ECOLI": 0.20572212203606455,
      "median_abs_epsilon_precision_HUMAN": 0.1655560107656484,
      "median_abs_epsilon_precision_YEAST": 0.1774440498676686,
      "mean_log2_empirical_ECOLI": -1.7286390780011898,
      "mean_log2_empirical_HUMAN": 0.05386918830515826,
      "mean_log2_empirical_YEAST": 1.0489874866644726,
      "mean_abs_epsilon_precision_global": 0.23165974175292706,
      "mean_abs_epsilon_precision_eq_species": 0.2617374631040919,
      "mean_abs_epsilon_precision_ECOLI": 0.3082383947648553,
      "mean_abs_epsilon_precision_HUMAN": 0.22442903132343975,
      "mean_abs_epsilon_precision_YEAST": 0.25254496322398073,
      "CV_median": 0.2032593486293619,
      "CV_q75": 0.2874049344136462,
      "CV_q90": 0.40878257669905604,
      "CV_q95": 0.5035320701907724,
      "variance_epsilon_global": 0.11904860985354988,
      "nr_feature": 25147,
      "roc_auc": 0.9718625976706142
    },
    "3": {
      "median_abs_epsilon_global": 0.19283371751830103,
      "median_abs_epsilon_eq_species": 0.2192909325289989,
      "median_abs_epsilon_ECOLI": 0.258121098769557,
      "median_abs_epsilon_HUMAN": 0.187946317794788,
      "median_abs_epsilon_YEAST": 0.21180538102265167,
      "mean_abs_epsilon_global": 0.25985554779084485,
      "mean_abs_epsilon_eq_species": 0.30653760847677564,
      "mean_abs_epsilon_ECOLI": 0.3876480435660748,
      "mean_abs_epsilon_HUMAN": 0.2517819240862709,
      "mean_abs_epsilon_YEAST": 0.2801828577779811,
      "median_log2_empirical_ECOLI": -1.7701934862253736,
      "median_log2_empirical_HUMAN": 0.0686190303923091,
      "median_log2_empirical_YEAST": 1.0811032801898008,
      "median_abs_epsilon_precision_global": 0.18111818969549986,
      "median_abs_epsilon_precision_eq_species": 0.19486647707657193,
      "median_abs_epsilon_precision_ECOLI": 0.21747365821896736,
      "median_abs_epsilon_precision_HUMAN": 0.1781449803552526,
      "median_abs_epsilon_precision_YEAST": 0.18898079265549583,
      "mean_log2_empirical_ECOLI": -1.6959055349451893,
      "mean_log2_empirical_HUMAN": 0.059279811153314224,
      "mean_log2_empirical_YEAST": 1.0400459254035317,
      "mean_abs_epsilon_precision_global": 0.25199531232372724,
      "mean_abs_epsilon_precision_eq_species": 0.28315124624521143,
      "mean_abs_epsilon_precision_ECOLI": 0.3310382915025042,
      "mean_abs_epsilon_precision_HUMAN": 0.24480895481568285,
      "mean_abs_epsilon_precision_YEAST": 0.2736064924174472,
      "CV_median": 0.20325519127284133,
      "CV_q75": 0.29025840214463433,
      "CV_q90": 0.41314950489597346,
      "CV_q95": 0.5083259802370979,
      "variance_epsilon_global": 0.13767284840074517,
      "nr_feature": 31677,
      "roc_auc": 0.9614520875888967
    },
    "2": {
      "median_abs_epsilon_global": 0.19978638906275492,