{
    "id": "MaxQuant_20241216_122228",
    "old_new": "old",
    "software_name": "MaxQuant",
    "software_version": "2.1.3.0",
    "search_engine": "Andromeda",
    "search_engine_version": null,
    "ident_fdr_psm": null,
    "ident_fdr_peptide": 0.01,
    "ident_fdr_protein": 0.01,
    "enable_match_between_runs": false,
    "precursor_mass_tolerance": "[-4.5 ppm, 4.5 ppm]",
    "fragment_mass_tolerance": "[-20 ppm, 20 ppm]",
    "enzyme": "Trypsin/P",
    "allowed_miscleavages": 1,
    "min_peptide_length": 7.0,
    "max_peptide_length": null,
    "is_temporary": false,
    "intermediate_hash": "a1140a31b414d7b3110ee9b9c0456cc4f1709782",
    "results": {
        "6": {
            "median_abs_epsilon": 0.1575097639,
            "mean_abs_epsilon": 0.1998105942,
            "variance_epsilon": 0.0831658559,
            "nr_prec": 13766,
            "CV_median": 0.2043632164,
            "CV_q90": 0.395286694,
            "CV_q75": 0.2796211742,
            "CV_q95": 0.4911418964
        },
        "5": {
            "median_abs_epsilon": 0.1685369628,
            "mean_abs_epsilon": 0.2171316009,
            "variance_epsilon": 0.098303773,
            "nr_prec": 19961,
            "CV_median": 0.2040317005,
            "CV_q90": 0.4072257798,
            "CV_q75": 0.2851814487,
            "CV_q95": 0.5030728503
        },
        "4": {
            "median_abs_epsilon": 0.1813530175,
            "mean_abs_epsilon": 0.2398987542,
            "variance_epsilon": 0.1193007733,
            "nr_prec": 25484,
            "CV_median": 0.2034670373,
            "CV_q90": 0.4107968142,
            "CV_q75": 0.2880760012,
            "CV_q95": 0.5067738194
        },
        "3": {
            "median_abs_epsilon": 0.1928687433,
            "mean_abs_epsilon": 0.260002874,
            "variance_epsilon": 0.1388331758,
            "nr_prec": 32032,
            "CV_median": 0.2035616623,
            "CV_q90": 0.4151487867,
            "CV_q75": 0.2910030315,
            "CV_q95": 0.5108437517
        },
        "2": {
            "median_abs_epsilon": 0.1997980738,
            "mean_abs_epsilon": 0.2746031958,
            "variance_epsilon": 0.1600869669,
            "nr_prec": 39532,
            "CV_median": 0.2025858462,
            "CV_q90": 0.4164949806,
            "CV_q75": 0.2918746315,
            "CV_q95": 0.5123459642
        },
        "1": {
            "median_abs_epsilon": 0.1997980738,
            "mean_abs_epsilon": 0.2746031958,
            "variance_epsilon": 0.1600869669,
            "nr_prec": 50337,
            "CV_median": 0.2025858462,
            "CV_q90": 0.4164949806,
            "CV_q75": 0.2918746315,
            "CV_q95": 0.5123459642
        }
    },
    "median_abs_epsilon": 0.1928687433,
    "nr_prec": 32032,
    "comments": "",
    "fixed_mods": "Carbamidomethyl (C)",
    "variable_mods": "Oxidation (M),Acetyl (Protein N-term)",
    "max_mods": 5.0,
    "min_precursor_charge": null,
    "max_precursor_charge": 7,
    "submission_comments": "\n\nDataset URL: https://proteobench.cubimed.rub.de/datasets/a1140a31b414d7b3110ee9b9c0456cc4f1709782/",
    "proteobench_version": "0.5.8",
    "minPeptideLength": null,
    "color": "#377eb8",
    "hover_text": "ProteoBench ID: MaxQuant_20241216_122228<br>Software tool: MaxQuant <br>Comment (private submission): ",
    "scatter_size": 20,
    "scan_window": null,
    "quantification_method_DIANN": null,
    "second_pass": null,
    "protein_inference": null,
    "predictors_library": null,
    "quantification_method": null,
    "mean_abs_epsilon": 0.260002874,
    "abundance_normalization_ions": null
}