{
  "old_new": "new",
  "id": "MaxQuant_20250605_082248",
  "software_name": "MaxQuant",
  "software_version": "2.1.3.0",
  "search_engine": "Andromeda",
  "search_engine_version": "nan",
  "ident_fdr_psm": "0.01",
  "ident_fdr_peptide": null,
  "ident_fdr_protein": "0.01",
  "enable_match_between_runs": false,
  "precursor_mass_tolerance": "[-4.5 ppm, 4.5 ppm]",
  "fragment_mass_tolerance": "[-20 ppm, 20 ppm]",
  "enzyme": "Trypsin/P",
  "allowed_miscleavages": "1",
  "min_peptide_length": "7",
  "max_peptide_length": null,
  "is_temporary": false,
  "intermediate_hash": "a1140a31b414d7b3110ee9b9c0456cc4f1709782",
  "results": {
    "6": {
      "median_abs_epsilon": 0.15750976390858717,
      "mean_abs_epsilon": 0.19981059424843436,
      "variance_epsilon": 0.08316585593452537,
      "nr_prec": 13766,
      "CV_median": 0.20436321641417055,
      "CV_q90": 0.3952866940183487,
      "CV_q75": 0.27962117424834737,
      "CV_q95": 0.49114189635260896
    },
    "5": {
      "median_abs_epsilon": 0.1685369628328779,
      "mean_abs_epsilon": 0.21713160088981212,
      "variance_epsilon": 0.09830377303071444,
      "nr_prec": 19961,
      "CV_median": 0.20403170049621017,
      "CV_q90": 0.4072257797861763,
      "CV_q75": 0.28518144869257633,
      "CV_q95": 0.5030728502632887
    },
    "4": {
      "median_abs_epsilon": 0.18135301748174726,
      "mean_abs_epsilon": 0.23989875424947546,
      "variance_epsilon": 0.11930077326132135,
      "nr_prec": 25484,
      "CV_median": 0.2034670373168292,
      "CV_q90": 0.4107968141759688,
      "CV_q75": 0.28807600122361854,
      "CV_q95": 0.5067738193724833
    },
    "3": {
      "median_abs_epsilon": 0.19286874330230575,
      "mean_abs_epsilon": 0.2600028740420464,
      "variance_epsilon": 0.13883317578459145,
      "nr_prec": 32032,
      "CV_median": 0.2035616623076331,
      "CV_q90": 0.4151487867288767,
      "CV_q75": 0.2910030314781023,
      "CV_q95": 0.5108437516575257
    },
    "2": {
      "median_abs_epsilon": 0.19979807377848502,
      "mean_abs_epsilon": 0.27460319584440784,
      "variance_epsilon": 0.16008696691287633,
      "nr_prec": 39532,
      "CV_median": 0.20258584615255248,
      "CV_q90": 0.41649498061595114,
      "CV_q75": 0.29187463146132886,
      "CV_q95": 0.5123459641751715
    },
    "1": {
      "median_abs_epsilon": 0.19979807377848502,
      "mean_abs_epsilon": 0.27460319584440784,
      "variance_epsilon": 0.1600869669128763,
      "nr_prec": 50337,
      "CV_median": 0.20258584615255248,
      "CV_q90": 0.41649498061595114,
      "CV_q75": 0.29187463146132886,
      "CV_q95": 0.5123459641751715
    }
  },
  "median_abs_epsilon": 0.19286874330230575,
  "mean_abs_epsilon": 0.2600028740420464,
  "nr_prec": 32032,
  "comments": "",
  "proteobench_version": "0.8.15",
  "color": "#377eb8",
  "hover_text": "ProteoBench ID: MaxQuant_20250605_082248<br>Software tool: MaxQuant <br>Comment (private submission): ...",
  "scatter_size": 20,
  "fixed_mods": "Carbamidomethyl (C)",
  "variable_mods": "Oxidation (M),Acetyl (Protein N-term)",
  "max_mods": "5",
  "min_precursor_charge": null,
  "max_precursor_charge": "7",
  "quantification_method": "nan",
  "protein_inference": "nan",
  "abundance_normalization_ions": "nan",
  "submission_comments": "\n\n ### No parameter changes detected. \n\n\nDataset URL: https://proteobench.cubimed.rub.de/datasets/a1140a31b414d7b3110ee9b9c0456cc4f1709782/"
}