{
  "old_new": "new",
  "id": "MaxQuant_20250605_082439",
  "software_name": "MaxQuant",
  "software_version": "2.4.13.0",
  "search_engine": "Andromeda",
  "search_engine_version": NaN,
  "ident_fdr_psm": 0.01,
  "ident_fdr_peptide": null,
  "ident_fdr_protein": 0.01,
  "enable_match_between_runs": false,
  "precursor_mass_tolerance": "[-4.5 ppm, 4.5 ppm]",
  "fragment_mass_tolerance": "[-20 ppm, 20 ppm]",
  "enzyme": "Trypsin/P",
  "allowed_miscleavages": 2,
  "min_peptide_length": 7,
  "max_peptide_length": null,
  "is_temporary": false,
  "intermediate_hash": "a3d801fcb75c46b2e76fa7078ae0a004360ebe44",
  "results": {
    "6": {
      "median_abs_epsilon_global": 0.15430656102227402,
      "median_abs_epsilon_eq_species": 0.16671183342240306,
      "median_abs_epsilon_ECOLI": 0.171982466628938,
      "median_abs_epsilon_HUMAN": 0.14853217664444074,
      "median_abs_epsilon_YEAST": 0.17962085699383046,
      "mean_abs_epsilon_global": 0.1921420235620877,
      "mean_abs_epsilon_eq_species": 0.2190796191469979,
      "mean_abs_epsilon_ECOLI": 0.2555154847538449,
      "mean_abs_epsilon_HUMAN": 0.18496529682690394,
      "mean_abs_epsilon_YEAST": 0.21675807586024481,
      "median_log2_empirical_ECOLI": -1.8497734889081983,
      "median_log2_empirical_HUMAN": 0.06832325702658082,
      "median_log2_empirical_YEAST": 1.1400186872353633,
      "median_abs_epsilon_precision_global": 0.13548990978771158,
      "median_abs_epsilon_precision_eq_species": 0.14155577724159585,
      "median_abs_epsilon_precision_ECOLI": 0.15597057993966246,
      "median_abs_epsilon_precision_HUMAN": 0.13548990978771158,
      "median_abs_epsilon_precision_YEAST": 0.1332068419974135,
      "mean_log2_empirical_ECOLI": -1.7976403155607406,
      "mean_log2_empirical_HUMAN": 0.05316509723096431,
      "mean_log2_empirical_YEAST": 1.1100684469456787,
      "mean_abs_epsilon_precision_global": 0.1793468595456108,
      "mean_abs_epsilon_precision_eq_species": 0.19598530822648433,
      "mean_abs_epsilon_precision_ECOLI": 0.22520420318459236,
      "mean_abs_epsilon_precision_HUMAN": 0.1768546146422093,
      "mean_abs_epsilon_precision_YEAST": 0.18589710685265137,
      "CV_median": 0.20069279335072093,
      "CV_q75": 0.27160074103140275,
      "CV_q90": 0.3745516877982292,
      "CV_q95": 0.4688594019821884,
      "roc_auc": 0.9919143879054804,
      "roc_auc_directional": 0.9874815095609987,
      "nr_prec": 11789,
      "nr_prec_HUMAN": 9357,
      "nr_prec_YEAST": 2244,
      "nr_prec_ECOLI": 188,
      "variance_epsilon_global": 0.0714363691595803
    },
    "5": {
      "median_abs_epsilon_global": 0.16566069484986912,
      "median_abs_epsilon_eq_species": 0.18114320927578062,
      "median_abs_epsilon_ECOLI": 0.19665922405602565,
      "median_abs_epsilon_HUMAN": 0.15940204467539232,
      "median_abs_epsilon_YEAST": 0.18736835909592386,
      "mean_abs_epsilon_global": 0.21105983340566342,
      "mean_abs_epsilon_eq_species": 0.23671402624261625,
      "mean_abs_epsilon_ECOLI": 0.27293471139796194,
      "mean_abs_epsilon_HUMAN": 0.2042614215207288,
      "mean_abs_epsilon_YEAST": 0.23294594580915795,
      "median_log2_empirical_ECOLI": -1.842363394979703,
      "median_log2_empirical_HUMAN": 0.06768860214073591,
      "median_log2_empirical_YEAST": 1.115803605646402,
      "median_abs_epsilon_precision_global": 0.15033868270256612,
      "median_abs_epsilon_precision_eq_species": 0.1560071732205497,
      "median_abs_epsilon_precision_ECOLI": 0.16347127640579728,
      "median_abs_epsilon_precision_HUMAN": 0.1484574577397293,
      "median_abs_epsilon_precision_YEAST": 0.1560927855161225,
      "mean_log2_empirical_ECOLI": -1.7997801642313214,
      "mean_log2_empirical_HUMAN": 0.056637577916988494,
      "mean_log2_empirical_YEAST": 1.085213357517153,
      "mean_abs_epsilon_precision_global": 0.2004790376211032,
      "mean_abs_epsilon_precision_eq_species": 0.2156469582853264,
      "mean_abs_epsilon_precision_ECOLI": 0.23690952289877673,
      "mean_abs_epsilon_precision_HUMAN": 0.19641438503258807,
      "mean_abs_epsilon_precision_YEAST": 0.2136169669246144,
      "CV_median": 0.20010319153624578,
      "CV_q75": 0.27721513636458783,
      "CV_q90": 0.3890507033379105,
      "CV_q95": 0.48571094502472095,
      "roc_auc": 0.9861204597373798,
      "roc_auc_directional": 0.9884471845991878,
      "nr_prec": 17805,
      "nr_prec_HUMAN": 14034,
      "nr_prec_YEAST": 3449,
      "nr_prec_ECOLI": 322,
      "variance_epsilon_global": 0.08979638606932291
    },
    "4": {
      "median_abs_epsilon_global": 0.17835220985623046,
      "median_abs_epsilon_eq_species": 0.2061609533230205,
      "median_abs_epsilon_ECOLI": 0.24474406377803248,
      "median_abs_epsilon_HUMAN": 0.1718104193175929,
      "median_abs_epsilon_YEAST": 0.20192837687343612,
      "mean_abs_epsilon_global": 0.2340767581321805,
      "mean_abs_epsilon_eq_species": 0.2760136017561609,
      "mean_abs_epsilon_ECOLI": 0.34262472975556496,
      "mean_abs_epsilon_HUMAN": 0.22427559327372054,
      "mean_abs_epsilon_YEAST": 0.2611404822391971,
      "median_log2_empirical_ECOLI": -1.80607615654095,
      "median_log2_empirical_HUMAN": 0.06908627321041472,
      "median_log2_empirical_YEAST": 1.0966261825796835,
      "median_abs_epsilon_precision_global": 0.165518335213787,
      "median_abs_epsilon_precision_eq_species": 0.1793846402596729,
      "median_abs_epsilon_precision_ECOLI": 0.1994051746537231,
      "median_abs_epsilon_precision_HUMAN": 0.1619598902667434,
      "median_abs_epsilon_precision_YEAST": 0.1767888558585522,
      "mean_log2_empirical_ECOLI": -1.7386974695806032,
      "mean_log2_empirical_HUMAN": 0.061951345826254604,
      "mean_log2_empirical_YEAST": 1.057211636740951,
      "mean_abs_epsilon_precision_global": 0.22496838045046638,
      "mean_abs_epsilon_precision_eq_species": 0.2538436285009707,
      "mean_abs_epsilon_precision_ECOLI": 0.2945259816471248,
      "mean_abs_epsilon_precision_HUMAN": 0.21664531551301722,
      "mean_abs_epsilon_precision_YEAST": 0.2503595883427702,
      "CV_median": 0.19919067537625257,
      "CV_q75": 0.2802838444888062,
      "CV_q90": 0.3943216057947345,
      "CV_q95": 0.4893820950851743,
      "roc_auc": 0.9768051087905979,
      "roc_auc_directional": 0.9836385242644703,
      "nr_prec": 23318,
      "nr_prec_HUMAN": 18206,
      "nr_prec_YEAST": 4620,
      "nr_prec_ECOLI": 492,
      "variance_epsilon_global": 0.1150469190136954
    },
    "3": {
      "median_abs_epsilon_global": 0.19165836295729477,
      "median_abs_epsilon_eq_species": 0.22047640302400615,
      "median_abs_epsilon_ECOLI": 0.26275820844749376,
      "median_abs_epsilon_HUMAN": 0.18588677223894834,
      "median_abs_epsilon_YEAST": 0.2127842283855763,
      "mean_abs_epsilon_global": 0.2563428033691412,
      "mean_abs_epsilon_eq_species": 0.30201595152231936,
      "mean_abs_epsilon_ECOLI": 0.3792930568579977,
      "mean_abs_epsilon_HUMAN": 0.2475352862857827,
      "mean_abs_epsilon_YEAST": 0.2792195114231777,
      "median_log2_empirical_ECOLI": -1.7731630628973,
      "median_log2_empirical_HUMAN": 0.07241722016464891,
      "median_log2_empirical_YEAST": 1.0857047687678385,
      "median_abs_epsilon_precision_global": 0.17976116860882208,
      "median_abs_epsilon_precision_eq_species": 0.1962936470007796,
      "median_abs_epsilon_precision_ECOLI": 0.22238358942953695,
      "median_abs_epsilon_precision_HUMAN": 0.1763031849138912,
      "median_abs_epsilon_precision_YEAST": 0.19019416665891065,
      "mean_log2_empirical_ECOLI": -1.699642639121196,
      "mean_log2_empirical_HUMAN": 0.06847778880446892,
      "mean_log2_empirical_YEAST": 1.0458726369353433,
      "mean_abs_epsilon_precision_global": 0.2474424626980503,
      "mean_abs_epsilon_precision_eq_species": 0.2787425587777938,
      "mean_abs_epsilon_precision_ECOLI": 0.3252132763709221,
      "mean_abs_epsilon_precision_HUMAN": 0.23952966809815046,