{
  "id": "MaxQuant_20250605_082439",
  "software_name": "MaxQuant",
  "software_version": "2.4.13.0",
  "search_engine": "Andromeda",
  "search_engine_version": NaN,
  "ident_fdr_psm": 0.01,
  "ident_fdr_peptide": NaN,
  "ident_fdr_protein": 0.01,
  "enable_match_between_runs": false,
  "precursor_mass_tolerance": "[-4.5 ppm, 4.5 ppm]",
  "fragment_mass_tolerance": "[-20 ppm, 20 ppm]",
  "enzyme": "Trypsin/P",
  "allowed_miscleavages": 2,
  "min_peptide_length": 7,
  "max_peptide_length": NaN,
  "is_temporary": false,
  "intermediate_hash": "a3d801fcb75c46b2e76fa7078ae0a004360ebe44",
  "results": {
    "6": {
      "median_abs_epsilon_global": 0.15434479146750846,
      "median_abs_epsilon_eq_species": 0.1667981963762196,
      "median_abs_epsilon_ECOLI": 0.171982466628938,
      "median_abs_epsilon_HUMAN": 0.14854173192877695,
      "median_abs_epsilon_YEAST": 0.17987039057094378,
      "mean_abs_epsilon_global": 0.19222712185545698,
      "mean_abs_epsilon_eq_species": 0.2192267923256125,
      "mean_abs_epsilon_ECOLI": 0.2555154847538449,
      "mean_abs_epsilon_HUMAN": 0.18496455779886856,
      "mean_abs_epsilon_YEAST": 0.2172003344241241,
      "median_log2_empirical_ECOLI": -1.8497734889081983,
      "median_log2_empirical_HUMAN": 0.0683431987439782,
      "median_log2_empirical_YEAST": 1.1396813279471303,
      "median_abs_epsilon_precision_global": 0.13548562936813724,
      "median_abs_epsilon_precision_eq_species": 0.1416512817943912,
      "median_abs_epsilon_precision_ECOLI": 0.15597057993966246,
      "median_abs_epsilon_precision_HUMAN": 0.13547947587382048,
      "median_abs_epsilon_precision_YEAST": 0.13350378956969067,
      "mean_log2_empirical_ECOLI": -1.7976403155607406,
      "mean_log2_empirical_HUMAN": 0.05317844243028479,
      "mean_log2_empirical_YEAST": 1.1094806086389015,
      "mean_abs_epsilon_precision_global": 0.17944929284326025,
      "mean_abs_epsilon_precision_eq_species": 0.1961706665757712,
      "mean_abs_epsilon_precision_ECOLI": 0.22520420318459236,
      "mean_abs_epsilon_precision_HUMAN": 0.1768483366340178,
      "mean_abs_epsilon_precision_YEAST": 0.1864594599087034,
      "CV_median": 0.20070653751033685,
      "CV_q75": 0.27159685704328707,
      "CV_q90": 0.3745278313471113,
      "CV_q95": 0.4688412818528953,
      "variance_epsilon_global": 0.07156339801029625,
      "nr_feature": 11791,
      "roc_auc": 0.9917820675971123
    },
    "5": {
      "median_abs_epsilon_global": 0.16568618919801814,
      "median_abs_epsilon_eq_species": 0.18140377309255365,
      "median_abs_epsilon_ECOLI": 0.19744584094117457,
      "median_abs_epsilon_HUMAN": 0.15944105506173756,
      "median_abs_epsilon_YEAST": 0.18732442327474885,
      "mean_abs_epsilon_global": 0.21139739366569205,
      "mean_abs_epsilon_eq_species": 0.23904260476698136,
      "mean_abs_epsilon_ECOLI": 0.27949545259553804,
      "mean_abs_epsilon_HUMAN": 0.2044818387612371,
      "mean_abs_epsilon_YEAST": 0.23315052294416894,
      "median_log2_empirical_ECOLI": -1.8413788034496115,
      "median_log2_empirical_HUMAN": 0.06771130865635655,
      "median_log2_empirical_YEAST": 1.115719122050809,
      "median_abs_epsilon_precision_global": 0.15035035298565802,
      "median_abs_epsilon_precision_eq_species": 0.15643516861838394,
      "median_abs_epsilon_precision_ECOLI": 0.1649838759989457,
      "median_abs_epsilon_precision_HUMAN": 0.14847044299513357,
      "median_abs_epsilon_precision_YEAST": 0.15585118686107258,
      "mean_log2_empirical_ECOLI": -1.7929942995797847,
      "mean_log2_empirical_HUMAN": 0.05670522437015277,
      "mean_log2_empirical_YEAST": 1.0848350441836183,
      "mean_abs_epsilon_precision_global": 0.2008344477937742,
      "mean_abs_epsilon_precision_eq_species": 0.21814014415320723,
      "mean_abs_epsilon_precision_ECOLI": 0.24388837204334862,
      "mean_abs_epsilon_precision_HUMAN": 0.1966309848182977,
      "mean_abs_epsilon_precision_YEAST": 0.21390107559797533,
      "CV_median": 0.20010095887659887,
      "CV_q75": 0.2772144850153302,
      "CV_q90": 0.38906002262116224,
      "CV_q95": 0.48570425813193585,
      "variance_epsilon_global": 0.09043446876922838,
      "nr_feature": 17814,
      "roc_auc": 0.9858557311255448
    },
    "4": {
      "median_abs_epsilon_global": 0.17836483831336736,
      "median_abs_epsilon_eq_species": 0.20635064721750554,
      "median_abs_epsilon_ECOLI": 0.24526901751058006,
      "median_abs_epsilon_HUMAN": 0.17185454726850047,
      "median_abs_epsilon_YEAST": 0.20192837687343612,
      "mean_abs_epsilon_global": 0.23445526593606406,
      "mean_abs_epsilon_eq_species": 0.2775530842909757,
      "mean_abs_epsilon_ECOLI": 0.34678178733864706,
      "mean_abs_epsilon_HUMAN": 0.22460743103501446,
      "mean_abs_epsilon_YEAST": 0.2612700344992655,
      "median_log2_empirical_ECOLI": -1.8041273928291233,
      "median_log2_empirical_HUMAN": 0.06910943357237542,
      "median_log2_empirical_YEAST": 1.0964542583453714,
      "median_abs_epsilon_precision_global": 0.16553058479473393,
      "median_abs_epsilon_precision_eq_species": 0.18011306208128927,
      "median_abs_epsilon_precision_ECOLI": 0.20152860623777968,
      "median_abs_epsilon_precision_HUMAN": 0.1620217241475359,
      "median_abs_epsilon_precision_YEAST": 0.1767888558585522,
      "mean_log2_empirical_ECOLI": -1.734375458246332,
      "mean_log2_empirical_HUMAN": 0.06217113349997872,
      "mean_log2_empirical_YEAST": 1.0568834106220488,
      "mean_abs_epsilon_precision_global": 0.2253576887124991,
      "mean_abs_epsilon_precision_eq_species": 0.2554939711566222,
      "mean_abs_epsilon_precision_ECOLI": 0.2989570850550446,
      "mean_abs_epsilon_precision_HUMAN": 0.21696832861140855,
      "mean_abs_epsilon_precision_YEAST": 0.2505564998034134,
      "CV_median": 0.19919067537625257,
      "CV_q75": 0.28029695340418204,
      "CV_q90": 0.3943806623944696,
      "CV_q95": 0.4895365314025787,
      "variance_epsilon_global": 0.1157548044948236,
      "nr_feature": 23331,
      "roc_auc": 0.9765012702970108
    },
    "3": {
      "median_abs_epsilon_global": 0.1918011213312596,
      "median_abs_epsilon_eq_species": 0.22065587680644208,
      "median_abs_epsilon_ECOLI": 0.2630477367215125,
      "median_abs_epsilon_HUMAN": 0.18595401561066716,
      "median_abs_epsilon_YEAST": 0.21296587808714662,
      "mean_abs_epsilon_global": 0.25678329193951843,
      "mean_abs_epsilon_eq_species": 0.30347425230043307,
      "mean_abs_epsilon_ECOLI": 0.38276333454999256,
      "mean_abs_epsilon_HUMAN": 0.24785208601408282,
      "mean_abs_epsilon_YEAST": 0.27980733633722377,
      "median_log2_empirical_ECOLI": -1.7724933171499409,
      "median_log2_empirical_HUMAN": 0.07243905062849443,
      "median_log2_empirical_YEAST": 1.0854448090132642,
      "median_abs_epsilon_precision_global": 0.17981683096807544,
      "median_abs_epsilon_precision_eq_species": 0.1966809581979637,
      "median_abs_epsilon_precision_ECOLI": 0.2234707850207336,
      "median_abs_epsilon_precision_HUMAN": 0.17633325053635218,
      "median_abs_epsilon_precision_YEAST": 0.19023883903680527,
      "mean_log2_empirical_ECOLI": -1.6960362654016508,
      "mean_log2_empirical_HUMAN": 0.06872528039450301,
      "mean_log2_empirical_YEAST": 1.0452896997099368,
      "mean_abs_epsilon_precision_global": 0.2478996895775395,
      "mean_abs_epsilon_precision_eq_species": 0.2803246845374714,
      "mean_abs_epsilon_precision_ECOLI": 0.3289677765174626,
      "mean_abs_epsilon_precision_HUMAN": 0.23983813187133676,
      "mean_abs_epsilon_precision_YEAST": 0.2721681452236147,
      "CV_median": 0.19885972101899074,
      "CV_q75": 0.2833202769507705,
      "CV_q90": 0.39978936410322174,
      "CV_q95": 0.494789102690778,
      "variance_epsilon_global": 0.13514923397828507,
      "nr_feature": 29737,
      "roc_auc": 0.9649333943581119
    },
    "2": {
      "median_abs_epsilon_global": 0.19998521626082422,