{
    "id": "MaxQuant_20250122_160255",
    "old_new": "new",
    "software_name": "MaxQuant",
    "software_version": "2.4.13.0",
    "search_engine": "Andromeda",
    "search_engine_version": null,
    "ident_fdr_psm": null,
    "ident_fdr_peptide": 0.01,
    "ident_fdr_protein": 0.01,
    "enable_match_between_runs": false,
    "precursor_mass_tolerance": "[-4.5 ppm, 4.5 ppm]",
    "fragment_mass_tolerance": "[-20 ppm, 20 ppm]",
    "enzyme": "Trypsin/P",
    "allowed_miscleavages": 2,
    "min_peptide_length": 7,
    "max_peptide_length": null,
    "is_temporary": false,
    "intermediate_hash": "a3d801fcb75c46b2e76fa7078ae0a004360ebe44",
    "results": {
        "6": {
            "median_abs_epsilon": 0.1548086794,
            "mean_abs_epsilon": 0.1935963812,
            "variance_epsilon": 0.0733894103,
            "nr_prec": 12029,
            "CV_median": 0.2011398524,
            "CV_q90": 0.3773779687,
            "CV_q75": 0.2725796761,
            "CV_q95": 0.4720759763
        },
        "5": {
            "median_abs_epsilon": 0.1661710834,
            "mean_abs_epsilon": 0.2123475227,
            "variance_epsilon": 0.0917153024,
            "nr_prec": 18103,
            "CV_median": 0.2004901303,
            "CV_q90": 0.3916041279,
            "CV_q75": 0.2780402789,
            "CV_q95": 0.4886643701
        },
        "4": {
            "median_abs_epsilon": 0.1786403505,
            "mean_abs_epsilon": 0.2349686816,
            "variance_epsilon": 0.1163607355,
            "nr_prec": 23655,
            "CV_median": 0.1995056124,
            "CV_q90": 0.3963336803,
            "CV_q75": 0.2810570658,
            "CV_q95": 0.491861425
        },
        "3": {
            "median_abs_epsilon": 0.1919592176,
            "mean_abs_epsilon": 0.2572526228,
            "variance_epsilon": 0.1366622528,
            "nr_prec": 30086,
            "CV_median": 0.1992439232,
            "CV_q90": 0.4018730452,
            "CV_q75": 0.2841237155,
            "CV_q95": 0.4971401014
        },
        "2": {
            "median_abs_epsilon": 0.2000149713,
            "mean_abs_epsilon": 0.2729325078,
            "variance_epsilon": 0.1601947906,
            "nr_prec": 37610,
            "CV_median": 0.1982598778,
            "CV_q90": 0.4039586437,
            "CV_q75": 0.2849938116,
            "CV_q95": 0.4983456791
        },
        "1": {
            "median_abs_epsilon": 0.2000149713,
            "mean_abs_epsilon": 0.2729325078,
            "variance_epsilon": 0.1601947906,
            "nr_prec": 48562,
            "CV_median": 0.1982598778,
            "CV_q90": 0.4039586437,
            "CV_q75": 0.2849938116,
            "CV_q95": 0.4983456791
        }
    },
    "median_abs_epsilon": 0.1919592176,
    "nr_prec": 30086,
    "comments": "",
    "fixed_mods": "Carbamidomethyl (C)",
    "variable_mods": "Oxidation (M),Acetyl (Protein N-term)",
    "max_mods": 5,
    "min_precursor_charge": null,
    "max_precursor_charge": 7,
    "submission_comments": "\n\nDataset URL: https://proteobench.cubimed.rub.de/datasets/a3d801fcb75c46b2e76fa7078ae0a004360ebe44/",
    "proteobench_version": "0.5.15",
    "minPeptideLength": null,
    "color": "#d30067",
    "hover_text": "ProteoBench ID: MaxQuant_20250122_160255<br>Software tool: MaxQuant <br>Comment (private submission): ",
    "scatter_size": 40,
    "scan_window": null,
    "quantification_method_DIANN": null,
    "second_pass": null,
    "protein_inference": null,
    "predictors_library": null,
    "quantification_method": null,
    "mean_abs_epsilon": 0.2572526228,
    "abundance_normalization_ions": null
}