{
  "old_new": "new",
  "id": "MaxQuant_20250605_082439",
  "software_name": "MaxQuant",
  "software_version": "2.4.13.0",
  "search_engine": "Andromeda",
  "search_engine_version": "nan",
  "ident_fdr_psm": "0.01",
  "ident_fdr_peptide": null,
  "ident_fdr_protein": "0.01",
  "enable_match_between_runs": false,
  "precursor_mass_tolerance": "[-4.5 ppm, 4.5 ppm]",
  "fragment_mass_tolerance": "[-20 ppm, 20 ppm]",
  "enzyme": "Trypsin/P",
  "allowed_miscleavages": "2",
  "min_peptide_length": "7",
  "max_peptide_length": null,
  "is_temporary": false,
  "intermediate_hash": "a3d801fcb75c46b2e76fa7078ae0a004360ebe44",
  "results": {
    "6": {
      "median_abs_epsilon": 0.15480867940200937,
      "mean_abs_epsilon": 0.1935963812460102,
      "variance_epsilon": 0.07338941034359851,
      "nr_prec": 12029,
      "CV_median": 0.20113985236229176,
      "CV_q90": 0.37737796869984896,
      "CV_q75": 0.27257967613187706,
      "CV_q95": 0.4720759763385911
    },
    "5": {
      "median_abs_epsilon": 0.16617108338123998,
      "mean_abs_epsilon": 0.21234752271676238,
      "variance_epsilon": 0.09171530239587039,
      "nr_prec": 18103,
      "CV_median": 0.2004901303136939,
      "CV_q90": 0.39160412788145726,
      "CV_q75": 0.27804027887743543,
      "CV_q95": 0.4886643701168716
    },
    "4": {
      "median_abs_epsilon": 0.17864035053817418,
      "mean_abs_epsilon": 0.23496868163456675,
      "variance_epsilon": 0.11636073553656036,
      "nr_prec": 23655,
      "CV_median": 0.19950561237894907,
      "CV_q90": 0.39633368031143595,
      "CV_q75": 0.2810570658311248,
      "CV_q95": 0.4918614249692211
    },
    "3": {
      "median_abs_epsilon": 0.19195921756189094,
      "mean_abs_epsilon": 0.25725262281458555,
      "variance_epsilon": 0.1366622527869665,
      "nr_prec": 30086,
      "CV_median": 0.19924392316161216,
      "CV_q90": 0.4018730451689108,
      "CV_q75": 0.2841237155329439,
      "CV_q95": 0.4971401013612953
    },
    "2": {
      "median_abs_epsilon": 0.20001497126474632,
      "mean_abs_epsilon": 0.2729325078262738,
      "variance_epsilon": 0.16019479062158645,
      "nr_prec": 37610,
      "CV_median": 0.19825987779888282,
      "CV_q90": 0.40395864372707624,
      "CV_q75": 0.2849938116057277,
      "CV_q95": 0.49834567908152305
    },
    "1": {
      "median_abs_epsilon": 0.20001497126474632,
      "mean_abs_epsilon": 0.2729325078262738,
      "variance_epsilon": 0.16019479062158642,
      "nr_prec": 48562,
      "CV_median": 0.19825987779888282,
      "CV_q90": 0.40395864372707624,
      "CV_q75": 0.2849938116057277,
      "CV_q95": 0.49834567908152305
    }
  },
  "median_abs_epsilon": 0.19195921756189094,
  "mean_abs_epsilon": 0.25725262281458555,
  "nr_prec": 30086,
  "comments": "",
  "proteobench_version": "0.8.15",
  "color": "#377eb8",
  "hover_text": "ProteoBench ID: MaxQuant_20250605_082439<br>Software tool: MaxQuant <br>Comment (private submission): ...",
  "scatter_size": 20,
  "fixed_mods": "Carbamidomethyl (C)",
  "variable_mods": "Oxidation (M),Acetyl (Protein N-term)",
  "max_mods": "5",
  "min_precursor_charge": null,
  "max_precursor_charge": "7",
  "quantification_method": "nan",
  "protein_inference": "nan",
  "abundance_normalization_ions": "nan",
  "submission_comments": "\n\n ### No parameter changes detected. \n\n\nDataset URL: https://proteobench.cubimed.rub.de/datasets/a3d801fcb75c46b2e76fa7078ae0a004360ebe44/"
}