{
    "id": "AlphaPept_20241217_071436",
    "old_new": "old",
    "software_name": "AlphaPept",
    "software_version": "0.5.0",
    "search_engine": "AlphaPept",
    "search_engine_version": "0.5.0",
    "ident_fdr_psm": null,
    "ident_fdr_peptide": 0.01,
    "ident_fdr_protein": 0.01,
    "enable_match_between_runs": true,
    "precursor_mass_tolerance": "[-20 ppm, 20 ppm]",
    "fragment_mass_tolerance": "[-50 ppm, 50 ppm]",
    "enzyme": "Trypsin",
    "allowed_miscleavages": 2,
    "min_peptide_length": 7.0,
    "max_peptide_length": 27.0,
    "is_temporary": false,
    "intermediate_hash": "1bfa914c771321b285a9ca40d4aa538cb9fdc42e",
    "results": {
        "6": {
            "median_abs_epsilon": 0.188733818,
            "mean_abs_epsilon": 0.289367441,
            "variance_epsilon": 0.2198382853,
            "nr_prec": 14133,
            "CV_median": 0.1709456295,
            "CV_q90": 0.4701486704,
            "CV_q75": 0.285615439,
            "CV_q95": 0.5937682376
        },
        "5": {
            "median_abs_epsilon": 0.1982228918,
            "mean_abs_epsilon": 0.3075645836,
            "variance_epsilon": 0.2591461562,
            "nr_prec": 22511,
            "CV_median": 0.1688189131,
            "CV_q90": 0.4720182991,
            "CV_q75": 0.2835330083,
            "CV_q95": 0.60482112
        },
        "4": {
            "median_abs_epsilon": 0.2089641983,
            "mean_abs_epsilon": 0.3254440082,
            "variance_epsilon": 0.2890791115,
            "nr_prec": 30089,
            "CV_median": 0.1670226565,
            "CV_q90": 0.4709117302,
            "CV_q75": 0.28290673,
            "CV_q95": 0.6058026111
        },
        "3": {
            "median_abs_epsilon": 0.2192497282,
            "mean_abs_epsilon": 0.3440258613,
            "variance_epsilon": 0.3276003549,
            "nr_prec": 37969,
            "CV_median": 0.1655552489,
            "CV_q90": 0.4683137494,
            "CV_q75": 0.2812698461,
            "CV_q95": 0.6048887332
        },
        "2": {
            "median_abs_epsilon": 0.2247285017,
            "mean_abs_epsilon": 0.3504885393,
            "variance_epsilon": 0.3345720835,
            "nr_prec": 46235,
            "CV_median": 0.1644231892,
            "CV_q90": 0.465653739,
            "CV_q75": 0.2797382026,
            "CV_q95": 0.6005320763
        },
        "1": {
            "median_abs_epsilon": 0.2247285017,
            "mean_abs_epsilon": 0.3504885393,
            "variance_epsilon": 0.3345720835,
            "nr_prec": 59868,
            "CV_median": 0.1644231892,
            "CV_q90": 0.465653739,
            "CV_q75": 0.2797382026,
            "CV_q95": 0.6005320763
        }
    },
    "median_abs_epsilon": 0.2192497282,
    "nr_prec": 37969,
    "comments": "Alphapept v 0.5.0 \nStandard settings with align and matching enabled \nPeptide length: 7-27 and mass tolerances of 20 (MS1) and 50 (MS2) ppm\n2 missed cleavages",
    "fixed_mods": "cC",
    "variable_mods": "oxM",
    "max_mods": 3.0,
    "min_precursor_charge": 1.0,
    "max_precursor_charge": 6,
    "submission_comments": "Variable mod of N-acetyl (protein N-term)\n\nDataset URL: https://proteobench.cubimed.rub.de/datasets/1bfa914c771321b285a9ca40d4aa538cb9fdc42e/",
    "proteobench_version": "0.5.9",
    "minPeptideLength": null,
    "color": "#4daf4a",
    "hover_text": "ProteoBench ID: AlphaPept_20241217_071436<br>Software tool: AlphaPept <br>Comment (private submission): Alphapept v 0.5.0 \nStandard settings with align and matching enabled \nPeptide length: 7-27 and mass tolerances of 20 (MS1) and 50 (MS2) ppm\n2 missed cleavages",
    "scatter_size": 20,
    "scan_window": null,
    "quantification_method_DIANN": null,
    "second_pass": null,
    "protein_inference": null,
    "predictors_library": null,
    "quantification_method": null,
    "mean_abs_epsilon": 0.3440258613,
    "abundance_normalization_ions": null
}