{
    "id": "AlphaPept_20241217_084044",
    "old_new": "old",
    "software_name": "AlphaPept",
    "software_version": "0.5.0",
    "search_engine": "AlphaPept",
    "search_engine_version": "0.5.0",
    "ident_fdr_psm": null,
    "ident_fdr_peptide": 0.01,
    "ident_fdr_protein": 0.01,
    "enable_match_between_runs": true,
    "precursor_mass_tolerance": "[-10 ppm, 10 ppm]",
    "fragment_mass_tolerance": "[-20 ppm, 20 ppm]",
    "enzyme": "Trypsin",
    "allowed_miscleavages": 1,
    "min_peptide_length": 7.0,
    "max_peptide_length": 27.0,
    "is_temporary": false,
    "intermediate_hash": "e8e80290fb48ff02de5ee54eb6b0114ff661bace",
    "results": {
        "6": {
            "median_abs_epsilon": 0.2025756255,
            "mean_abs_epsilon": 0.311598464,
            "variance_epsilon": 0.2771620781,
            "nr_prec": 7234,
            "CV_median": 0.1657674232,
            "CV_q90": 0.4615193927,
            "CV_q75": 0.2717858262,
            "CV_q95": 0.6151140605
        },
        "5": {
            "median_abs_epsilon": 0.2053787572,
            "mean_abs_epsilon": 0.316710131,
            "variance_epsilon": 0.2923677031,
            "nr_prec": 13132,
            "CV_median": 0.163637346,
            "CV_q90": 0.4561740052,
            "CV_q75": 0.2718593224,
            "CV_q95": 0.6106352333
        },
        "4": {
            "median_abs_epsilon": 0.217284226,
            "mean_abs_epsilon": 0.3344577044,
            "variance_epsilon": 0.3383881552,
            "nr_prec": 19402,
            "CV_median": 0.1631110228,
            "CV_q90": 0.452627733,
            "CV_q75": 0.2719567805,
            "CV_q95": 0.6080133018
        },
        "3": {
            "median_abs_epsilon": 0.226808028,
            "mean_abs_epsilon": 0.3529769797,
            "variance_epsilon": 0.3853950068,
            "nr_prec": 26255,
            "CV_median": 0.1614474176,
            "CV_q90": 0.4509900296,
            "CV_q75": 0.2716873506,
            "CV_q95": 0.6097451338
        },
        "2": {
            "median_abs_epsilon": 0.2326966374,
            "mean_abs_epsilon": 0.3588152904,
            "variance_epsilon": 0.3890876829,
            "nr_prec": 34339,
            "CV_median": 0.1604544709,
            "CV_q90": 0.4471021482,
            "CV_q75": 0.2707309058,
            "CV_q95": 0.6021323549
        },
        "1": {
            "median_abs_epsilon": 0.2326966374,
            "mean_abs_epsilon": 0.3588152904,
            "variance_epsilon": 0.3890876829,
            "nr_prec": 48776,
            "CV_median": 0.1604544709,
            "CV_q90": 0.4471021482,
            "CV_q75": 0.2707309058,
            "CV_q95": 0.6021323549
        }
    },
    "median_abs_epsilon": 0.226808028,
    "nr_prec": 26255,
    "comments": "Alphapept v.0.5.0 \n1 missed cleavage\n10 (MS1) and 20 (MS2) ppm mass tolerance",
    "fixed_mods": "cC",
    "variable_mods": "oxM",
    "max_mods": 3.0,
    "min_precursor_charge": 1.0,
    "max_precursor_charge": 6,
    "submission_comments": "Variable mod of N-acetyl (protein N-term)\n\nDataset URL: https://proteobench.cubimed.rub.de/datasets/e8e80290fb48ff02de5ee54eb6b0114ff661bace/",
    "proteobench_version": "0.5.9",
    "minPeptideLength": null,
    "color": "#4daf4a",
    "hover_text": "ProteoBench ID: AlphaPept_20241217_084044<br>Software tool: AlphaPept <br>Comment (private submission): Alphapept v.0.5.0 \n1 missed cleavage\n10 (MS1) and 20 (MS2) ppm mass tolerance",
    "scatter_size": 20,
    "scan_window": null,
    "quantification_method_DIANN": null,
    "second_pass": null,
    "protein_inference": null,
    "predictors_library": null,
    "quantification_method": null,
    "mean_abs_epsilon": 0.3529769797,
    "abundance_normalization_ions": null
}