{
  "id": "MaxQuant_20250602_112233",
  "old_new": "new",
  "software_name": "MaxQuant",
  "software_version": "1.5.2.8",
  "search_engine": "Andromeda",
  "search_engine_version": "nan",
  "ident_fdr_psm": "0.01",
  "ident_fdr_peptide": null,
  "ident_fdr_protein": "0.01",
  "enable_match_between_runs": false,
  "precursor_mass_tolerance": "[-4.5 ppm, 4.5 ppm]",
  "fragment_mass_tolerance": "[-20 ppm, 20 ppm]",
  "enzyme": "Trypsin/P",
  "allowed_miscleavages": "1",
  "min_peptide_length": "7",
  "max_peptide_length": null,
  "is_temporary": false,
  "intermediate_hash": "b3c11f68328854c3c35a2e3b72c0bda9773bef58",
  "results": {
    "6": {
      "median_abs_epsilon": 0.18297819995077802,
      "mean_abs_epsilon": 0.2226290641803396,
      "variance_epsilon": 0.09592640866498967,
      "nr_prec": 1892,
      "CV_median": 0.20192797975796067,
      "CV_q90": 0.3774553701735368,
      "CV_q75": 0.2722394865163863,
      "CV_q95": 0.4753358485746568
    },
    "5": {
      "median_abs_epsilon": 0.1951615976465142,
      "mean_abs_epsilon": 0.24895213385082218,
      "variance_epsilon": 0.1411169148944396,
      "nr_prec": 2782,
      "CV_median": 0.20166213646984893,
      "CV_q90": 0.399470370760448,
      "CV_q75": 0.2786190280628991,
      "CV_q95": 0.4975836877427632
    },
    "4": {
      "median_abs_epsilon": 0.20828048150467282,
      "mean_abs_epsilon": 0.27819760804251087,
      "variance_epsilon": 0.17436678906356692,
      "nr_prec": 3627,
      "CV_median": 0.20247456720849938,
      "CV_q90": 0.40642549161391206,
      "CV_q75": 0.2819323910320156,
      "CV_q95": 0.5059280376178803
    },
    "3": {
      "median_abs_epsilon": 0.21977927390068608,
      "mean_abs_epsilon": 0.3007716243150622,
      "variance_epsilon": 0.20437070971338592,
      "nr_prec": 4886,
      "CV_median": 0.20400971644750665,
      "CV_q90": 0.41085163180785544,
      "CV_q75": 0.28652915438907145,
      "CV_q95": 0.5052417009818821
    },
    "2": {
      "median_abs_epsilon": 0.22324926669492484,
      "mean_abs_epsilon": 0.31086446688653785,
      "variance_epsilon": 0.22593110383349155,
      "nr_prec": 6172,
      "CV_median": 0.20307778867442342,
      "CV_q90": 0.4130099265161784,
      "CV_q75": 0.289612340533303,
      "CV_q95": 0.5074765069059288
    },
    "1": {
      "median_abs_epsilon": 0.22324926669492484,
      "mean_abs_epsilon": 0.31086446688653785,
      "variance_epsilon": 0.22593110383349158,
      "nr_prec": 8191,
      "CV_median": 0.20307778867442342,
      "CV_q90": 0.4130099265161784,
      "CV_q75": 0.289612340533303,
      "CV_q95": 0.5074765069059288
    }
  },
  "median_abs_epsilon": 0.21977927390068608,
  "nr_prec": 4886,
  "comments": "",
  "fixed_mods": "Carbamidomethyl (C)",
  "variable_mods": "Acetyl (Protein N-term),Oxidation (M)",
  "max_mods": "5",
  "min_precursor_charge": null,
  "max_precursor_charge": "7",
  "submission_comments": "THIS IS TEST DO NOT ACCEPT!\n\n ### No parameter changes detected. \n\n\nDataset URL: https://proteobench.cubimed.rub.de/datasets/b3c11f68328854c3c35a2e3b72c0bda9773bef58/",
  "proteobench_version": "0.8.15",
  "minPeptideLength": NaN,
  "color": "#377eb8",
  "hover_text": "ProteoBench ID: MaxQuant_20250602_112233<br>Software tool: MaxQuant <br>Comment (private submission): ...",
  "scatter_size": 20,
  "scan_window": NaN,
  "quantification_method_DIANN": NaN,
  "second_pass": NaN,
  "protein_inference": "nan",
  "predictors_library": NaN,
  "quantification_method": "nan",
  "mean_abs_epsilon": 0.3007716243150622,
  "abundance_normalization_ions": "nan"
}