{
  "Highlight": false,
  "id": "MaxQuant_20250402_161008",
  "old_new": "new",
  "software_name": "MaxQuant",
  "software_version": "1.6.3.3",
  "search_engine": "Andromeda",
  "search_engine_version": "nan",
  "ident_fdr_psm": null,
  "ident_fdr_peptide": "0.01",
  "ident_fdr_protein": "0.01",
  "enable_match_between_runs": true,
  "precursor_mass_tolerance": "[-4.5 ppm, 4.5 ppm]",
  "fragment_mass_tolerance": "[-20 ppm, 20 ppm]",
  "enzyme": "Trypsin/P",
  "allowed_miscleavages": "2",
  "min_peptide_length": "7",
  "max_peptide_length": null,
  "is_temporary": false,
  "intermediate_hash": "b3f7e66c4ced0dc7b15b4fb2bbac6240b11739ff",
  "results": {
    "6": {
      "median_abs_epsilon": 0.13562278521073878,
      "mean_abs_epsilon": 0.17883226197316002,
      "variance_epsilon": 0.04328543686410795,
      "nr_prec": 53,
      "CV_median": 0.2111683661526026,
      "CV_q90": 0.39984008408720073,
      "CV_q75": 0.2909469606579595,
      "CV_q95": 0.45378970740997887
    },
    "5": {
      "median_abs_epsilon": 0.1588718524909094,
      "mean_abs_epsilon": 0.22106857585956552,
      "variance_epsilon": 0.09080922248717682,
      "nr_prec": 88,
      "CV_median": 0.20136132167914114,
      "CV_q90": 0.4030014360593164,
      "CV_q75": 0.27727370153579,
      "CV_q95": 0.4587078091653656
    },
    "4": {
      "median_abs_epsilon": 0.170998558457093,
      "mean_abs_epsilon": 0.2435372152021756,
      "variance_epsilon": 0.1193508119482163,
      "nr_prec": 113,
      "CV_median": 0.2070986242470233,
      "CV_q90": 0.4325133166847139,
      "CV_q75": 0.3025304180510914,
      "CV_q95": 0.5190939873433169
    },
    "3": {
      "median_abs_epsilon": 0.20391502431381703,
      "mean_abs_epsilon": 0.2723871589827207,
      "variance_epsilon": 0.14830359772436538,
      "nr_prec": 145,
      "CV_median": 0.2059045942311229,
      "CV_q90": 0.42953274246024864,
      "CV_q75": 0.29839447161787974,
      "CV_q95": 0.49739064403340716
    },
    "2": {
      "median_abs_epsilon": 0.20391502431381703,
      "mean_abs_epsilon": 0.27775243688568474,
      "variance_epsilon": 0.1514514279836152,
      "nr_prec": 173,
      "CV_median": 0.2055782086848184,
      "CV_q90": 0.43602212528755135,
      "CV_q75": 0.29839447161787974,
      "CV_q95": 0.505757159670098
    },
    "1": {
      "median_abs_epsilon": 0.20391502431381703,
      "mean_abs_epsilon": 0.27775243688568474,
      "variance_epsilon": 0.1514514279836152,
      "nr_prec": 234,
      "CV_median": 0.2055782086848184,
      "CV_q90": 0.43602212528755135,
      "CV_q75": 0.29839447161787974,
      "CV_q95": 0.505757159670098
    }
  },
  "median_abs_epsilon": 0.20391502431381703,
  "nr_prec": 145,
  "comments": "",
  "fixed_mods": "Carbamidomethyl (C)",
  "variable_mods": "Oxidation (M),Acetyl (Protein N-term)",
  "max_mods": "5",
  "min_precursor_charge": null,
  "max_precursor_charge": "7",
  "submission_comments": "\n\n ### No parameter changes detected. \n\n\nDataset URL: https://proteobench.cubimed.rub.de/datasets/b3f7e66c4ced0dc7b15b4fb2bbac6240b11739ff/",
  "proteobench_version": "0.5.10.dev28+g149aad0.d20241219",
  "minPeptideLength": NaN,
  "color": "#377eb8",
  "hover_text": "ProteoBench ID: MaxQuant_20250402_161008<br>Software tool: MaxQuant <br>",
  "scatter_size": 20,
  "scan_window": NaN,
  "quantification_method_DIANN": NaN,
  "second_pass": NaN,
  "protein_inference": "nan",
  "predictors_library": NaN,
  "quantification_method": "nan",
  "mean_abs_epsilon": 0.2723871589827207,
  "abundance_normalization_ions": "nan"
}