{
  "old_new": "new",
  "id": "FragPipe_20250605_082612",
  "software_name": "FragPipe",
  "software_version": "FragPipe (22.1-build02) runtime properties",
  "search_engine": "MSFragger",
  "search_engine_version": null,
  "ident_fdr_psm": "0.01",
  "ident_fdr_peptide": "0.01",
  "ident_fdr_protein": "0.01",
  "enable_match_between_runs": true,
  "precursor_mass_tolerance": "[-20 ppm, 20 ppm]",
  "fragment_mass_tolerance": "[-10 ppm, 10 ppm]",
  "enzyme": "Trypsin",
  "allowed_miscleavages": "2",
  "min_peptide_length": "7",
  "max_peptide_length": "50",
  "is_temporary": false,
  "intermediate_hash": "b9f217a22df2e15b1144830498fcb65f1dbcff57",
  "results": {
    "6": {
      "median_abs_epsilon": 0.18854235761217453,
      "mean_abs_epsilon": 0.30211150909621254,
      "variance_epsilon": 0.25403830516714004,
      "nr_prec": 16149,
      "CV_median": 0.23738693698986194,
      "CV_q90": 0.5199903816015051,
      "CV_q75": 0.3267086578812781,
      "CV_q95": 0.6658563656597827
    },
    "5": {
      "median_abs_epsilon": 0.21328333079776485,
      "mean_abs_epsilon": 0.3608838238954007,
      "variance_epsilon": 0.36014796041854,
      "nr_prec": 22991,
      "CV_median": 0.2422470534649604,
      "CV_q90": 0.5648226755390162,
      "CV_q75": 0.34630249793952106,
      "CV_q95": 0.7340801382761348
    },
    "4": {
      "median_abs_epsilon": 0.2423965912831143,
      "mean_abs_epsilon": 0.4322027707034364,
      "variance_epsilon": 0.5149621130589718,
      "nr_prec": 28957,
      "CV_median": 0.24594203820328173,
      "CV_q90": 0.6054526008712517,
      "CV_q75": 0.3623746771850178,
      "CV_q95": 0.791545263040736
    },
    "3": {
      "median_abs_epsilon": 0.2698084920439321,
      "mean_abs_epsilon": 0.4941190852866595,
      "variance_epsilon": 0.6628236360810182,
      "nr_prec": 35709,
      "CV_median": 0.24878616367486642,
      "CV_q90": 0.63395464348314,
      "CV_q75": 0.3750833427488028,
      "CV_q95": 0.8305636755006327
    },
    "2": {
      "median_abs_epsilon": 0.28689098817610414,
      "mean_abs_epsilon": 0.5408966384641288,
      "variance_epsilon": 0.7962209438790824,
      "nr_prec": 43294,
      "CV_median": 0.25087601543679977,
      "CV_q90": 0.6539325484268157,
      "CV_q75": 0.38457994027726977,
      "CV_q95": 0.858434211825191
    },
    "1": {
      "median_abs_epsilon": 0.28689098817610414,
      "mean_abs_epsilon": 0.5408966384641288,
      "variance_epsilon": 0.7962209438790824,
      "nr_prec": 53587,
      "CV_median": 0.25087601543679977,
      "CV_q90": 0.6539325484268157,
      "CV_q75": 0.38457994027726977,
      "CV_q95": 0.858434211825191
    }
  },
  "median_abs_epsilon": 0.2698084920439321,
  "mean_abs_epsilon": 0.4941190852866595,
  "nr_prec": 35709,
  "comments": "",
  "proteobench_version": "0.8.15",
  "color": "#ff7f00",
  "hover_text": "ProteoBench ID: FragPipe_20250605_082612<br>Software tool: FragPipe <br>Comment (private submission): ...",
  "scatter_size": 20,
  "fixed_mods": "0.0,C-Term Peptide,true,-1; 0.0,N-Term Peptide,true,-1; 0.0,C-Term Protein,true,-1; 0.0,N-Term Protein,true,-1; 0.0,G (glycine),true,-1; 0.0,A (alanine),true,-1; 0.0,S (serine),true,-1; 0.0,P (proline),true,-1; 0.0,V (valine),true,-1; 0.0,T (threonine),true,-1; 57.02146,C (cysteine),true,-1; 0.0,L (leucine),true,-1; 0.0,I (isoleucine),true,-1; 0.0,N (asparagine),true,-1; 0.0,D (aspartic acid),true,-1; 0.0,Q (glutamine),true,-1; 0.0,K (lysine),true,-1; 0.0,E (glutamic acid),true,-1; 0.0,M (methionine),true,-1; 0.0,H (histidine),true,-1; 0.0,F (phenylalanine),true,-1; 0.0,R (arginine),true,-1; 0.0,Y (tyrosine),true,-1; 0.0,W (tryptophan),true,-1; 0.0,B ,true,-1; 0.0,J,true,-1; 0.0,O,true,-1; 0.0,U,true,-1; 0.0,X,true,-1; 0.0,Z,true,-1",
  "variable_mods": "15.9949,M,true,3; 42.0106,[^,true,1; 79.96633,STY,false,3; -17.0265,nQnC,false,1; -18.0106,nE,false,1; 4.025107,K,false,2; 6.020129,R,false,2; 8.014199,K,false,2; 10.008269,R,false,2; 0.0,site_10,false,1; 0.0,site_11,false,1; 0.0,site_12,false,1; 0.0,site_13,false,1; 0.0,site_14,false,1; 0.0,site_15,false,1; 0.0,site_16,false,1",
  "max_mods": "3",
  "min_precursor_charge": "1",
  "max_precursor_charge": null,
  "quantification_method": "nan",
  "protein_inference": "ProteinProphet: --maxppmdiff 2000000",
  "abundance_normalization_ions": "nan",
  "submission_comments": "\n\n ### No parameter changes detected. \n\n\nDataset URL: https://proteobench.cubimed.rub.de/datasets/b9f217a22df2e15b1144830498fcb65f1dbcff57/"
}