{
  "old_new": "new",
  "id": "FragPipe_20250605_125705",
  "software_name": "FragPipe",
  "software_version": "22.1-build02",
  "search_engine": "MSFragger",
  "search_engine_version": null,
  "ident_fdr_psm": 0.01,
  "ident_fdr_peptide": 0.01,
  "ident_fdr_protein": 0.01,
  "enable_match_between_runs": true,
  "precursor_mass_tolerance": "[-20 ppm, 20 ppm]",
  "fragment_mass_tolerance": "[-10 ppm, 10 ppm]",
  "enzyme": "Trypsin",
  "allowed_miscleavages": 2,
  "min_peptide_length": 7,
  "max_peptide_length": 50,
  "is_temporary": false,
  "intermediate_hash": "b9f217a22df2e15b1144830498fcb65f1dbcff57",
  "results": {
    "6": {
      "median_abs_epsilon_global": 0.18859747858378917,
      "median_abs_epsilon_eq_species": 0.23469704363087315,
      "median_abs_epsilon_ECOLI": 0.2899915444001202,
      "median_abs_epsilon_HUMAN": 0.17396814792401827,
      "median_abs_epsilon_YEAST": 0.24013143856848096,
      "mean_abs_epsilon_global": 0.2990531450158754,
      "mean_abs_epsilon_eq_species": 0.3678442994391235,
      "mean_abs_epsilon_ECOLI": 0.48606745170707083,
      "mean_abs_epsilon_HUMAN": 0.2876831257095662,
      "mean_abs_epsilon_YEAST": 0.32978232090073334,
      "median_log2_empirical_ECOLI": -2.177266837953809,
      "median_log2_empirical_HUMAN": -0.02182738420037822,
      "median_log2_empirical_YEAST": 1.185889485888655,
      "median_abs_epsilon_precision_global": 0.17900594055042873,
      "median_abs_epsilon_precision_eq_species": 0.20354751032013732,
      "median_abs_epsilon_precision_ECOLI": 0.2501741302248206,
      "median_abs_epsilon_precision_HUMAN": 0.1772020531608689,
      "median_abs_epsilon_precision_YEAST": 0.1832663475747225,
      "mean_log2_empirical_ECOLI": -2.1874151767449956,
      "mean_log2_empirical_HUMAN": -0.10172712348015786,
      "mean_log2_empirical_YEAST": 1.1541418626551425,
      "mean_abs_epsilon_precision_global": 0.29581508293932873,
      "mean_abs_epsilon_precision_eq_species": 0.34172023644181343,
      "mean_abs_epsilon_precision_ECOLI": 0.442717201540152,
      "mean_abs_epsilon_precision_HUMAN": 0.29484173830426574,
      "mean_abs_epsilon_precision_YEAST": 0.2876017694810224,
      "CV_median": 0.23703173506333616,
      "CV_q75": 0.3255992454026759,
      "CV_q90": 0.5139539678918826,
      "CV_q95": 0.6593165802440905,
      "roc_auc": 0.9476697370048681,
      "roc_auc_directional": 0.9711266290014773,
      "nr_prec": 15846,
      "nr_prec_HUMAN": 12513,
      "nr_prec_YEAST": 3078,
      "nr_prec_ECOLI": 255,
      "variance_epsilon_global": 0.24460448120010625
    },
    "5": {
      "median_abs_epsilon_global": 0.2133827138592963,
      "median_abs_epsilon_eq_species": 0.2772053120203246,
      "median_abs_epsilon_ECOLI": 0.35808818685408994,
      "median_abs_epsilon_HUMAN": 0.19690766112520208,
      "median_abs_epsilon_YEAST": 0.2766200880816818,
      "mean_abs_epsilon_global": 0.35824156880902325,
      "mean_abs_epsilon_eq_species": 0.4536622108745982,
      "mean_abs_epsilon_ECOLI": 0.6069842036159154,
      "mean_abs_epsilon_HUMAN": 0.33788379679929553,
      "mean_abs_epsilon_YEAST": 0.41611863220858347,
      "median_log2_empirical_ECOLI": -2.2322897198634912,
      "median_log2_empirical_HUMAN": -0.02563503861583527,
      "median_log2_empirical_YEAST": 1.2030921403040509,
      "median_abs_epsilon_precision_global": 0.2041082861841268,
      "median_abs_epsilon_precision_eq_species": 0.23992794785586943,
      "median_abs_epsilon_precision_ECOLI": 0.2992323907094203,
      "median_abs_epsilon_precision_HUMAN": 0.1990106952874271,
      "median_abs_epsilon_precision_YEAST": 0.22154075757076086,
      "mean_log2_empirical_ECOLI": -2.323350904629864,
      "mean_log2_empirical_HUMAN": -0.11192476430943082,
      "mean_log2_empirical_YEAST": 1.20563002752003,
      "mean_abs_epsilon_precision_global": 0.35385043644509234,
      "mean_abs_epsilon_precision_eq_species": 0.42387455681509995,
      "mean_abs_epsilon_precision_ECOLI": 0.5580788378244221,
      "mean_abs_epsilon_precision_HUMAN": 0.3454918139780982,
      "mean_abs_epsilon_precision_YEAST": 0.3680530186427795,
      "CV_median": 0.24189676556590908,
      "CV_q75": 0.34483399767135703,
      "CV_q90": 0.5606079992563126,
      "CV_q95": 0.7281666200808844,
      "roc_auc": 0.9303028617325598,
      "roc_auc_directional": 0.9667517362445743,
      "nr_prec": 22625,
      "nr_prec_HUMAN": 17755,
      "nr_prec_YEAST": 4453,
      "nr_prec_ECOLI": 417,
      "variance_epsilon_global": 0.3509306866907991
    },
    "4": {
      "median_abs_epsilon_global": 0.242736084770808,
      "median_abs_epsilon_eq_species": 0.32665017063760854,
      "median_abs_epsilon_ECOLI": 0.44311558100400106,
      "median_abs_epsilon_HUMAN": 0.22312608469266237,
      "median_abs_epsilon_YEAST": 0.31370884621616213,
      "mean_abs_epsilon_global": 0.43066845469781,
      "mean_abs_epsilon_eq_species": 0.5693003677614031,
      "mean_abs_epsilon_ECOLI": 0.7937683548320216,
      "mean_abs_epsilon_HUMAN": 0.39921757664807306,
      "mean_abs_epsilon_YEAST": 0.514915171804115,
      "median_log2_empirical_ECOLI": -2.2925446930492406,
      "median_log2_empirical_HUMAN": -0.0312659937536548,
      "median_log2_empirical_YEAST": 1.2209811234476575,
      "median_abs_epsilon_precision_global": 0.23339396628069586,
      "median_abs_epsilon_precision_eq_species": 0.29562842075578466,
      "median_abs_epsilon_precision_ECOLI": 0.4001681527709895,
      "median_abs_epsilon_precision_HUMAN": 0.22470391716755778,
      "median_abs_epsilon_precision_YEAST": 0.2620131923288067,
      "mean_log2_empirical_ECOLI": -2.4728016582277013,
      "mean_log2_empirical_HUMAN": -0.12337036835703113,
      "mean_log2_empirical_YEAST": 1.2780148334289347,
      "mean_abs_epsilon_precision_global": 0.4257198267396571,
      "mean_abs_epsilon_precision_eq_species": 0.538899035748171,
      "mean_abs_epsilon_precision_ECOLI": 0.7440750179582833,
      "mean_abs_epsilon_precision_HUMAN": 0.4067816457857571,
      "mean_abs_epsilon_precision_YEAST": 0.4658404435004724,
      "CV_median": 0.24566865091619294,
      "CV_q75": 0.3613638157287504,
      "CV_q90": 0.6027188627523781,
      "CV_q95": 0.7879679133865902,
      "roc_auc": 0.9105627286842082,
      "roc_auc_directional": 0.9570495383153916,
      "nr_prec": 28556,
      "nr_prec_HUMAN": 22254,
      "nr_prec_YEAST": 5696,
      "nr_prec_ECOLI": 606,
      "variance_epsilon_global": 0.5089070957526286
    },
    "3": {
      "median_abs_epsilon_global": 0.2702870405553828,
      "median_abs_epsilon_eq_species": 0.35328218571599673,
      "median_abs_epsilon_ECOLI": 0.46729473255487974,
      "median_abs_epsilon_HUMAN": 0.25147423483076814,
      "median_abs_epsilon_YEAST": 0.34107758976234237,
      "mean_abs_epsilon_global": 0.493118073083252,
      "mean_abs_epsilon_eq_species": 0.6262357409243715,
      "mean_abs_epsilon_ECOLI": 0.8329403800157795,
      "mean_abs_epsilon_HUMAN": 0.46184963722980377,
      "mean_abs_epsilon_YEAST": 0.5839172055275313,
      "median_log2_empirical_ECOLI": -2.2828835519308797,
      "median_log2_empirical_HUMAN": -0.03545172920405193,
      "median_log2_empirical_YEAST": 1.233449644300567,
      "median_abs_epsilon_precision_global": 0.2612372699873191,
      "median_abs_epsilon_precision_eq_species": 0.3227909096302959,
      "median_abs_epsilon_precision_ECOLI": 0.4216188488627175,
      "median_abs_epsilon_precision_HUMAN": 0.2517499676216275,
      "median_abs_epsilon_precision_YEAST": 0.29500391240654267,
      "mean_log2_empirical_ECOLI": -2.4487486913089382,
      "mean_log2_empirical_HUMAN": -0.13013448185574147,
      "mean_log2_empirical_YEAST": 1.3200749375150809,
      "mean_abs_epsilon_precision_global": 0.48888256433826366,
      "mean_abs_epsilon_precision_eq_species": 0.5976170998183518,
      "mean_abs_epsilon_precision_ECOLI": 0.785620715066652,
      "mean_abs_epsilon_precision_HUMAN": 0.469049386756098,