{
  "id": "i2MassChroQ_20250530_115941",
  "old_new": "new",
  "software_name": "i2MassChroQ",
  "software_version": "1.0.11",
  "search_engine": "X! Tandem",
  "search_engine_version": "X! Tandem Alanine (2017.2.1.4)",
  "ident_fdr_psm": "0.009997992371",
  "ident_fdr_peptide": "0.01335523795",
  "ident_fdr_protein": "0.009859959989",
  "enable_match_between_runs": true,
  "precursor_mass_tolerance": "[-10 ppm, 10 ppm]",
  "fragment_mass_tolerance": "[-0.02 Da, 0.02 Da]",
  "enzyme": "[RK]|{P}",
  "allowed_miscleavages": "3",
  "min_peptide_length": null,
  "max_peptide_length": null,
  "is_temporary": false,
  "intermediate_hash": "bbb11332ac2fb1e6c16ef6168d7fd04eed157e00",
  "results": {
    "6": {
      "median_abs_epsilon": NaN,
      "mean_abs_epsilon": NaN,
      "variance_epsilon": NaN,
      "nr_prec": 0,
      "CV_median": NaN,
      "CV_q90": NaN,
      "CV_q75": NaN,
      "CV_q95": NaN
    },
    "5": {
      "median_abs_epsilon": 0.32409117337224025,
      "mean_abs_epsilon": 0.5448007116481515,
      "variance_epsilon": 0.31199633612170397,
      "nr_prec": 4,
      "CV_median": 0.1813100779101785,
      "CV_q90": 0.32511962165440617,
      "CV_q75": 0.2431427873890804,
      "CV_q95": 0.35244523307618125
    },
    "4": {
      "median_abs_epsilon": 0.6052904778933055,
      "mean_abs_epsilon": 0.8952565412626636,
      "variance_epsilon": 1.3353104396831927,
      "nr_prec": 123,
      "CV_median": 0.25561885035140075,
      "CV_q90": 0.8162109320646764,
      "CV_q75": 0.5203200095538333,
      "CV_q95": 0.9517360498279832
    },
    "3": {
      "median_abs_epsilon": 0.6792159286467019,
      "mean_abs_epsilon": 0.9963171214754517,
      "variance_epsilon": 1.753938177856616,
      "nr_prec": 1331,
      "CV_median": 0.25769364284778973,
      "CV_q90": 0.8548089174411277,
      "CV_q75": 0.5373013180999169,
      "CV_q95": 1.020899209951093
    },
    "2": {
      "median_abs_epsilon": 0.7043770340689512,
      "mean_abs_epsilon": 1.0452176464305658,
      "variance_epsilon": 1.9515018505262287,
      "nr_prec": 9199,
      "CV_median": 0.26578204939508154,
      "CV_q90": 0.841910834323597,
      "CV_q75": 0.5660943732136948,
      "CV_q95": 1.008507371754063
    },
    "1": {
      "median_abs_epsilon": 0.7043770340689512,
      "mean_abs_epsilon": 1.0452176464305658,
      "variance_epsilon": 1.9515018505262292,
      "nr_prec": 38180,
      "CV_median": 0.26578204939508154,
      "CV_q90": 0.841910834323597,
      "CV_q75": 0.5660943732136948,
      "CV_q95": 1.008507371754063
    }
  },
  "median_abs_epsilon": 0.6792159286467019,
  "nr_prec": 1331,
  "comments": "",
  "fixed_mods": "57.02146@C",
  "variable_mods": "15.99491@M;Acetyl(N-term);Pyrolidone(N-term)",
  "max_mods": null,
  "min_precursor_charge": null,
  "max_precursor_charge": "4",
  "submission_comments": "TEST DO NOT MERGE\n\n ### No parameter changes detected. \n\n\nDataset URL: https://proteobench.cubimed.rub.de/datasets/bbb11332ac2fb1e6c16ef6168d7fd04eed157e00/",
  "proteobench_version": "0.8.15",
  "minPeptideLength": NaN,
  "color": "#984ea3",
  "hover_text": "ProteoBench ID: i2MassChroQ_20250530_115941<br>Software tool: i2MassChroQ <br>Comment (private submission): ...",
  "scatter_size": 20,
  "scan_window": NaN,
  "quantification_method_DIANN": NaN,
  "second_pass": NaN,
  "protein_inference": "nan",
  "predictors_library": NaN,
  "quantification_method": "nan",
  "mean_abs_epsilon": 0.9963171214754517,
  "abundance_normalization_ions": "nan"
}