{
  "id": "Sage_20250504_144712",
  "old_new": "new",
  "software_name": "Sage",
  "software_version": "0.14.6",
  "search_engine": "Sage",
  "search_engine_version": "0.14.6",
  "ident_fdr_psm": "0.01",
  "ident_fdr_peptide": "NA",
  "ident_fdr_protein": "NA",
  "enable_match_between_runs": true,
  "precursor_mass_tolerance": "[-20.0 ppm, 20.0 ppm]",
  "fragment_mass_tolerance": "[-20.0 ppm, 20.0 ppm]",
  "enzyme": "KR",
  "allowed_miscleavages": "2",
  "min_peptide_length": "7",
  "max_peptide_length": "50",
  "is_temporary": false,
  "intermediate_hash": "bbd079eda4dd3d6a51b37924d83db50022530bb6",
  "results": {
    "6": {
      "median_abs_epsilon": 0.2758270094185171,
      "mean_abs_epsilon": 0.4451288856972064,
      "variance_epsilon": 0.45592119664697867,
      "nr_prec": 55996,
      "CV_median": 0.27759563074551624,
      "CV_q90": 0.8616710682247298,
      "CV_q75": 0.5395184975606825,
      "CV_q95": 1.137143265734418
    },
    "5": {
      "median_abs_epsilon": 0.2811340633782464,
      "mean_abs_epsilon": 0.46092810343651863,
      "variance_epsilon": 0.5029228314723426,
      "nr_prec": 57305,
      "CV_median": 0.2812179032326672,
      "CV_q90": 0.8791909467793322,
      "CV_q75": 0.5534682349563442,
      "CV_q95": 1.1694310440502564
    },
    "4": {
      "median_abs_epsilon": 0.2848316705896714,
      "mean_abs_epsilon": 0.4746315911768033,
      "variance_epsilon": 0.551575641432686,
      "nr_prec": 58249,
      "CV_median": 0.28272879459950717,
      "CV_q90": 0.8882972291309121,
      "CV_q75": 0.5592583150265091,
      "CV_q95": 1.186061120122222
    },
    "3": {
      "median_abs_epsilon": 0.28703504222735177,
      "mean_abs_epsilon": 0.4838875788903453,
      "variance_epsilon": 0.5867553510574792,
      "nr_prec": 58744,
      "CV_median": 0.2834442564526887,
      "CV_q90": 0.8922854243080083,
      "CV_q75": 0.5622169717212789,
      "CV_q95": 1.1930039921770526
    },
    "2": {
      "median_abs_epsilon": 0.28819395743998477,
      "mean_abs_epsilon": 0.48832181789036866,
      "variance_epsilon": 0.6063065092843535,
      "nr_prec": 59030,
      "CV_median": 0.28347822327951144,
      "CV_q90": 0.8926745898900851,
      "CV_q75": 0.5623199801362677,
      "CV_q95": 1.193531477589904
    },
    "1": {
      "median_abs_epsilon": 0.28819395743998477,
      "mean_abs_epsilon": 0.4883218178903686,
      "variance_epsilon": 0.6063065092843534,
      "nr_prec": 59083,
      "CV_median": 0.28347822327951144,
      "CV_q90": 0.8926745898900851,
      "CV_q75": 0.5623199801362677,
      "CV_q95": 1.193531477589904
    }
  },
  "median_abs_epsilon": 0.28703504222735177,
  "nr_prec": 58744,
  "comments": "",
  "fixed_mods": "{'C': 57.02146}",
  "variable_mods": "{'M': [15.9949], '[': [42.0106]}",
  "max_mods": "3",
  "min_precursor_charge": "1",
  "max_precursor_charge": "7",
  "submission_comments": "\n\n ### Parameter changes Detected:\n- **abundance_normalization_ions**: `None` \u2192 `nan`\n- **quantification_method**: `None` \u2192 `Sage`\n- **protein_inference**: `None` \u2192 `nan`\n- **ident_fdr_protein**: `None` \u2192 `NA`\n- **ident_fdr_peptide**: `None` \u2192 `NA`\n- **ident_fdr_psm**: `None` \u2192 `0.01`\n\nDataset URL: https://proteobench.cubimed.rub.de/datasets/bbd079eda4dd3d6a51b37924d83db50022530bb6/",
  "proteobench_version": "0.8.7",
  "minPeptideLength": NaN,
  "color": "#a65628",
  "hover_text": "ProteoBench ID: Sage_20250504_144712<br>Software tool: Sage <br>Comment (private submission): ...",
  "scatter_size": 20,
  "scan_window": NaN,
  "quantification_method_DIANN": NaN,
  "second_pass": NaN,
  "protein_inference": NaN,
  "predictors_library": NaN,
  "quantification_method": "Sage",
  "mean_abs_epsilon": 0.4838875788903453,
  "abundance_normalization_ions": NaN
}