{
  "id": "MaxQuant_20250605_123112",
  "software_name": "MaxQuant",
  "software_version": "1.5.3.30",
  "search_engine": "Andromeda",
  "search_engine_version": NaN,
  "ident_fdr_psm": 0.01,
  "ident_fdr_peptide": NaN,
  "ident_fdr_protein": 0.01,
  "enable_match_between_runs": true,
  "precursor_mass_tolerance": "[-4.5 ppm, 4.5 ppm]",
  "fragment_mass_tolerance": "[-20 ppm, 20 ppm]",
  "enzyme": "Trypsin/P",
  "allowed_miscleavages": 1,
  "min_peptide_length": 7,
  "max_peptide_length": NaN,
  "is_temporary": false,
  "intermediate_hash": "bc6d394a74fdfe29e4af7c0154a3732037d64759",
  "results": {
    "6": {
      "median_abs_epsilon_global": 0.17239382958310046,
      "median_abs_epsilon_eq_species": 0.19695779468435326,
      "median_abs_epsilon_ECOLI": 0.23220276692483743,
      "median_abs_epsilon_HUMAN": 0.1664419378475941,
      "median_abs_epsilon_YEAST": 0.19222867928062826,
      "mean_abs_epsilon_global": 0.2329741162245779,
      "mean_abs_epsilon_eq_species": 0.285934321275876,
      "mean_abs_epsilon_ECOLI": 0.3801526042282565,
      "mean_abs_epsilon_HUMAN": 0.22431214474161928,
      "mean_abs_epsilon_YEAST": 0.25333821485775215,
      "median_log2_empirical_ECOLI": -1.8056624598416722,
      "median_log2_empirical_HUMAN": 0.07949152763775302,
      "median_log2_empirical_YEAST": 1.125303058773227,
      "median_abs_epsilon_precision_global": 0.15203929229244295,
      "median_abs_epsilon_precision_eq_species": 0.16211461738072153,
      "median_abs_epsilon_precision_ECOLI": 0.1830836369628397,
      "median_abs_epsilon_precision_HUMAN": 0.15169034580044638,
      "median_abs_epsilon_precision_YEAST": 0.1515698693788785,
      "mean_log2_empirical_ECOLI": -1.7126661927646702,
      "mean_log2_empirical_HUMAN": 0.06705008550085712,
      "mean_log2_empirical_YEAST": 1.0970649658484222,
      "mean_abs_epsilon_precision_global": 0.21930807416979986,
      "mean_abs_epsilon_precision_eq_species": 0.26155277675481714,
      "mean_abs_epsilon_precision_ECOLI": 0.34195931251854245,
      "mean_abs_epsilon_precision_HUMAN": 0.21391408728095218,
      "mean_abs_epsilon_precision_YEAST": 0.2287849304649568,
      "CV_median": 0.21362954383806873,
      "CV_q75": 0.29722929230221884,
      "CV_q90": 0.43327889896136806,
      "CV_q95": 0.5362572689935936,
      "variance_epsilon_global": 0.12130151555914001,
      "nr_feature": 25407,
      "roc_auc": 0.9749762634569725
    },
    "5": {
      "median_abs_epsilon_global": 0.18648349526642605,
      "median_abs_epsilon_eq_species": 0.2212809767588387,
      "median_abs_epsilon_ECOLI": 0.27653667879181576,
      "median_abs_epsilon_HUMAN": 0.17959311894530394,
      "median_abs_epsilon_YEAST": 0.20771313253939638,
      "mean_abs_epsilon_global": 0.26418222115442463,
      "mean_abs_epsilon_eq_species": 0.331669705421794,
      "mean_abs_epsilon_ECOLI": 0.4557706021140181,
      "mean_abs_epsilon_HUMAN": 0.2525707942816267,
      "mean_abs_epsilon_YEAST": 0.28666771986973716,
      "median_log2_empirical_ECOLI": -1.7632572343987434,
      "median_log2_empirical_HUMAN": 0.07928181707560533,
      "median_log2_empirical_YEAST": 1.1056343863424694,
      "median_abs_epsilon_precision_global": 0.1684014194336605,
      "median_abs_epsilon_precision_eq_species": 0.19215562573840236,
      "median_abs_epsilon_precision_ECOLI": 0.23449796326413086,
      "median_abs_epsilon_precision_HUMAN": 0.16539217817116203,
      "median_abs_epsilon_precision_YEAST": 0.17657673577991417,
      "mean_log2_empirical_ECOLI": -1.667746207603299,
      "mean_log2_empirical_HUMAN": 0.06793591777794596,
      "mean_log2_empirical_YEAST": 1.0682462746266552,
      "mean_abs_epsilon_precision_global": 0.2525960142747105,
      "mean_abs_epsilon_precision_eq_species": 0.3051148830750765,
      "mean_abs_epsilon_precision_ECOLI": 0.3994360223689216,
      "mean_abs_epsilon_precision_HUMAN": 0.24287820655431008,
      "mean_abs_epsilon_precision_YEAST": 0.2730304203019978,
      "CV_median": 0.21617905394284453,
      "CV_q75": 0.309382974388922,
      "CV_q90": 0.45832714781789075,
      "CV_q95": 0.568167812152478,
      "variance_epsilon_global": 0.16186699053567685,
      "nr_feature": 32875,
      "roc_auc": 0.9604129047263814
    },
    "4": {
      "median_abs_epsilon_global": 0.20005087736589822,
      "median_abs_epsilon_eq_species": 0.2526477077711326,
      "median_abs_epsilon_ECOLI": 0.34420675269969614,
      "median_abs_epsilon_HUMAN": 0.19078175391011598,
      "median_abs_epsilon_YEAST": 0.22295461670358563,
      "mean_abs_epsilon_global": 0.2994832393502337,
      "mean_abs_epsilon_eq_species": 0.38582277371492085,
      "mean_abs_epsilon_ECOLI": 0.5479610664629442,
      "mean_abs_epsilon_HUMAN": 0.28317756022419666,
      "mean_abs_epsilon_YEAST": 0.3263296944576217,
      "median_log2_empirical_ECOLI": -1.7221107482226454,
      "median_log2_empirical_HUMAN": 0.078042619892841,
      "median_log2_empirical_YEAST": 1.0896728379731542,
      "median_abs_epsilon_precision_global": 0.1835850945141857,
      "median_abs_epsilon_precision_eq_species": 0.2206629377426014,
      "median_abs_epsilon_precision_ECOLI": 0.28632427054419907,
      "median_abs_epsilon_precision_HUMAN": 0.177797521958297,
      "median_abs_epsilon_precision_YEAST": 0.19786702072530815,
      "mean_log2_empirical_ECOLI": -1.6198001083361717,
      "mean_log2_empirical_HUMAN": 0.06327162822674395,
      "mean_log2_empirical_YEAST": 1.0499935130077933,
      "mean_abs_epsilon_precision_global": 0.28909834104220394,
      "mean_abs_epsilon_precision_eq_species": 0.3557823912065554,
      "mean_abs_epsilon_precision_ECOLI": 0.4746087521038521,
      "mean_abs_epsilon_precision_HUMAN": 0.27448560134043626,
      "mean_abs_epsilon_precision_YEAST": 0.31825282017537787,
      "CV_median": 0.21760170237848575,
      "CV_q75": 0.3159216566309565,
      "CV_q90": 0.47136369016539925,
      "CV_q95": 0.5878428371176576,
      "variance_epsilon_global": 0.2244459038655775,
      "nr_feature": 38956,
      "roc_auc": 0.9407974023390522
    },
    "3": {
      "median_abs_epsilon_global": 0.20983017821094307,
      "median_abs_epsilon_eq_species": 0.2727409963891265,
      "median_abs_epsilon_ECOLI": 0.38561541546080136,
      "median_abs_epsilon_HUMAN": 0.20083604946569444,
      "median_abs_epsilon_YEAST": 0.23177152424088376,
      "mean_abs_epsilon_global": 0.3230122497117466,
      "mean_abs_epsilon_eq_species": 0.4174725336109107,
      "mean_abs_epsilon_ECOLI": 0.5973500708490992,
      "mean_abs_epsilon_HUMAN": 0.30612201404536027,
      "mean_abs_epsilon_YEAST": 0.34894551593827255,
      "median_log2_empirical_ECOLI": -1.7022704965307867,
      "median_log2_empirical_HUMAN": 0.0779830836254991,
      "median_log2_empirical_YEAST": 1.080966498982864,
      "median_abs_epsilon_precision_global": 0.19449976992166462,
      "median_abs_epsilon_precision_eq_species": 0.23451727467236397,
      "median_abs_epsilon_precision_ECOLI": 0.3075088050388288,
      "median_abs_epsilon_precision_HUMAN": 0.18729407451913183,
      "median_abs_epsilon_precision_YEAST": 0.20874894445913128,
      "mean_log2_empirical_ECOLI": -1.57895008000562,
      "mean_log2_empirical_HUMAN": 0.06238641091575669,
      "mean_log2_empirical_YEAST": 1.0385352696420422,
      "mean_abs_epsilon_precision_global": 0.31328647575592633,
      "mean_abs_epsilon_precision_eq_species": 0.3865837211213686,
      "mean_abs_epsilon_precision_ECOLI": 0.5186916528907625,
      "mean_abs_epsilon_precision_HUMAN": 0.29787028685078115,
      "mean_abs_epsilon_precision_YEAST": 0.3431892236225623,
      "CV_median": 0.2185504661172055,
      "CV_q75": 0.3200088556792249,
      "CV_q90": 0.4791588083588705,
      "CV_q95": 0.6000401007407489,
      "variance_epsilon_global": 0.26535458647407,
      "nr_feature": 44299,
      "roc_auc": 0.9277283390493802
    },
    "2": {
      "median_abs_epsilon_global": 0.2134080820588231,
      "median_abs_epsilon_eq_species": 0.2770006763954888,