{
  "old_new": "new",
  "id": "MaxQuant_20250605_123112",
  "software_name": "MaxQuant",
  "software_version": "1.5.3.30",
  "search_engine": "Andromeda",
  "search_engine_version": "nan",
  "ident_fdr_psm": "0.01",
  "ident_fdr_peptide": null,
  "ident_fdr_protein": "0.01",
  "enable_match_between_runs": true,
  "precursor_mass_tolerance": "[-4.5 ppm, 4.5 ppm]",
  "fragment_mass_tolerance": "[-20 ppm, 20 ppm]",
  "enzyme": "Trypsin/P",
  "allowed_miscleavages": "1",
  "min_peptide_length": "7",
  "max_peptide_length": null,
  "is_temporary": false,
  "intermediate_hash": "bc6d394a74fdfe29e4af7c0154a3732037d64759",
  "results": {
    "6": {
      "median_abs_epsilon": 0.17247203759260188,
      "mean_abs_epsilon": 0.23296313371341384,
      "variance_epsilon": 0.12139043280111204,
      "nr_prec": 25721,
      "CV_median": 0.2137605589168024,
      "CV_q90": 0.4349683805892235,
      "CV_q75": 0.297587145168872,
      "CV_q95": 0.5374553895837756
    },
    "5": {
      "median_abs_epsilon": 0.1864216462381929,
      "mean_abs_epsilon": 0.2638969743042504,
      "variance_epsilon": 0.16122447020788863,
      "nr_prec": 33224,
      "CV_median": 0.21622823391613363,
      "CV_q90": 0.4588875793008751,
      "CV_q75": 0.30965506612620197,
      "CV_q95": 0.5691721678478883
    },
    "4": {
      "median_abs_epsilon": 0.19989666300129905,
      "mean_abs_epsilon": 0.2990170281548005,
      "variance_epsilon": 0.2242695391320036,
      "nr_prec": 39326,
      "CV_median": 0.21768983494198013,
      "CV_q90": 0.4718998966580008,
      "CV_q75": 0.3162556303422085,
      "CV_q95": 0.5886303558345958
    },
    "3": {
      "median_abs_epsilon": 0.20968959033468337,
      "mean_abs_epsilon": 0.32239123552108717,
      "variance_epsilon": 0.26494351945057615,
      "nr_prec": 44686,
      "CV_median": 0.2185888337180779,
      "CV_q90": 0.47936180632717107,
      "CV_q75": 0.32029734315496167,
      "CV_q95": 0.6004285380862942
    },
    "2": {
      "median_abs_epsilon": 0.21323380935637815,
      "mean_abs_epsilon": 0.3335184592053549,
      "variance_epsilon": 0.2912541290405363,
      "nr_prec": 48863,
      "CV_median": 0.21862998378929788,
      "CV_q90": 0.4819024675907564,
      "CV_q75": 0.3213311518065494,
      "CV_q95": 0.6058360223797029
    },
    "1": {
      "median_abs_epsilon": 0.21323380935637815,
      "mean_abs_epsilon": 0.3335184592053549,
      "variance_epsilon": 0.2912541290405364,
      "nr_prec": 51338,
      "CV_median": 0.21862998378929788,
      "CV_q90": 0.4819024675907564,
      "CV_q75": 0.3213311518065494,
      "CV_q95": 0.6058360223797029
    }
  },
  "median_abs_epsilon": 0.20968959033468337,
  "mean_abs_epsilon": 0.32239123552108717,
  "nr_prec": 44686,
  "comments": "",
  "proteobench_version": "0.8.18",
  "color": "#377eb8",
  "hover_text": "ProteoBench ID: MaxQuant_20250605_123112<br>Software tool: MaxQuant <br>Comment (private submission): ...",
  "scatter_size": 20,
  "fixed_mods": "Carbamidomethyl (C)",
  "variable_mods": "Oxidation (M),Acetyl (Protein N-term)",
  "max_mods": "5",
  "min_precursor_charge": null,
  "max_precursor_charge": "7",
  "quantification_method": "nan",
  "protein_inference": "nan",
  "abundance_normalization_ions": "nan",
  "submission_comments": "\n\n ### No parameter changes detected. \n\n\nDataset URL: https://proteobench.cubimed.rub.de/datasets/bc6d394a74fdfe29e4af7c0154a3732037d64759/"
}