{
  "old_new": "new",
  "id": "MaxQuant_20250605_123112",
  "software_name": "MaxQuant",
  "software_version": "1.5.3.30",
  "search_engine": "Andromeda",
  "search_engine_version": NaN,
  "ident_fdr_psm": 0.01,
  "ident_fdr_peptide": null,
  "ident_fdr_protein": 0.01,
  "enable_match_between_runs": true,
  "precursor_mass_tolerance": "[-4.5 ppm, 4.5 ppm]",
  "fragment_mass_tolerance": "[-20 ppm, 20 ppm]",
  "enzyme": "Trypsin/P",
  "allowed_miscleavages": 1,
  "min_peptide_length": 7,
  "max_peptide_length": null,
  "is_temporary": false,
  "intermediate_hash": "bc6d394a74fdfe29e4af7c0154a3732037d64759",
  "results": {
    "6": {
      "median_abs_epsilon_global": 0.1721629178911055,
      "median_abs_epsilon_eq_species": 0.19619930343238204,
      "median_abs_epsilon_ECOLI": 0.23046089375110057,
      "median_abs_epsilon_HUMAN": 0.16629950472585975,
      "median_abs_epsilon_YEAST": 0.19183751182018582,
      "mean_abs_epsilon_global": 0.23215264160880486,
      "mean_abs_epsilon_eq_species": 0.2826917383147243,
      "mean_abs_epsilon_ECOLI": 0.37203171652650546,
      "mean_abs_epsilon_HUMAN": 0.2237352040316328,
      "mean_abs_epsilon_YEAST": 0.2523082943860346,
      "median_log2_empirical_ECOLI": -1.8063949780478392,
      "median_log2_empirical_HUMAN": 0.07945037023954882,
      "median_log2_empirical_YEAST": 1.1253697302100925,
      "median_abs_epsilon_precision_global": 0.15186801766143532,
      "median_abs_epsilon_precision_eq_species": 0.16148562161978397,
      "median_abs_epsilon_precision_ECOLI": 0.18175197340718263,
      "median_abs_epsilon_precision_HUMAN": 0.15151238169522685,
      "median_abs_epsilon_precision_YEAST": 0.15119250975694243,
      "mean_log2_empirical_ECOLI": -1.7211568764703769,
      "mean_log2_empirical_HUMAN": 0.06672258400402514,
      "mean_log2_empirical_YEAST": 1.0982065401340748,
      "mean_abs_epsilon_precision_global": 0.2184230553716565,
      "mean_abs_epsilon_precision_eq_species": 0.25771664580263987,
      "mean_abs_epsilon_precision_ECOLI": 0.3322595303501412,
      "mean_abs_epsilon_precision_HUMAN": 0.21334523425122748,
      "mean_abs_epsilon_precision_YEAST": 0.22754517280655098,
      "CV_median": 0.21357626294493953,
      "CV_q75": 0.29689000489292894,
      "CV_q90": 0.432472787030704,
      "CV_q95": 0.535822812930304,
      "roc_auc": 0.9755674569650777,
      "roc_auc_directional": 0.9741044444915103,
      "nr_prec": 25372,
      "nr_prec_HUMAN": 20001,
      "nr_prec_YEAST": 4869,
      "nr_prec_ECOLI": 502,
      "variance_epsilon_global": 0.12000167850567967
    },
    "5": {
      "median_abs_epsilon_global": 0.18619095563798282,
      "median_abs_epsilon_eq_species": 0.22084136570625587,
      "median_abs_epsilon_ECOLI": 0.27572481095344337,
      "median_abs_epsilon_HUMAN": 0.17936764883721779,
      "median_abs_epsilon_YEAST": 0.20743163732810643,
      "mean_abs_epsilon_global": 0.26338761587366505,
      "mean_abs_epsilon_eq_species": 0.3295149993033919,
      "mean_abs_epsilon_ECOLI": 0.45073797438259827,
      "mean_abs_epsilon_HUMAN": 0.2519042622946673,
      "mean_abs_epsilon_YEAST": 0.2859027612329101,
      "median_log2_empirical_ECOLI": -1.7634549282316794,
      "median_log2_empirical_HUMAN": 0.07927929319223637,
      "median_log2_empirical_YEAST": 1.1057315779834482,
      "median_abs_epsilon_precision_global": 0.16800035906738664,
      "median_abs_epsilon_precision_eq_species": 0.19179717872336136,
      "median_abs_epsilon_precision_ECOLI": 0.23382543852493498,
      "median_abs_epsilon_precision_HUMAN": 0.16525804622316542,
      "median_abs_epsilon_precision_YEAST": 0.1763080514219837,
      "mean_log2_empirical_ECOLI": -1.6730955451032246,
      "mean_log2_empirical_HUMAN": 0.06784447127633882,
      "mean_log2_empirical_YEAST": 1.0691537385662366,
      "mean_abs_epsilon_precision_global": 0.2517506867576576,
      "mean_abs_epsilon_precision_eq_species": 0.3026938116227003,
      "mean_abs_epsilon_precision_ECOLI": 0.39376883561205317,
      "mean_abs_epsilon_precision_HUMAN": 0.2422045177475402,
      "mean_abs_epsilon_precision_YEAST": 0.2721080815085076,
      "CV_median": 0.21609132856460955,
      "CV_q75": 0.3091008119992459,
      "CV_q90": 0.4576920085084879,
      "CV_q95": 0.567705205821057,
      "roc_auc": 0.9609865138478345,
      "roc_auc_directional": 0.96680646274492,
      "nr_prec": 32830,
      "nr_prec_HUMAN": 25523,
      "nr_prec_YEAST": 6527,
      "nr_prec_ECOLI": 780,
      "variance_epsilon_global": 0.1603917462018334
    },
    "4": {
      "median_abs_epsilon_global": 0.1997901469225205,
      "median_abs_epsilon_eq_species": 0.252255552484242,
      "median_abs_epsilon_ECOLI": 0.34377728313108946,
      "median_abs_epsilon_HUMAN": 0.19061463228415576,
      "median_abs_epsilon_YEAST": 0.22237474203748064,
      "mean_abs_epsilon_global": 0.2985959727789014,
      "mean_abs_epsilon_eq_species": 0.3836711075512729,
      "mean_abs_epsilon_ECOLI": 0.5431582224716826,
      "mean_abs_epsilon_HUMAN": 0.2824560889961452,
      "mean_abs_epsilon_YEAST": 0.32539901118599107,
      "median_log2_empirical_ECOLI": -1.722653594444946,
      "median_log2_empirical_HUMAN": 0.078042619892841,
      "median_log2_empirical_YEAST": 1.0900499803063681,
      "median_abs_epsilon_precision_global": 0.18330872394470532,
      "median_abs_epsilon_precision_eq_species": 0.21978128755148182,
      "median_abs_epsilon_precision_ECOLI": 0.28448977781848583,
      "median_abs_epsilon_precision_HUMAN": 0.17744910310809203,
      "median_abs_epsilon_precision_YEAST": 0.19740498172786758,
      "mean_log2_empirical_ECOLI": -1.6250634130084924,
      "mean_log2_empirical_HUMAN": 0.0632499314944895,
      "mean_log2_empirical_YEAST": 1.0512507274888305,
      "mean_abs_epsilon_precision_global": 0.28816234835056737,
      "mean_abs_epsilon_precision_eq_species": 0.3535324416685006,
      "mean_abs_epsilon_precision_ECOLI": 0.46971195880064714,
      "mean_abs_epsilon_precision_HUMAN": 0.2737516710804569,
      "mean_abs_epsilon_precision_YEAST": 0.3171336951243978,
      "CV_median": 0.2175203729243971,
      "CV_q75": 0.31564195844586895,
      "CV_q90": 0.4708644547383703,
      "CV_q95": 0.5871202686066357,
      "roc_auc": 0.9415742867969792,
      "roc_auc_directional": 0.9566193577054498,
      "nr_prec": 38895,
      "nr_prec_HUMAN": 29819,
      "nr_prec_YEAST": 7983,
      "nr_prec_ECOLI": 1093,
      "variance_epsilon_global": 0.22287185269882895
    },
    "3": {
      "median_abs_epsilon_global": 0.2095235310840522,
      "median_abs_epsilon_eq_species": 0.27230668704535255,
      "median_abs_epsilon_ECOLI": 0.3849931169392775,
      "median_abs_epsilon_HUMAN": 0.20042762177285312,
      "median_abs_epsilon_YEAST": 0.231499322423927,
      "mean_abs_epsilon_global": 0.32200480181482366,
      "mean_abs_epsilon_eq_species": 0.41535213714174807,
      "mean_abs_epsilon_ECOLI": 0.5931024926065592,
      "mean_abs_epsilon_HUMAN": 0.30531926940210374,
      "mean_abs_epsilon_YEAST": 0.34763464941658123,
      "median_log2_empirical_ECOLI": -1.7030306831630568,
      "median_log2_empirical_HUMAN": 0.07788358457303168,
      "median_log2_empirical_YEAST": 1.0813923527041247,
      "median_abs_epsilon_precision_global": 0.19413752568086018,
      "median_abs_epsilon_precision_eq_species": 0.2335474166533249,
      "median_abs_epsilon_precision_ECOLI": 0.3054399050731256,
      "median_abs_epsilon_precision_HUMAN": 0.18696415699546698,
      "median_abs_epsilon_precision_YEAST": 0.20823818789138215,
      "mean_log2_empirical_ECOLI": -1.5836380416391376,
      "mean_log2_empirical_HUMAN": 0.06219634909199105,
      "mean_log2_empirical_YEAST": 1.0394806514690322,
      "mean_abs_epsilon_precision_global": 0.3122553731940495,
      "mean_abs_epsilon_precision_eq_species": 0.3843995538180122,
      "mean_abs_epsilon_precision_ECOLI": 0.5143930265288392,
      "mean_abs_epsilon_precision_HUMAN": 0.2970761903351294,