{
    "id": "MaxQuant_20241216_130203",
    "old_new": "old",
    "software_name": "MaxQuant",
    "software_version": "1.5.3.30",
    "search_engine": "Andromeda",
    "search_engine_version": null,
    "ident_fdr_psm": null,
    "ident_fdr_peptide": 0.01,
    "ident_fdr_protein": 0.01,
    "enable_match_between_runs": true,
    "precursor_mass_tolerance": "[-4.5 ppm, 4.5 ppm]",
    "fragment_mass_tolerance": "[-20 ppm, 20 ppm]",
    "enzyme": "Trypsin/P",
    "allowed_miscleavages": 1,
    "min_peptide_length": 7.0,
    "max_peptide_length": null,
    "is_temporary": false,
    "intermediate_hash": "bc6d394a74fdfe29e4af7c0154a3732037d64759",
    "results": {
        "6": {
            "median_abs_epsilon": 0.1724720376,
            "mean_abs_epsilon": 0.2329631337,
            "variance_epsilon": 0.1213904328,
            "nr_prec": 25721,
            "CV_median": 0.2137605589,
            "CV_q90": 0.4349683806,
            "CV_q75": 0.2975871452,
            "CV_q95": 0.5374553896
        },
        "5": {
            "median_abs_epsilon": 0.1864216462,
            "mean_abs_epsilon": 0.2638969743,
            "variance_epsilon": 0.1612244702,
            "nr_prec": 33224,
            "CV_median": 0.2162282339,
            "CV_q90": 0.4588875793,
            "CV_q75": 0.3096550661,
            "CV_q95": 0.5691721678
        },
        "4": {
            "median_abs_epsilon": 0.199896663,
            "mean_abs_epsilon": 0.2990170282,
            "variance_epsilon": 0.2242695391,
            "nr_prec": 39326,
            "CV_median": 0.2176898349,
            "CV_q90": 0.4718998967,
            "CV_q75": 0.3162556303,
            "CV_q95": 0.5886303558
        },
        "3": {
            "median_abs_epsilon": 0.2096895903,
            "mean_abs_epsilon": 0.3223912355,
            "variance_epsilon": 0.2649435195,
            "nr_prec": 44686,
            "CV_median": 0.2185888337,
            "CV_q90": 0.4793618063,
            "CV_q75": 0.3202973432,
            "CV_q95": 0.6004285381
        },
        "2": {
            "median_abs_epsilon": 0.2132338094,
            "mean_abs_epsilon": 0.3335184592,
            "variance_epsilon": 0.291254129,
            "nr_prec": 48863,
            "CV_median": 0.2186299838,
            "CV_q90": 0.4819024676,
            "CV_q75": 0.3213311518,
            "CV_q95": 0.6058360224
        },
        "1": {
            "median_abs_epsilon": 0.2132338094,
            "mean_abs_epsilon": 0.3335184592,
            "variance_epsilon": 0.291254129,
            "nr_prec": 51338,
            "CV_median": 0.2186299838,
            "CV_q90": 0.4819024676,
            "CV_q75": 0.3213311518,
            "CV_q95": 0.6058360224
        }
    },
    "median_abs_epsilon": 0.2096895903,
    "nr_prec": 44686,
    "comments": "",
    "fixed_mods": "Carbamidomethyl (C)",
    "variable_mods": "Oxidation (M),Acetyl (Protein N-term)",
    "max_mods": 5.0,
    "min_precursor_charge": null,
    "max_precursor_charge": 7,
    "submission_comments": "\n\nDataset URL: https://proteobench.cubimed.rub.de/datasets/bc6d394a74fdfe29e4af7c0154a3732037d64759/",
    "proteobench_version": "0.3.4.dev269+g92dbfe1",
    "minPeptideLength": null,
    "color": "#377eb8",
    "hover_text": "ProteoBench ID: MaxQuant_20241216_130203<br>Software tool: MaxQuant <br>Comment (private submission): ",
    "scatter_size": 20,
    "scan_window": null,
    "quantification_method_DIANN": null,
    "second_pass": null,
    "protein_inference": null,
    "predictors_library": null,
    "quantification_method": null,
    "mean_abs_epsilon": 0.3223912355,
    "abundance_normalization_ions": null
}