{
  "old_new": "new",
  "id": "Sage_20251001_124807",
  "software_name": "Sage",
  "software_version": "0.14.6",
  "search_engine": "Sage",
  "search_engine_version": "0.14.6",
  "ident_fdr_psm": NaN,
  "ident_fdr_peptide": NaN,
  "ident_fdr_protein": NaN,
  "enable_match_between_runs": true,
  "precursor_mass_tolerance": "[-20.0 ppm, 20.0 ppm]",
  "fragment_mass_tolerance": "[-20.0 ppm, 20.0 ppm]",
  "enzyme": "KR",
  "allowed_miscleavages": "1",
  "min_peptide_length": "7",
  "max_peptide_length": "50",
  "is_temporary": false,
  "intermediate_hash": "c346d3e85af1b524aa174b73519b021996153fc7",
  "results": {
    "6": {
      "median_abs_epsilon": 0.274067472768202,
      "mean_abs_epsilon": 0.44185745466718596,
      "variance_epsilon": 0.450589508911538,
      "nr_prec": 55460,
      "CV_median": 0.2748817265655995,
      "CV_q75": 0.5291582156438164,
      "CV_q90": 0.8547610956259836,
      "CV_q95": 1.124660353539718
    },
    "5": {
      "median_abs_epsilon": 0.2790346442920608,
      "mean_abs_epsilon": 0.45765169836355296,
      "variance_epsilon": 0.49672405290640614,
      "nr_prec": 56746,
      "CV_median": 0.27850245716760347,
      "CV_q75": 0.542402422145495,
      "CV_q90": 0.8716229279743648,
      "CV_q95": 1.1585178252713013
    },
    "4": {
      "median_abs_epsilon": 0.28270542054355197,
      "mean_abs_epsilon": 0.47132188987786905,
      "variance_epsilon": 0.5461619228963948,
      "nr_prec": 57666,
      "CV_median": 0.27995618408176065,
      "CV_q75": 0.5487047160203005,
      "CV_q90": 0.8809622545109645,
      "CV_q95": 1.1746027122049365
    },
    "3": {
      "median_abs_epsilon": 0.28498456887142076,
      "mean_abs_epsilon": 0.48085912825019933,
      "variance_epsilon": 0.5836840697156177,
      "nr_prec": 58160,
      "CV_median": 0.2806033382954928,
      "CV_q75": 0.5517441614164128,
      "CV_q90": 0.8849440530499941,
      "CV_q95": 1.180884675919521
    },
    "2": {
      "median_abs_epsilon": 0.2860942624986311,
      "mean_abs_epsilon": 0.48538741539624225,
      "variance_epsilon": 0.6041064338682682,
      "nr_prec": 58441,
      "CV_median": 0.28062650528496497,
      "CV_q75": 0.5518325149036516,
      "CV_q90": 0.8853687161389139,
      "CV_q95": 1.1810228931632145
    },
    "1": {
      "median_abs_epsilon": 0.2860942624986311,
      "mean_abs_epsilon": 0.4853874153962422,
      "variance_epsilon": 0.6041064338682682,
      "nr_prec": 58492,
      "CV_median": 0.28062650528496497,
      "CV_q75": 0.5518325149036516,
      "CV_q90": 0.8853687161389139,
      "CV_q95": 1.1810228931632145
    }
  },
  "median_abs_epsilon": 0.28498456887142076,
  "mean_abs_epsilon": 0.48085912825019933,
  "nr_prec": 58160,
  "comments": "",
  "proteobench_version": "0.10.0",
  "color": "#E43924",
  "hover_text": "ProteoBench ID: Sage_20251001_124807<br>Software tool: Sage <br>Comment (private submission): ...",
  "scatter_size": 20,
  "fixed_mods": "{'C': 57.02146}",
  "variable_mods": "{'[': [42.0106], 'M': [15.9949]}",
  "max_mods": "3",
  "min_precursor_charge": "1",
  "max_precursor_charge": "7",
  "quantification_method": NaN,
  "protein_inference": NaN,
  "abundance_normalization_ions": NaN,
  "submission_comments": "\n\n ### Parameter changes detected:\n- **protein_inference**: `None` \u2192 `nan`\n- **quantification_method**: `None` \u2192 `nan`\n- **ident_fdr_protein**: `None` \u2192 `nan`\n- **ident_fdr_peptide**: `None` \u2192 `nan`\n- **ident_fdr_psm**: `None` \u2192 `nan`\n- **abundance_normalization_ions**: `None` \u2192 `nan`\n\nDataset URL: https://proteobench.cubimed.rub.de/datasets/c346d3e85af1b524aa174b73519b021996153fc7/",
  "semi_enzymatic": false
}