{
  "old_new": "new",
  "id": "Sage_20251001_124807",
  "software_name": "Sage",
  "software_version": "0.14.6",
  "search_engine": "Sage",
  "search_engine_version": "0.14.6",
  "ident_fdr_psm": NaN,
  "ident_fdr_peptide": NaN,
  "ident_fdr_protein": NaN,
  "enable_match_between_runs": true,
  "precursor_mass_tolerance": "[-20.0 ppm, 20.0 ppm]",
  "fragment_mass_tolerance": "[-20.0 ppm, 20.0 ppm]",
  "enzyme": "KR",
  "allowed_miscleavages": 1,
  "min_peptide_length": 7,
  "max_peptide_length": 50,
  "is_temporary": false,
  "intermediate_hash": "c346d3e85af1b524aa174b73519b021996153fc7",
  "results": {
    "6": {
      "median_abs_epsilon_global": 0.27408557213382423,
      "median_abs_epsilon_eq_species": 0.4563887901114416,
      "median_abs_epsilon_ECOLI": 0.790388993405621,
      "median_abs_epsilon_HUMAN": 0.24900751143966104,
      "median_abs_epsilon_YEAST": 0.32976986548904286,
      "mean_abs_epsilon_global": 0.4420585323136744,
      "mean_abs_epsilon_eq_species": 0.6247266978006326,
      "mean_abs_epsilon_ECOLI": 0.9966591513252749,
      "mean_abs_epsilon_HUMAN": 0.3958954888644982,
      "mean_abs_epsilon_YEAST": 0.48162545321212474,
      "median_log2_empirical_ECOLI": -1.4384963818367922,
      "median_log2_empirical_HUMAN": 0.01222302585011903,
      "median_log2_empirical_YEAST": 0.9793560862701352,
      "median_abs_epsilon_precision_global": 0.2762649240041881,
      "median_abs_epsilon_precision_eq_species": 0.4360128008655533,
      "median_abs_epsilon_precision_ECOLI": 0.7258671652377142,
      "median_abs_epsilon_precision_HUMAN": 0.2483614359687607,
      "median_abs_epsilon_precision_YEAST": 0.3338098013901849,
      "mean_log2_empirical_ECOLI": -1.3513864343298982,
      "mean_log2_empirical_HUMAN": -0.02714138193999013,
      "mean_log2_empirical_YEAST": 0.9036090209071537,
      "mean_abs_epsilon_precision_global": 0.4391112159315118,
      "mean_abs_epsilon_precision_eq_species": 0.5894661012440331,
      "mean_abs_epsilon_precision_ECOLI": 0.8846336395022388,
      "mean_abs_epsilon_precision_HUMAN": 0.3973561210003918,
      "mean_abs_epsilon_precision_YEAST": 0.4864085432294687,
      "CV_median": 0.2748107661751589,
      "CV_q75": 0.5287056668512085,
      "CV_q90": 0.854210501362374,
      "CV_q95": 1.1229867243336944,
      "roc_auc": 0.8391978679555865,
      "roc_auc_directional": 0.8642195491194089,
      "nr_prec": 55043,
      "nr_prec_HUMAN": 40387,
      "nr_prec_YEAST": 12162,
      "nr_prec_ECOLI": 2494,
      "variance_epsilon_global": 0.4512197762592436
    },
    "5": {
      "median_abs_epsilon_global": 0.2791055464878216,
      "median_abs_epsilon_eq_species": 0.46047064215725503,
      "median_abs_epsilon_ECOLI": 0.7930972077696694,
      "median_abs_epsilon_HUMAN": 0.2534153806734132,
      "median_abs_epsilon_YEAST": 0.33489933802868244,
      "mean_abs_epsilon_global": 0.45783507723792055,
      "mean_abs_epsilon_eq_species": 0.6404136447046238,
      "mean_abs_epsilon_ECOLI": 1.0119694166372597,
      "mean_abs_epsilon_HUMAN": 0.41137621451166506,
      "mean_abs_epsilon_YEAST": 0.4978953029649467,
      "median_log2_empirical_ECOLI": -1.4298719612702975,
      "median_log2_empirical_HUMAN": 0.01354012597393961,
      "median_log2_empirical_YEAST": 0.9782935631683412,
      "median_abs_epsilon_precision_global": 0.2814277440336932,
      "median_abs_epsilon_precision_eq_species": 0.44155376392829204,
      "median_abs_epsilon_precision_ECOLI": 0.7323863798526169,
      "median_abs_epsilon_precision_HUMAN": 0.252921625694114,
      "median_abs_epsilon_precision_YEAST": 0.3393532862381452,
      "mean_log2_empirical_ECOLI": -1.34057788372199,
      "mean_log2_empirical_HUMAN": -0.024661737596931126,
      "mean_log2_empirical_YEAST": 0.9010867788701536,
      "mean_abs_epsilon_precision_global": 0.4546486884009236,
      "mean_abs_epsilon_precision_eq_species": 0.6043352976641597,
      "mean_abs_epsilon_precision_ECOLI": 0.8976168617139834,
      "mean_abs_epsilon_precision_HUMAN": 0.41267396271232204,
      "mean_abs_epsilon_precision_YEAST": 0.5027150685661739,
      "CV_median": 0.2784215492445641,
      "CV_q75": 0.5420262416352217,
      "CV_q90": 0.8710848732877727,
      "CV_q95": 1.1575737250619573,
      "roc_auc": 0.8331523867873639,
      "roc_auc_directional": 0.8590479914640454,
      "nr_prec": 56322,
      "nr_prec_HUMAN": 41307,
      "nr_prec_YEAST": 12452,
      "nr_prec_ECOLI": 2563,
      "variance_epsilon_global": 0.49717904834473386
    },
    "4": {
      "median_abs_epsilon_global": 0.2827780077648896,
      "median_abs_epsilon_eq_species": 0.46924529185164704,
      "median_abs_epsilon_ECOLI": 0.8116421182465938,
      "median_abs_epsilon_HUMAN": 0.2562623099849599,
      "median_abs_epsilon_YEAST": 0.33983144732338744,
      "mean_abs_epsilon_global": 0.4715037061512775,
      "mean_abs_epsilon_eq_species": 0.6581343839615137,
      "mean_abs_epsilon_ECOLI": 1.0371595737564163,
      "mean_abs_epsilon_HUMAN": 0.4230653816686037,
      "mean_abs_epsilon_YEAST": 0.5141781964595211,
      "median_log2_empirical_ECOLI": -1.4071052771527306,
      "median_log2_empirical_HUMAN": 0.014636342835409266,
      "median_log2_empirical_YEAST": 0.9767047534250466,
      "median_abs_epsilon_precision_global": 0.28482947526311975,
      "median_abs_epsilon_precision_eq_species": 0.4475377817561726,
      "median_abs_epsilon_precision_ECOLI": 0.7431844562464089,
      "median_abs_epsilon_precision_HUMAN": 0.2556781960373282,
      "median_abs_epsilon_precision_YEAST": 0.34375069298478067,
      "mean_log2_empirical_ECOLI": -1.3128189996415685,
      "mean_log2_empirical_HUMAN": -0.021284582225399275,
      "mean_log2_empirical_YEAST": 0.895502827267437,
      "mean_abs_epsilon_precision_global": 0.4678715044344345,
      "mean_abs_epsilon_precision_eq_species": 0.6197968361916959,
      "mean_abs_epsilon_precision_ECOLI": 0.9158332948113729,
      "mean_abs_epsilon_precision_HUMAN": 0.4241467760044726,
      "mean_abs_epsilon_precision_YEAST": 0.5194104377592424,
      "CV_median": 0.27988982416660435,
      "CV_q75": 0.5482971356655353,
      "CV_q90": 0.8806267880573548,
      "CV_q95": 1.1739102550542357,
      "roc_auc": 0.8290311639046299,
      "roc_auc_directional": 0.8521453422038945,
      "nr_prec": 57239,
      "nr_prec_HUMAN": 41928,
      "nr_prec_YEAST": 12677,
      "nr_prec_ECOLI": 2634,
      "variance_epsilon_global": 0.5466264438301559
    },
    "3": {
      "median_abs_epsilon_global": 0.2851660384151131,
      "median_abs_epsilon_eq_species": 0.4736144486457672,
      "median_abs_epsilon_ECOLI": 0.8206019045464288,
      "median_abs_epsilon_HUMAN": 0.25828397272595005,
      "median_abs_epsilon_YEAST": 0.3419574686649227,
      "mean_abs_epsilon_global": 0.48110995338330176,
      "mean_abs_epsilon_eq_species": 0.6678110032567789,
      "mean_abs_epsilon_ECOLI": 1.0465830245673033,
      "mean_abs_epsilon_HUMAN": 0.4323959684910147,
      "mean_abs_epsilon_YEAST": 0.5244540167120187,
      "median_log2_empirical_ECOLI": -1.4011368527522272,
      "median_log2_empirical_HUMAN": 0.01580752966216714,
      "median_log2_empirical_YEAST": 0.9758957066774592,
      "median_abs_epsilon_precision_global": 0.2872339422996557,
      "median_abs_epsilon_precision_eq_species": 0.45017147851211625,
      "median_abs_epsilon_precision_ECOLI": 0.7458423056569341,
      "median_abs_epsilon_precision_HUMAN": 0.2577458127842007,
      "median_abs_epsilon_precision_YEAST": 0.34692631709521393,
      "mean_log2_empirical_ECOLI": -1.3031735603562107,
      "mean_log2_empirical_HUMAN": -0.01976469588412256,
      "mean_log2_empirical_YEAST": 0.8933458672903398,
      "mean_abs_epsilon_precision_global": 0.47729465243059793,
      "mean_abs_epsilon_precision_eq_species": 0.6284798013220805,
      "mean_abs_epsilon_precision_ECOLI": 0.9222284725373989,
      "mean_abs_epsilon_precision_HUMAN": 0.43339452805215023,
      "mean_abs_epsilon_precision_YEAST": 0.5298164033766923,