{
  "old_new": "new",
  "id": "FragPipe_20250621_141134",
  "software_name": "FragPipe",
  "software_version": "23.0",
  "search_engine": "MSFragger",
  "search_engine_version": "4.2",
  "ident_fdr_psm": "0.01",
  "ident_fdr_peptide": "",
  "ident_fdr_protein": "0.01",
  "enable_match_between_runs": true,
  "precursor_mass_tolerance": "[-20 ppm, 20 ppm]",
  "fragment_mass_tolerance": "[-20 ppm, 20 ppm]",
  "enzyme": "Trypsin/P",
  "allowed_miscleavages": "2",
  "min_peptide_length": "7",
  "max_peptide_length": "50",
  "is_temporary": false,
  "intermediate_hash": "c8041832abc601c03d5d021e0f0df6f48ae08428",
  "results": {
    "6": {
      "median_abs_epsilon": 0.1521693632392882,
      "mean_abs_epsilon": 0.22356765543471757,
      "variance_epsilon": 0.10780456353279001,
      "nr_prec": 30713,
      "CV_median": 0.14736211952365322,
      "CV_q90": 0.39887093872000745,
      "CV_q75": 0.26145209215503573,
      "CV_q95": 0.5026367050033163
    },
    "5": {
      "median_abs_epsilon": 0.1689618017537171,
      "mean_abs_epsilon": 0.2540310605755843,
      "variance_epsilon": 0.14233737449338735,
      "nr_prec": 42645,
      "CV_median": 0.15194384295248026,
      "CV_q90": 0.4250674165044038,
      "CV_q75": 0.2736969078659893,
      "CV_q95": 0.5442353386546694
    },
    "4": {
      "median_abs_epsilon": 0.1860836549074083,
      "mean_abs_epsilon": 0.29037252599946006,
      "variance_epsilon": 0.19495831680626688,
      "nr_prec": 52892,
      "CV_median": 0.1541840913642179,
      "CV_q90": 0.44122824222714985,
      "CV_q75": 0.28094201432746796,
      "CV_q95": 0.5707244344175895
    },
    "3": {
      "median_abs_epsilon": 0.20025568766362056,
      "mean_abs_epsilon": 0.3232782101948962,
      "variance_epsilon": 0.25214359665497404,
      "nr_prec": 64309,
      "CV_median": 0.15569891350354925,
      "CV_q90": 0.4520231024093807,
      "CV_q75": 0.2854368795145669,
      "CV_q95": 0.5889123743539677
    },
    "2": {
      "median_abs_epsilon": 0.21085080516303378,
      "mean_abs_epsilon": 0.35072669666795336,
      "variance_epsilon": 0.3083922443298233,
      "nr_prec": 77605,
      "CV_median": 0.15692128422171508,
      "CV_q90": 0.4603559152078637,
      "CV_q75": 0.28933326302093393,
      "CV_q95": 0.60273128816727
    },
    "1": {
      "median_abs_epsilon": 0.21085080516303378,
      "mean_abs_epsilon": 0.3507266966679533,
      "variance_epsilon": 0.3083922443298233,
      "nr_prec": 97389,
      "CV_median": 0.15692128422171508,
      "CV_q90": 0.4603559152078637,
      "CV_q75": 0.28933326302093393,
      "CV_q95": 0.60273128816727
    }
  },
  "median_abs_epsilon": 0.20025568766362056,
  "mean_abs_epsilon": 0.3232782101948962,
  "nr_prec": 64309,
  "comments": "",
  "proteobench_version": "0.8.23",
  "color": "#F89008",
  "hover_text": "ProteoBench ID: FragPipe_20250621_141134<br>Software tool: FragPipe <br>Comment (private submission): ...",
  "scatter_size": 20,
  "fixed_mods": "0.0,C-Term Peptide,true,-1; 0.0,N-Term Peptide,true,-1; 0.0,C-Term Protein,true,-1; 0.0,N-Term Protein,true,-1; 0.0,G (glycine),true,-1; 0.0,A (alanine),true,-1; 0.0,S (serine),true,-1; 0.0,P (proline),true,-1; 0.0,V (valine),true,-1; 0.0,T (threonine),true,-1; 57.02146,C (cysteine),true,-1; 0.0,L (leucine),true,-1; 0.0,I (isoleucine),true,-1; 0.0,N (asparagine),true,-1; 0.0,D (aspartic acid),true,-1; 0.0,Q (glutamine),true,-1; 0.0,K (lysine),true,-1; 0.0,E (glutamic acid),true,-1; 0.0,M (methionine),true,-1; 0.0,H (histidine),true,-1; 0.0,F (phenylalanine),true,-1; 0.0,R (arginine),true,-1; 0.0,Y (tyrosine),true,-1; 0.0,W (tryptophan),true,-1; 0.0,B ,true,-1; 0.0,J,true,-1; 0.0,O,true,-1; 0.0,U,true,-1; 0.0,X,true,-1; 0.0,Z,true,-1",
  "variable_mods": "15.9949,M,true,3; 42.0106,[^,true,1; 79.96633,STY,false,3; -17.0265,nQnC,false,1; -18.0106,nE,false,1; 4.025107,K,false,2; 6.020129,R,false,2; 8.014199,K,false,2; 10.008269,R,false,2; 0.0,site_10,false,1; 0.0,site_11,false,1; 0.0,site_12,false,1; 0.0,site_13,false,1; 0.0,site_14,false,1; 0.0,site_15,false,1; 0.0,site_16,false,1",
  "max_mods": "3",
  "min_precursor_charge": "1",
  "max_precursor_charge": null,
  "quantification_method": "IonQuant",
  "protein_inference": "ProteinProphet: --maxppmdiff 2000000",
  "abundance_normalization_ions": "1",
  "submission_comments": "\n\n ### Parameter changes detected:\n- **ident_fdr_peptide**: `0.01` \u2192 ``\n- **quantification_method**: `nan` \u2192 `IonQuant`\n- **abundance_normalization_ions**: `nan` \u2192 `1`\n\nDataset URL: https://proteobench.cubimed.rub.de/datasets/c8041832abc601c03d5d021e0f0df6f48ae08428/"
}