{
  "old_new": "new",
  "id": "WOMBAT_20250605_083310",
  "software_name": "WOMBAT",
  "software_version": "0.9.11",
  "search_engine": "XTandem",
  "search_engine_version": NaN,
  "ident_fdr_psm": 0.01,
  "ident_fdr_peptide": 0.01,
  "ident_fdr_protein": 0.01,
  "enable_match_between_runs": true,
  "precursor_mass_tolerance": "20 ppm",
  "fragment_mass_tolerance": "0.02 Da",
  "enzyme": "Trypsin",
  "allowed_miscleavages": 1,
  "min_peptide_length": 5,
  "max_peptide_length": 35,
  "is_temporary": false,
  "intermediate_hash": "c9b6df263cfd4491f6188ac49043fa78d0f8acdb",
  "results": {
    "6": {
      "median_abs_epsilon_global": 0.19651448277571504,
      "median_abs_epsilon_eq_species": 0.3260648519293259,
      "median_abs_epsilon_ECOLI": 0.5710977770434695,
      "median_abs_epsilon_HUMAN": 0.18431651975689078,
      "median_abs_epsilon_YEAST": 0.22278025898761733,
      "mean_abs_epsilon_global": 0.3141741745615738,
      "mean_abs_epsilon_eq_species": 0.4986286221395788,
      "mean_abs_epsilon_ECOLI": 0.8685986090488883,
      "mean_abs_epsilon_HUMAN": 0.27773282518661885,
      "mean_abs_epsilon_YEAST": 0.34955443218322935,
      "median_log2_empirical_ECOLI": -1.4450218251333666,
      "median_log2_empirical_HUMAN": 0.06883313127613633,
      "median_log2_empirical_YEAST": 0.9939911567080753,
      "median_abs_epsilon_precision_global": 0.1876056957894896,
      "median_abs_epsilon_precision_eq_species": 0.28406405700955456,
      "median_abs_epsilon_precision_ECOLI": 0.4564004267541115,
      "median_abs_epsilon_precision_HUMAN": 0.1716366803191054,
      "median_abs_epsilon_precision_YEAST": 0.22415506395544682,
      "mean_log2_empirical_ECOLI": -1.1943604288569505,
      "mean_log2_empirical_HUMAN": 0.05648197402942682,
      "mean_log2_empirical_YEAST": 0.9054796936899439,
      "mean_abs_epsilon_precision_global": 0.30428079791152696,
      "mean_abs_epsilon_precision_eq_species": 0.43609930775127553,
      "mean_abs_epsilon_precision_ECOLI": 0.6796777661346471,
      "mean_abs_epsilon_precision_HUMAN": 0.27048462995120814,
      "mean_abs_epsilon_precision_YEAST": 0.3581355271679713,
      "CV_median": 0.23102716202866708,
      "CV_q75": 0.33722919414917923,
      "CV_q90": 0.5163134833762008,
      "CV_q95": 0.6552372877901904,
      "roc_auc": 0.9043067724218294,
      "roc_auc_directional": 0.9006139739132463,
      "nr_prec": 48873,
      "nr_prec_HUMAN": 36166,
      "nr_prec_YEAST": 11034,
      "nr_prec_ECOLI": 1673,
      "variance_epsilon_global": 0.24882422811746477
    },
    "5": {
      "median_abs_epsilon_global": 0.20416583503522645,
      "median_abs_epsilon_eq_species": 0.35949030331333987,
      "median_abs_epsilon_ECOLI": 0.6543486319069647,
      "median_abs_epsilon_HUMAN": 0.19051158407323143,
      "median_abs_epsilon_YEAST": 0.23361069395982348,
      "mean_abs_epsilon_global": 0.3348980332195071,
      "mean_abs_epsilon_eq_species": 0.5276131953291435,
      "mean_abs_epsilon_ECOLI": 0.9178570615842877,
      "mean_abs_epsilon_HUMAN": 0.2942407865019251,
      "mean_abs_epsilon_YEAST": 0.3707417379012179,
      "median_log2_empirical_ECOLI": -1.3798434289153985,
      "median_log2_empirical_HUMAN": 0.06835086173354199,
      "median_log2_empirical_YEAST": 0.9786714658183353,
      "median_abs_epsilon_precision_global": 0.19720052389991594,
      "median_abs_epsilon_precision_eq_species": 0.3026002642632791,
      "median_abs_epsilon_precision_ECOLI": 0.4905625370748812,
      "median_abs_epsilon_precision_HUMAN": 0.17828441213656632,
      "median_abs_epsilon_precision_YEAST": 0.23895384357838978,
      "mean_log2_empirical_ECOLI": -1.1507110979144441,
      "mean_log2_empirical_HUMAN": 0.055788501884164274,
      "mean_log2_empirical_YEAST": 0.88580223132412,
      "mean_abs_epsilon_precision_global": 0.32372331265693727,
      "mean_abs_epsilon_precision_eq_species": 0.45575705708630215,
      "mean_abs_epsilon_precision_ECOLI": 0.7007398215511312,
      "mean_abs_epsilon_precision_HUMAN": 0.287381438964001,
      "mean_abs_epsilon_precision_YEAST": 0.3791499107437743,
      "CV_median": 0.23370586653187797,
      "CV_q75": 0.347293441894191,
      "CV_q90": 0.5367579596554414,
      "CV_q95": 0.6898707511933992,
      "roc_auc": 0.8912235485502769,
      "roc_auc_directional": 0.8882495036442191,
      "nr_prec": 52835,
      "nr_prec_HUMAN": 38787,
      "nr_prec_YEAST": 12086,
      "nr_prec_ECOLI": 1962,
      "variance_epsilon_global": 0.28526084151751524
    },
    "4": {
      "median_abs_epsilon_global": 0.20841866071790704,
      "median_abs_epsilon_eq_species": 0.37450658137719967,
      "median_abs_epsilon_ECOLI": 0.6908926798686998,
      "median_abs_epsilon_HUMAN": 0.1933896264254784,
      "median_abs_epsilon_YEAST": 0.23923743783742069,
      "mean_abs_epsilon_global": 0.3489433831816536,
      "mean_abs_epsilon_eq_species": 0.5450885657599337,
      "mean_abs_epsilon_ECOLI": 0.9428209892810154,
      "mean_abs_epsilon_HUMAN": 0.3052741557284907,
      "mean_abs_epsilon_YEAST": 0.3871705522702951,
      "median_log2_empirical_ECOLI": -1.3461924469457944,
      "median_log2_empirical_HUMAN": 0.06822936744679353,
      "median_log2_empirical_YEAST": 0.9701435494085544,
      "median_abs_epsilon_precision_global": 0.20200830649717538,
      "median_abs_epsilon_precision_eq_species": 0.3125747786171029,
      "median_abs_epsilon_precision_ECOLI": 0.5085179404068736,
      "median_abs_epsilon_precision_HUMAN": 0.1813174424675239,
      "median_abs_epsilon_precision_YEAST": 0.24788895297691127,
      "mean_log2_empirical_ECOLI": -1.1292728000361196,
      "mean_log2_empirical_HUMAN": 0.05673109172262334,
      "mean_log2_empirical_YEAST": 0.8782375803055111,
      "mean_abs_epsilon_precision_global": 0.33693530019786916,
      "mean_abs_epsilon_precision_eq_species": 0.46952928979282565,
      "mean_abs_epsilon_precision_ECOLI": 0.7151246577043868,
      "mean_abs_epsilon_precision_HUMAN": 0.29851698377749725,
      "mean_abs_epsilon_precision_YEAST": 0.3949462278965929,
      "CV_median": 0.23466433078148474,
      "CV_q75": 0.35096515317578103,
      "CV_q90": 0.5448323183663137,
      "CV_q95": 0.7036066234388432,
      "roc_auc": 0.8835934921104407,
      "roc_auc_directional": 0.8809753575153847,
      "nr_prec": 54736,
      "nr_prec_HUMAN": 40001,
      "nr_prec_YEAST": 12605,
      "nr_prec_ECOLI": 2130,
      "variance_epsilon_global": 0.31792641385463755
    },
    "3": {
      "median_abs_epsilon_global": 0.2105332824630466,
      "median_abs_epsilon_eq_species": 0.3762999524482069,
      "median_abs_epsilon_ECOLI": 0.6917590008347112,
      "median_abs_epsilon_HUMAN": 0.19500945288844562,
      "median_abs_epsilon_YEAST": 0.2421314036214639,
      "mean_abs_epsilon_global": 0.3555049346993887,
      "mean_abs_epsilon_eq_species": 0.5517851560005791,
      "mean_abs_epsilon_ECOLI": 0.9486994533733963,
      "mean_abs_epsilon_HUMAN": 0.3116372828869567,
      "mean_abs_epsilon_YEAST": 0.39501873174138424,
      "median_log2_empirical_ECOLI": -1.3466225794359197,
      "median_log2_empirical_HUMAN": 0.0685117976692382,
      "median_log2_empirical_YEAST": 0.9686915470269604,
      "median_abs_epsilon_precision_global": 0.2043777353567542,
      "median_abs_epsilon_precision_eq_species": 0.3155804891488305,
      "median_abs_epsilon_precision_ECOLI": 0.5122211195639714,
      "median_abs_epsilon_precision_HUMAN": 0.18326362330676638,
      "median_abs_epsilon_precision_YEAST": 0.25125672457575376,
      "mean_log2_empirical_ECOLI": -1.1293300005463711,
      "mean_log2_empirical_HUMAN": 0.05664687025755584,
      "mean_log2_empirical_YEAST": 0.8781170183182223,
      "mean_abs_epsilon_precision_global": 0.34346463044804715,
      "mean_abs_epsilon_precision_eq_species": 0.476468441367447,
      "mean_abs_epsilon_precision_ECOLI": 0.7221964556417262,
      "mean_abs_epsilon_precision_HUMAN": 0.30487239827606605,
      "mean_abs_epsilon_precision_YEAST": 0.4023364701845486,