{
  "old_new": "new",
  "id": "WOMBAT_20250605_083310",
  "software_name": "WOMBAT",
  "software_version": "0.9.11",
  "search_engine": "various",
  "search_engine_version": "nan",
  "ident_fdr_psm": "0.01",
  "ident_fdr_peptide": "0.01",
  "ident_fdr_protein": "0.01",
  "enable_match_between_runs": true,
  "precursor_mass_tolerance": "20 ppm",
  "fragment_mass_tolerance": "0.02 Da",
  "enzyme": "Trypsin",
  "allowed_miscleavages": "1",
  "min_peptide_length": "5",
  "max_peptide_length": "35",
  "is_temporary": false,
  "intermediate_hash": "c9b6df263cfd4491f6188ac49043fa78d0f8acdb",
  "results": {
    "6": {
      "median_abs_epsilon": 0.19642919289761096,
      "mean_abs_epsilon": 0.3141691160869118,
      "variance_epsilon": 0.24887963797688326,
      "nr_prec": 49119,
      "CV_median": 0.2310831278326801,
      "CV_q90": 0.516163142904196,
      "CV_q75": 0.3373693382510298,
      "CV_q95": 0.6553021211661778
    },
    "5": {
      "median_abs_epsilon": 0.20409366516422445,
      "mean_abs_epsilon": 0.3348827502816268,
      "variance_epsilon": 0.2852430089444804,
      "nr_prec": 53094,
      "CV_median": 0.23380519004035516,
      "CV_q90": 0.5367004042001879,
      "CV_q75": 0.34735680872726127,
      "CV_q95": 0.6899340403843358
    },
    "4": {
      "median_abs_epsilon": 0.20834489332711215,
      "mean_abs_epsilon": 0.3489643135522745,
      "variance_epsilon": 0.3179329142191766,
      "nr_prec": 55010,
      "CV_median": 0.23475552230156957,
      "CV_q90": 0.5447961916672667,
      "CV_q75": 0.35108721537936377,
      "CV_q95": 0.7036878541714613
    },
    "3": {
      "median_abs_epsilon": 0.21048109940601734,
      "mean_abs_epsilon": 0.35553988391846514,
      "variance_epsilon": 0.3350324930997984,
      "nr_prec": 56223,
      "CV_median": 0.2349697336613925,
      "CV_q90": 0.5469859886232642,
      "CV_q75": 0.3520151363187151,
      "CV_q95": 0.7084299731784918
    },
    "2": {
      "median_abs_epsilon": 0.21083481570979146,
      "mean_abs_epsilon": 0.3586026434758934,
      "variance_epsilon": 0.34753268699060713,
      "nr_prec": 56771,
      "CV_median": 0.23500095808167343,
      "CV_q90": 0.5473987823468068,
      "CV_q75": 0.3522671218504445,
      "CV_q95": 0.7099053743535697
    },
    "1": {
      "median_abs_epsilon": 0.21083481570979146,
      "mean_abs_epsilon": 0.3586026434758935,
      "variance_epsilon": 0.34753268699060713,
      "nr_prec": 56979,
      "CV_median": 0.23500095808167343,
      "CV_q90": 0.5473987823468068,
      "CV_q75": 0.3522671218504445,
      "CV_q95": 0.7099053743535697
    }
  },
  "median_abs_epsilon": 0.21048109940601734,
  "mean_abs_epsilon": 0.35553988391846514,
  "nr_prec": 56223,
  "comments": "",
  "proteobench_version": "0.8.15",
  "color": "#f781bf",
  "hover_text": "ProteoBench ID: WOMBAT_20250605_083310<br>Software tool: WOMBAT <br>Comment (private submission): ...",
  "scatter_size": 20,
  "fixed_mods": "Carbamidomethyl of C",
  "variable_mods": "Acetyl of Protein N-term,Oxidation of M",
  "max_mods": "4",
  "min_precursor_charge": "2",
  "max_precursor_charge": "4",
  "quantification_method": "nan",
  "protein_inference": "nan",
  "abundance_normalization_ions": "median",
  "submission_comments": "Proline workflow\n\n ### No parameter changes detected. \n\n\nDataset URL: https://proteobench.cubimed.rub.de/datasets/c9b6df263cfd4491f6188ac49043fa78d0f8acdb/"
}