{
  "old_new": "new",
  "id": "quantms_20250605_083603",
  "software_name": "quantms",
  "software_version": "v1.3.1dev-g70337bc",
  "search_engine": "comet",
  "search_engine_version": "2023.01 rev. 2",
  "ident_fdr_psm": 0.01,
  "ident_fdr_peptide": NaN,
  "ident_fdr_protein": 0.01,
  "enable_match_between_runs": false,
  "precursor_mass_tolerance": "5 ppm",
  "fragment_mass_tolerance": "0.03 Da",
  "enzyme": "Trypsin",
  "allowed_miscleavages": 2,
  "min_peptide_length": 6,
  "max_peptide_length": 40,
  "is_temporary": false,
  "intermediate_hash": "d01e87b997b84c985868204b1ed26749902fd7f9",
  "results": {
    "6": {
      "median_abs_epsilon_global": 0.1668997555472913,
      "median_abs_epsilon_eq_species": 0.19005901596276864,
      "median_abs_epsilon_ECOLI": 0.21818972992385,
      "median_abs_epsilon_HUMAN": 0.15885624780087682,
      "median_abs_epsilon_YEAST": 0.1931310701635791,
      "mean_abs_epsilon_global": 0.2175534327230046,
      "mean_abs_epsilon_eq_species": 0.27221210785857675,
      "mean_abs_epsilon_ECOLI": 0.35521836457392525,
      "mean_abs_epsilon_HUMAN": 0.2061155080826301,
      "mean_abs_epsilon_YEAST": 0.2553024509191749,
      "median_log2_empirical_ECOLI": -1.831223230320358,
      "median_log2_empirical_HUMAN": 0.011726515638891044,
      "median_log2_empirical_YEAST": 1.0047994343531705,
      "median_abs_epsilon_precision_global": 0.165577486969557,
      "median_abs_epsilon_precision_eq_species": 0.18150558180398768,
      "median_abs_epsilon_precision_ECOLI": 0.19695885258106927,
      "median_abs_epsilon_precision_HUMAN": 0.15674421599814892,
      "median_abs_epsilon_precision_YEAST": 0.19081367683274486,
      "mean_log2_empirical_ECOLI": -1.7487111221487797,
      "mean_log2_empirical_HUMAN": -0.029448889630694614,
      "mean_log2_empirical_YEAST": 0.9379334398662003,
      "mean_abs_epsilon_precision_global": 0.2196422772034431,
      "mean_abs_epsilon_precision_eq_species": 0.2655714671191088,
      "mean_abs_epsilon_precision_ECOLI": 0.328251788924762,
      "mean_abs_epsilon_precision_HUMAN": 0.20817247783810275,
      "mean_abs_epsilon_precision_YEAST": 0.26029013459446165,
      "CV_median": 0.2279334326858964,
      "CV_q75": 0.3038158708995182,
      "CV_q90": 0.4366809601086861,
      "CV_q95": 0.5369972831216278,
      "roc_auc": 0.965405267145509,
      "roc_auc_directional": 0.9807539057341312,
      "nr_prec": 15405,
      "nr_prec_HUMAN": 12359,
      "nr_prec_YEAST": 2782,
      "nr_prec_ECOLI": 264,
      "variance_epsilon_global": 0.09427462315102378
    },
    "5": {
      "median_abs_epsilon_global": 0.18009595553341384,
      "median_abs_epsilon_eq_species": 0.21083443167410762,
      "median_abs_epsilon_ECOLI": 0.24987483471207383,
      "median_abs_epsilon_HUMAN": 0.17156713511707622,
      "median_abs_epsilon_YEAST": 0.21106132519317278,
      "mean_abs_epsilon_global": 0.24393013318128254,
      "mean_abs_epsilon_eq_species": 0.3143494266494271,
      "mean_abs_epsilon_ECOLI": 0.41611046788601874,
      "mean_abs_epsilon_HUMAN": 0.22649791729294833,
      "mean_abs_epsilon_YEAST": 0.3004398947693143,
      "median_log2_empirical_ECOLI": -1.8191459667516554,
      "median_log2_empirical_HUMAN": 0.007726489797795111,
      "median_log2_empirical_YEAST": 0.9546414744665483,
      "median_abs_epsilon_precision_global": 0.1825226603122676,
      "median_abs_epsilon_precision_eq_species": 0.21606971577882442,
      "median_abs_epsilon_precision_ECOLI": 0.2527219089317967,
      "median_abs_epsilon_precision_HUMAN": 0.17098494757343197,
      "median_abs_epsilon_precision_YEAST": 0.22450229083124462,
      "mean_log2_empirical_ECOLI": -1.6894657381833702,
      "mean_log2_empirical_HUMAN": -0.023276092047015993,
      "mean_log2_empirical_YEAST": 0.8820421989711879,
      "mean_abs_epsilon_precision_global": 0.24493846310221853,
      "mean_abs_epsilon_precision_eq_species": 0.3066579539051681,
      "mean_abs_epsilon_precision_ECOLI": 0.3883918557573061,
      "mean_abs_epsilon_precision_HUMAN": 0.22761337924609898,
      "mean_abs_epsilon_precision_YEAST": 0.3039686267120991,
      "CV_median": 0.22550888535361024,
      "CV_q75": 0.3087322228257112,
      "CV_q90": 0.44430946585117387,
      "CV_q95": 0.545893657463817,
      "roc_auc": 0.9443046272592531,
      "roc_auc_directional": 0.9675042508682028,
      "nr_prec": 21809,
      "nr_prec_HUMAN": 17326,
      "nr_prec_YEAST": 4062,
      "nr_prec_ECOLI": 421,
      "variance_epsilon_global": 0.12117600377702686
    },
    "4": {
      "median_abs_epsilon_global": 0.1957183793637043,
      "median_abs_epsilon_eq_species": 0.25709872954052965,
      "median_abs_epsilon_ECOLI": 0.35375649173585977,
      "median_abs_epsilon_HUMAN": 0.18386748824472576,
      "median_abs_epsilon_YEAST": 0.23367220864100346,
      "mean_abs_epsilon_global": 0.27538745408461557,
      "mean_abs_epsilon_eq_species": 0.3843375149814025,
      "mean_abs_epsilon_ECOLI": 0.558649949964014,
      "mean_abs_epsilon_HUMAN": 0.2505995558634268,
      "mean_abs_epsilon_YEAST": 0.34376303911676676,
      "median_log2_empirical_ECOLI": -1.7023254423418503,
      "median_log2_empirical_HUMAN": 0.010257586938347885,
      "median_log2_empirical_YEAST": 0.9201306360839681,
      "median_abs_epsilon_precision_global": 0.20010407493242255,
      "median_abs_epsilon_precision_eq_species": 0.26189331936740184,
      "median_abs_epsilon_precision_ECOLI": 0.34684341285446507,
      "median_abs_epsilon_precision_HUMAN": 0.18459146854405972,
      "median_abs_epsilon_precision_YEAST": 0.2542450767036808,
      "mean_log2_empirical_ECOLI": -1.5342720773616076,
      "mean_log2_empirical_HUMAN": -0.015159696502594019,
      "mean_log2_empirical_YEAST": 0.8422845083292996,
      "mean_abs_epsilon_precision_global": 0.27432005133268195,
      "mean_abs_epsilon_precision_eq_species": 0.3626545419609422,
      "mean_abs_epsilon_precision_ECOLI": 0.4936505996028156,
      "mean_abs_epsilon_precision_HUMAN": 0.2512815971343759,
      "mean_abs_epsilon_precision_YEAST": 0.34303142914563517,
      "CV_median": 0.22393309331584743,
      "CV_q75": 0.3106058413403829,
      "CV_q90": 0.4490123362288425,
      "CV_q95": 0.5521632839796029,
      "roc_auc": 0.9186649082303838,
      "roc_auc_directional": 0.947943684062408,
      "nr_prec": 27187,
      "nr_prec_HUMAN": 21365,
      "nr_prec_YEAST": 5210,
      "nr_prec_ECOLI": 612,
      "variance_epsilon_global": 0.16216205764799382
    },
    "3": {
      "median_abs_epsilon_global": 0.2087527940333498,
      "median_abs_epsilon_eq_species": 0.2777344145446345,
      "median_abs_epsilon_ECOLI": 0.38662987510942415,
      "median_abs_epsilon_HUMAN": 0.1972351219230255,
      "median_abs_epsilon_YEAST": 0.24933824660145376,
      "mean_abs_epsilon_global": 0.2997924101749704,
      "mean_abs_epsilon_eq_species": 0.4112458168225717,
      "mean_abs_epsilon_ECOLI": 0.589215190085643,
      "mean_abs_epsilon_HUMAN": 0.2753009013848604,
      "mean_abs_epsilon_YEAST": 0.36922135899721165,
      "median_log2_empirical_ECOLI": -1.672997821774139,
      "median_log2_empirical_HUMAN": 0.015880240763745945,
      "median_log2_empirical_YEAST": 0.9083338074650928,
      "median_abs_epsilon_precision_global": 0.2140238094677187,
      "median_abs_epsilon_precision_eq_species": 0.2767822104373489,
      "median_abs_epsilon_precision_ECOLI": 0.3614978601765806,
      "median_abs_epsilon_precision_HUMAN": 0.19851058619030582,
      "median_abs_epsilon_precision_YEAST": 0.27033818494516026,
      "mean_log2_empirical_ECOLI": -1.500174133756434,
      "mean_log2_empirical_HUMAN": -0.004618428263614544,
      "mean_log2_empirical_YEAST": 0.8269204226966395,
      "mean_abs_epsilon_precision_global": 0.2979369791563723,
      "mean_abs_epsilon_precision_eq_species": 0.3853385390052093,
      "mean_abs_epsilon_precision_ECOLI": 0.5132725221363164,
      "mean_abs_epsilon_precision_HUMAN": 0.27551126652599994,