{
  "id": "quantms_20250526_145933",
  "old_new": "new",
  "software_name": "quantms",
  "software_version": "v1.3.1dev-g70337bc",
  "search_engine": "comet",
  "search_engine_version": "2023.01 rev. 2",
  "ident_fdr_psm": "0.01",
  "ident_fdr_peptide": NaN,
  "ident_fdr_protein": "0.01",
  "enable_match_between_runs": false,
  "precursor_mass_tolerance": "5 ppm",
  "fragment_mass_tolerance": "0.03 Da",
  "enzyme": "Trypsin",
  "allowed_miscleavages": "2",
  "min_peptide_length": "6",
  "max_peptide_length": "40",
  "is_temporary": false,
  "intermediate_hash": "d01e87b997b84c985868204b1ed26749902fd7f9",
  "results": {
    "6": {
      "median_abs_epsilon": 0.1666202793907967,
      "mean_abs_epsilon": 0.21736019330790876,
      "variance_epsilon": 0.09414607152982571,
      "nr_prec": 15466,
      "CV_median": 0.22800598216565385,
      "CV_q90": 0.43723940366498293,
      "CV_q75": 0.3039134318307163,
      "CV_q95": 0.5371052002984409
    },
    "5": {
      "median_abs_epsilon": 0.17971672992940313,
      "mean_abs_epsilon": 0.24368911216814987,
      "variance_epsilon": 0.12097303616530773,
      "nr_prec": 21885,
      "CV_median": 0.2256268167977069,
      "CV_q90": 0.44458261005849153,
      "CV_q75": 0.3088182291435723,
      "CV_q95": 0.5461087063508581
    },
    "4": {
      "median_abs_epsilon": 0.19557964103209002,
      "mean_abs_epsilon": 0.27509855750546774,
      "variance_epsilon": 0.16186949026933015,
      "nr_prec": 27269,
      "CV_median": 0.22405143768361935,
      "CV_q90": 0.44924184608510154,
      "CV_q75": 0.3107347161589702,
      "CV_q95": 0.5521851390051737
    },
    "3": {
      "median_abs_epsilon": 0.20847462993074117,
      "mean_abs_epsilon": 0.29954141315847166,
      "variance_epsilon": 0.19376826962378002,
      "nr_prec": 33133,
      "CV_median": 0.22364251235192062,
      "CV_q90": 0.45331155017310465,
      "CV_q75": 0.3130541039900241,
      "CV_q95": 0.558344596910217
    },
    "2": {
      "median_abs_epsilon": 0.2160485378523056,
      "mean_abs_epsilon": 0.31623532268330157,
      "variance_epsilon": 0.22389269628531944,
      "nr_prec": 39543,
      "CV_median": 0.2231031252408359,
      "CV_q90": 0.45632049121815377,
      "CV_q75": 0.314383570040926,
      "CV_q95": 0.5615880143941862
    },
    "1": {
      "median_abs_epsilon": 0.2160485378523056,
      "mean_abs_epsilon": 0.3162353226833016,
      "variance_epsilon": 0.22389269628531944,
      "nr_prec": 48336,
      "CV_median": 0.2231031252408359,
      "CV_q90": 0.45632049121815377,
      "CV_q75": 0.314383570040926,
      "CV_q95": 0.5615880143941862
    }
  },
  "median_abs_epsilon": 0.2160485378523056,
  "nr_prec": 39543,
  "comments": "",
  "fixed_mods": "Carbamidomethyl (C)",
  "variable_mods": "Oxidation (M)",
  "max_mods": "3",
  "min_precursor_charge": "2",
  "max_precursor_charge": "4",
  "submission_comments": "\n\n ### Parameter changes detected:\n- **abundance_normalization_ions**: `None` \u2192 `nan`\n- **ident_fdr_peptide**: `None` \u2192 `nan`\n\nDataset URL: https://proteobench.cubimed.rub.de/datasets/d01e87b997b84c985868204b1ed26749902fd7f9/",
  "proteobench_version": "0.8.15",
  "minPeptideLength": NaN,
  "color": "#03fc39",
  "hover_text": "ProteoBench ID: quantms_20250526_145933<br>Software tool: quantms <br>Comment (private submission): ...",
  "scatter_size": 20,
  "scan_window": NaN,
  "quantification_method_DIANN": NaN,
  "second_pass": NaN,
  "protein_inference": "aggregation",
  "predictors_library": NaN,
  "quantification_method": "feature_intensity",
  "mean_abs_epsilon": 0.31623532268330157,
  "abundance_normalization_ions": NaN
}