{
    "id": "i2MassChroQ_20241219_162150",
    "old_new": "old",
    "software_name": "i2MassChroQ",
    "software_version": "1.0.18",
    "search_engine": "Sage",
    "search_engine_version": "0.14.7",
    "ident_fdr_psm": 0.0059994191,
    "ident_fdr_peptide": 0.0085614472,
    "ident_fdr_protein": 0.0092346439,
    "enable_match_between_runs": true,
    "precursor_mass_tolerance": "-10 10 ppm",
    "fragment_mass_tolerance": "-0.02 0.02 da",
    "enzyme": "KR,P,true",
    "allowed_miscleavages": 2,
    "min_peptide_length": 5.0,
    "max_peptide_length": 50.0,
    "is_temporary": false,
    "intermediate_hash": "d8db9ffd261d4e4f5810738c726453dc034b3789",
    "results": {
        "6": {
            "median_abs_epsilon": 0.1898364789,
            "mean_abs_epsilon": 0.2924392305,
            "variance_epsilon": 0.1881801358,
            "nr_prec": 50314,
            "CV_median": 0.1164196298,
            "CV_q90": 0.4412660347,
            "CV_q75": 0.2364573769,
            "CV_q95": 0.5733200778
        },
        "5": {
            "median_abs_epsilon": 0.2017950386,
            "mean_abs_epsilon": 0.3223643703,
            "variance_epsilon": 0.2357477619,
            "nr_prec": 58245,
            "CV_median": 0.1245904173,
            "CV_q90": 0.4772880094,
            "CV_q75": 0.2626634998,
            "CV_q95": 0.6170347769
        },
        "4": {
            "median_abs_epsilon": 0.2106427251,
            "mean_abs_epsilon": 0.3432049254,
            "variance_epsilon": 0.2735980597,
            "nr_prec": 63468,
            "CV_median": 0.1285138088,
            "CV_q90": 0.4902867477,
            "CV_q75": 0.2755840016,
            "CV_q95": 0.6333057787
        },
        "3": {
            "median_abs_epsilon": 0.2147464732,
            "mean_abs_epsilon": 0.3525882973,
            "variance_epsilon": 0.293298558,
            "nr_prec": 67891,
            "CV_median": 0.1303962165,
            "CV_q90": 0.4950699978,
            "CV_q75": 0.2799621566,
            "CV_q95": 0.6412535514
        },
        "2": {
            "median_abs_epsilon": 0.2169859976,
            "mean_abs_epsilon": 0.3578004313,
            "variance_epsilon": 0.3054656079,
            "nr_prec": 71050,
            "CV_median": 0.1309354816,
            "CV_q90": 0.4964302351,
            "CV_q75": 0.281160161,
            "CV_q95": 0.6421478014
        },
        "1": {
            "median_abs_epsilon": 0.2169859976,
            "mean_abs_epsilon": 0.3578004313,
            "variance_epsilon": 0.3054656079,
            "nr_prec": 73380,
            "CV_median": 0.1309354816,
            "CV_q90": 0.4964302351,
            "CV_q75": 0.281160161,
            "CV_q95": 0.6421478014
        }
    },
    "median_abs_epsilon": 0.2147464732,
    "nr_prec": 67891,
    "comments": "",
    "fixed_mods": "C:57.021465",
    "variable_mods": "M:15.994915 ^E:-18.010565 ^Q:-17.026548",
    "max_mods": 2.0,
    "min_precursor_charge": 2.0,
    "max_precursor_charge": 4,
    "submission_comments": "\n\nDataset URL: https://proteobench.cubimed.rub.de/datasets/d8db9ffd261d4e4f5810738c726453dc034b3789/",
    "proteobench_version": "0.5.10",
    "minPeptideLength": null,
    "color": "#984ea3",
    "hover_text": "ProteoBench ID: i2MassChroQ_20241219_162150<br>Software tool: i2MassChroQ <br>Comment (private submission): ",
    "scatter_size": 20,
    "scan_window": null,
    "quantification_method_DIANN": null,
    "second_pass": null,
    "protein_inference": null,
    "predictors_library": null,
    "quantification_method": null,
    "mean_abs_epsilon": 0.3525882973,
    "abundance_normalization_ions": null
}