{
  "id": "Sage_20250504_145755",
  "old_new": "new",
  "software_name": "Sage",
  "software_version": "0.14.6",
  "search_engine": "Sage",
  "search_engine_version": "0.14.6",
  "ident_fdr_psm": "0.01",
  "ident_fdr_peptide": NaN,
  "ident_fdr_protein": NaN,
  "enable_match_between_runs": true,
  "precursor_mass_tolerance": "[-20.0 ppm, 20.0 ppm]",
  "fragment_mass_tolerance": "[-20.0 ppm, 20.0 ppm]",
  "enzyme": "KR",
  "allowed_miscleavages": "2",
  "min_peptide_length": "7",
  "max_peptide_length": "50",
  "is_temporary": false,
  "intermediate_hash": "ddae18c13fb1c8b8ab82231e8c09dc27df896829",
  "results": {
    "6": {
      "median_abs_epsilon": 0.27681610107736887,
      "mean_abs_epsilon": 0.4461752915321982,
      "variance_epsilon": 0.45566719611461454,
      "nr_prec": 56644,
      "CV_median": 0.27705867838915776,
      "CV_q90": 0.8570105287310898,
      "CV_q75": 0.5359593184200677,
      "CV_q95": 1.1253705620332513
    },
    "5": {
      "median_abs_epsilon": 0.28164783685214445,
      "mean_abs_epsilon": 0.4626167090193102,
      "variance_epsilon": 0.508067260701906,
      "nr_prec": 57952,
      "CV_median": 0.2806223684638698,
      "CV_q90": 0.8738845697179711,
      "CV_q75": 0.54984268563398,
      "CV_q95": 1.1580423416095287
    },
    "4": {
      "median_abs_epsilon": 0.28525194438843116,
      "mean_abs_epsilon": 0.4761080151682157,
      "variance_epsilon": 0.5585437130160184,
      "nr_prec": 58879,
      "CV_median": 0.2820734715895504,
      "CV_q90": 0.8825685498336266,
      "CV_q75": 0.5549649629660782,
      "CV_q95": 1.1719127144268615
    },
    "3": {
      "median_abs_epsilon": 0.28726270402407295,
      "mean_abs_epsilon": 0.48505470824505587,
      "variance_epsilon": 0.591987516183005,
      "nr_prec": 59380,
      "CV_median": 0.28276634245366494,
      "CV_q90": 0.8864137682550344,
      "CV_q75": 0.5580713378685689,
      "CV_q95": 1.180112226003021
    },
    "2": {
      "median_abs_epsilon": 0.2882943269400755,
      "mean_abs_epsilon": 0.48947181900770204,
      "variance_epsilon": 0.6128676252483365,
      "nr_prec": 59674,
      "CV_median": 0.2828067883141485,
      "CV_q90": 0.8866563497580818,
      "CV_q75": 0.5582077586505307,
      "CV_q95": 1.1804760566679708
    },
    "1": {
      "median_abs_epsilon": 0.2882943269400755,
      "mean_abs_epsilon": 0.489471819007702,
      "variance_epsilon": 0.6128676252483367,
      "nr_prec": 59734,
      "CV_median": 0.2828067883141485,
      "CV_q90": 0.8866563497580818,
      "CV_q75": 0.5582077586505307,
      "CV_q95": 1.1804760566679708
    }
  },
  "median_abs_epsilon": 0.28726270402407295,
  "nr_prec": 59380,
  "comments": "",
  "fixed_mods": "{'C': 57.02146}",
  "variable_mods": "{'M': [15.9949], '[': [42.0106]}",
  "max_mods": "3",
  "min_precursor_charge": "1",
  "max_precursor_charge": "7",
  "submission_comments": "\n\n ### Parameter changes Detected:\n- **abundance_normalization_ions**: `None` \u2192 `nan`\n- **quantification_method**: `None` \u2192 `Sage`\n- **protein_inference**: `None` \u2192 `nan`\n- **ident_fdr_protein**: `None` \u2192 `nan`\n- **ident_fdr_peptide**: `None` \u2192 `nan`\n- **ident_fdr_psm**: `None` \u2192 `0.01`\n\nDataset URL: https://proteobench.cubimed.rub.de/datasets/ddae18c13fb1c8b8ab82231e8c09dc27df896829/",
  "proteobench_version": "0.8.7",
  "minPeptideLength": NaN,
  "color": "#d30067",
  "hover_text": "ProteoBench ID: Sage_20250504_145755<br>Software tool: Sage <br>Comment (private submission): ...",
  "scatter_size": 40,
  "scan_window": NaN,
  "quantification_method_DIANN": NaN,
  "second_pass": NaN,
  "protein_inference": NaN,
  "predictors_library": NaN,
  "quantification_method": "Sage",
  "mean_abs_epsilon": 0.48505470824505587,
  "abundance_normalization_ions": NaN
}