{
  "id": "MaxQuant_20250502_165300",
  "old_new": "new",
  "software_name": "MaxQuant",
  "software_version": "2.5.1.0",
  "search_engine": "Andromeda",
  "search_engine_version": NaN,
  "ident_fdr_psm": 0.01,
  "ident_fdr_peptide": null,
  "ident_fdr_protein": 0.01,
  "enable_match_between_runs": false,
  "precursor_mass_tolerance": "[-4.5 ppm, 4.5 ppm]",
  "fragment_mass_tolerance": "[-20 ppm, 20 ppm]",
  "enzyme": "Trypsin/P",
  "allowed_miscleavages": 1,
  "min_peptide_length": 7,
  "max_peptide_length": null,
  "is_temporary": false,
  "intermediate_hash": "e01ca9dd0be7bae4ec717df19842cef4061b5521",
  "results": {
    "6": {
      "median_abs_epsilon": 0.15756877612207099,
      "mean_abs_epsilon": 0.19964850057095151,
      "variance_epsilon": 0.08308685927481962,
      "nr_prec": 13766,
      "CV_median": 0.2042085529158084,
      "CV_q90": 0.3948541477547757,
      "CV_q75": 0.2794153415957086,
      "CV_q95": 0.4905669617496011
    },
    "5": {
      "median_abs_epsilon": 0.16859730011187857,
      "mean_abs_epsilon": 0.2172296082333893,
      "variance_epsilon": 0.09884180839615858,
      "nr_prec": 19948,
      "CV_median": 0.20399616005316976,
      "CV_q90": 0.4072087504906079,
      "CV_q75": 0.2850330477398438,
      "CV_q95": 0.5028530490117996
    },
    "4": {
      "median_abs_epsilon": 0.18146925747910636,
      "mean_abs_epsilon": 0.2398180791771415,
      "variance_epsilon": 0.11928584416050415,
      "nr_prec": 25468,
      "CV_median": 0.203464192626933,
      "CV_q90": 0.4108068618597254,
      "CV_q75": 0.28803888988621507,
      "CV_q95": 0.506651883216525
    },
    "3": {
      "median_abs_epsilon": 0.19300650853481116,
      "mean_abs_epsilon": 0.2599472936310262,
      "variance_epsilon": 0.13838414593433027,
      "nr_prec": 32034,
      "CV_median": 0.20357133597673188,
      "CV_q90": 0.41519607181256823,
      "CV_q75": 0.2909873473801462,
      "CV_q95": 0.5108282559231304
    },
    "2": {
      "median_abs_epsilon": 0.19985194238625148,
      "mean_abs_epsilon": 0.27454714951331477,
      "variance_epsilon": 0.16022918054965368,
      "nr_prec": 39512,
      "CV_median": 0.20261895610125008,
      "CV_q90": 0.4165186784517134,
      "CV_q75": 0.2918175060099263,
      "CV_q95": 0.5122925099015758
    },
    "1": {
      "median_abs_epsilon": 0.19985194238625148,
      "mean_abs_epsilon": 0.27454714951331477,
      "variance_epsilon": 0.16022918054965368,
      "nr_prec": 50302,
      "CV_median": 0.20261895610125008,
      "CV_q90": 0.4165186784517134,
      "CV_q75": 0.2918175060099263,
      "CV_q95": 0.5122925099015758
    }
  },
  "median_abs_epsilon": 0.19300650853481116,
  "nr_prec": 32034,
  "comments": "",
  "fixed_mods": "Carbamidomethyl (C)",
  "variable_mods": "Oxidation (M),Acetyl (Protein N-term)",
  "max_mods": 5,
  "min_precursor_charge": null,
  "max_precursor_charge": 7,
  "submission_comments": "\n\nDataset URL: https://proteobench.cubimed.rub.de/datasets/e01ca9dd0be7bae4ec717df19842cef4061b5521/",
  "proteobench_version": "0.5.10.dev28+g149aad0.d20241219",
  "minPeptideLength": NaN,
  "color": NaN,
  "hover_text": NaN,
  "scatter_size": NaN,
  "scan_window": NaN,
  "quantification_method_DIANN": NaN,
  "second_pass": NaN,
  "protein_inference": NaN,
  "predictors_library": NaN,
  "quantification_method": NaN,
  "mean_abs_epsilon": 0.2599472936310262,
  "abundance_normalization_ions": NaN
}