{
  "old_new": "new",
  "id": "i2MassChroQ_20250605_115901",
  "software_name": "i2MassChroQ",
  "software_version": "1.2.1",
  "search_engine": "X!Tandem",
  "search_engine_version": "nan",
  "ident_fdr_psm": 0.00969835888743,
  "ident_fdr_peptide": 0.0132251725326,
  "ident_fdr_protein": 0.00859598853868,
  "enable_match_between_runs": true,
  "precursor_mass_tolerance": "[-10 ppm, 10 ppm]",
  "fragment_mass_tolerance": "[-0.02 Da, 0.02 Da]",
  "enzyme": "[RK]|{P}",
  "allowed_miscleavages": 2,
  "min_peptide_length": null,
  "max_peptide_length": null,
  "is_temporary": false,
  "intermediate_hash": "e0ab1339a5354cb27d895ff252383ee4a3365b2e",
  "results": {
    "6": {
      "median_abs_epsilon_global": 0.18528095778366982,
      "median_abs_epsilon_eq_species": 0.2204988226640078,
      "median_abs_epsilon_ECOLI": 0.3195779202066191,
      "median_abs_epsilon_HUMAN": 0.1892354123858091,
      "median_abs_epsilon_YEAST": 0.15268313539959522,
      "mean_abs_epsilon_global": 0.2822042793513275,
      "mean_abs_epsilon_eq_species": 0.38542079232381027,
      "mean_abs_epsilon_ECOLI": 0.6033102338358726,
      "mean_abs_epsilon_HUMAN": 0.27093706454530153,
      "mean_abs_epsilon_YEAST": 0.2820150785902567,
      "median_log2_empirical_ECOLI": -2.0602643931670404,
      "median_log2_empirical_HUMAN": -0.15310562616067713,
      "median_log2_empirical_YEAST": 0.9658911481903374,
      "median_abs_epsilon_precision_global": 0.13855947563237514,
      "median_abs_epsilon_precision_eq_species": 0.19401271023953726,
      "median_abs_epsilon_precision_ECOLI": 0.29505960687682986,
      "median_abs_epsilon_precision_HUMAN": 0.13168491054022624,
      "median_abs_epsilon_precision_YEAST": 0.15529361330155567,
      "mean_log2_empirical_ECOLI": -1.7652554699158614,
      "mean_log2_empirical_HUMAN": -0.15962005774949775,
      "mean_log2_empirical_YEAST": 0.9060227134808407,
      "mean_abs_epsilon_precision_global": 0.2489287001041994,
      "mean_abs_epsilon_precision_eq_species": 0.3923865563984899,
      "mean_abs_epsilon_precision_ECOLI": 0.6656380307348642,
      "mean_abs_epsilon_precision_HUMAN": 0.22440989504420075,
      "mean_abs_epsilon_precision_YEAST": 0.2871117434164049,
      "CV_median": 0.11641705201146642,
      "CV_q75": 0.23689074195001847,
      "CV_q90": 0.4380079948087895,
      "CV_q95": 0.5659605469773011,
      "roc_auc": 0.9293956675932287,
      "roc_auc_directional": 0.9371246055392478,
      "nr_prec": 45122,
      "nr_prec_HUMAN": 34903,
      "nr_prec_YEAST": 8989,
      "nr_prec_ECOLI": 1230,
      "variance_epsilon_global": 0.17319899063332106
    },
    "5": {
      "median_abs_epsilon_global": 0.19693673504599296,
      "median_abs_epsilon_eq_species": 0.24569325544637857,
      "median_abs_epsilon_ECOLI": 0.3663811218924078,
      "median_abs_epsilon_HUMAN": 0.19830908097685196,
      "median_abs_epsilon_YEAST": 0.172389563469876,
      "mean_abs_epsilon_global": 0.3115221908201818,
      "mean_abs_epsilon_eq_species": 0.4197209604961318,
      "mean_abs_epsilon_ECOLI": 0.6419940685928073,
      "mean_abs_epsilon_HUMAN": 0.2956497762940357,
      "mean_abs_epsilon_YEAST": 0.32151903660155234,
      "median_log2_empirical_ECOLI": -2.0624024061416275,
      "median_log2_empirical_HUMAN": -0.15438154588269093,
      "median_log2_empirical_YEAST": 0.9638215905376697,
      "median_abs_epsilon_precision_global": 0.1527501608359234,
      "median_abs_epsilon_precision_eq_species": 0.22292760507505882,
      "median_abs_epsilon_precision_ECOLI": 0.3508222448949958,
      "median_abs_epsilon_precision_HUMAN": 0.14309841962728242,
      "median_abs_epsilon_precision_YEAST": 0.17486215070289823,
      "mean_log2_empirical_ECOLI": -1.7701459260198178,
      "mean_log2_empirical_HUMAN": -0.1636781961920559,
      "mean_log2_empirical_YEAST": 0.8911216493133577,
      "mean_abs_epsilon_precision_global": 0.28061407687407164,
      "mean_abs_epsilon_precision_eq_species": 0.4262286848929729,
      "mean_abs_epsilon_precision_ECOLI": 0.6989016001849178,
      "mean_abs_epsilon_precision_HUMAN": 0.2510087185744456,
      "mean_abs_epsilon_precision_YEAST": 0.32877573591955533,
      "CV_median": 0.12429640853886417,
      "CV_q75": 0.26305710288908296,
      "CV_q90": 0.4723834379778121,
      "CV_q95": 0.6105946822019724,
      "roc_auc": 0.913357273194143,
      "roc_auc_directional": 0.9288468256742424,
      "nr_prec": 51892,
      "nr_prec_HUMAN": 39676,
      "nr_prec_YEAST": 10632,
      "nr_prec_ECOLI": 1584,
      "variance_epsilon_global": 0.21757186173993176
    },
    "4": {
      "median_abs_epsilon_global": 0.20556632919720208,
      "median_abs_epsilon_eq_species": 0.2641129663578952,
      "median_abs_epsilon_ECOLI": 0.40230557174795933,
      "median_abs_epsilon_HUMAN": 0.20564901992338847,
      "median_abs_epsilon_YEAST": 0.1843843074023379,
      "mean_abs_epsilon_global": 0.33076546516434197,
      "mean_abs_epsilon_eq_species": 0.4460474639409378,
      "mean_abs_epsilon_ECOLI": 0.6812049031223397,
      "mean_abs_epsilon_HUMAN": 0.3109959072582803,
      "mean_abs_epsilon_YEAST": 0.3459415814421935,
      "median_log2_empirical_ECOLI": -2.061657248061703,
      "median_log2_empirical_HUMAN": -0.156021404994668,
      "median_log2_empirical_YEAST": 0.96283749756393,
      "median_abs_epsilon_precision_global": 0.16265872563574835,
      "median_abs_epsilon_precision_eq_species": 0.24156380600830119,
      "median_abs_epsilon_precision_ECOLI": 0.38602140067545676,
      "median_abs_epsilon_precision_HUMAN": 0.1511890571478638,
      "median_abs_epsilon_precision_YEAST": 0.187480960201583,
      "mean_log2_empirical_ECOLI": -1.7763980402032433,
      "mean_log2_empirical_HUMAN": -0.16616597099029393,
      "mean_log2_empirical_YEAST": 0.8850171641491215,
      "mean_abs_epsilon_precision_global": 0.3009113160459442,
      "mean_abs_epsilon_precision_eq_species": 0.4509501902143373,
      "mean_abs_epsilon_precision_ECOLI": 0.7316403572943426,
      "mean_abs_epsilon_precision_HUMAN": 0.2671939234209374,
      "mean_abs_epsilon_precision_YEAST": 0.3540162899277318,
      "CV_median": 0.12854253033544616,
      "CV_q75": 0.2764780542493931,
      "CV_q90": 0.4864153358576001,
      "CV_q95": 0.6280764861641936,
      "roc_auc": 0.9059560155311732,
      "roc_auc_directional": 0.9232261139581075,
      "nr_prec": 56444,
      "nr_prec_HUMAN": 42827,
      "nr_prec_YEAST": 11708,
      "nr_prec_ECOLI": 1909,
      "variance_epsilon_global": 0.24987867480207654
    },
    "3": {
      "median_abs_epsilon_global": 0.20868731931333073,
      "median_abs_epsilon_eq_species": 0.2703196738750974,
      "median_abs_epsilon_ECOLI": 0.4136580248856099,
      "median_abs_epsilon_HUMAN": 0.20834328673320535,
      "median_abs_epsilon_YEAST": 0.188957710006477,
      "mean_abs_epsilon_global": 0.33947005075902464,
      "mean_abs_epsilon_eq_species": 0.45803025181799323,
      "mean_abs_epsilon_ECOLI": 0.6989142026960141,
      "mean_abs_epsilon_HUMAN": 0.319389262944948,
      "mean_abs_epsilon_YEAST": 0.3557872898130174,
      "median_log2_empirical_ECOLI": -2.0546250338036742,
      "median_log2_empirical_HUMAN": -0.15399674328397772,
      "median_log2_empirical_YEAST": 0.9613215055366027,
      "median_abs_epsilon_precision_global": 0.1674513193589835,
      "median_abs_epsilon_precision_eq_species": 0.2491068630480496,
      "median_abs_epsilon_precision_ECOLI": 0.397857126416433,
      "median_abs_epsilon_precision_HUMAN": 0.1567011540118699,
      "median_abs_epsilon_precision_YEAST": 0.19276230871584588,
      "mean_log2_empirical_ECOLI": -1.7562225727658243,
      "mean_log2_empirical_HUMAN": -0.1624466569127454,
      "mean_log2_empirical_YEAST": 0.880497449046659,
      "mean_abs_epsilon_precision_global": 0.3113045039783001,
      "mean_abs_epsilon_precision_eq_species": 0.4647667012580586,
      "mean_abs_epsilon_precision_ECOLI": 0.7521284711423103,
      "mean_abs_epsilon_precision_HUMAN": 0.27774006267843226,