{
  "id": "i2MassChroQ_20250305_102110",
  "old_new": "new",
  "software_name": "i2MassChroQ",
  "software_version": "1.2.1",
  "search_engine": "X!Tandem",
  "search_engine_version": "nan",
  "ident_fdr_psm": "0.00969835888743",
  "ident_fdr_peptide": "0.0132251725326",
  "ident_fdr_protein": "0.00859598853868",
  "enable_match_between_runs": true,
  "precursor_mass_tolerance": "[-10 ppm, 10 ppm]",
  "fragment_mass_tolerance": "[-0.02 Da, 0.02 Da]",
  "enzyme": "Trypsin",
  "allowed_miscleavages": "2",
  "min_peptide_length": null,
  "max_peptide_length": null,
  "is_temporary": false,
  "intermediate_hash": "e0ab1339a5354cb27d895ff252383ee4a3365b2e",
  "results": {
    "6": {
      "median_abs_epsilon": 0.18554309179847195,
      "mean_abs_epsilon": 0.28278203296479526,
      "variance_epsilon": 0.17404248054316493,
      "nr_prec": 45494,
      "CV_median": 0.11659689653070507,
      "CV_q90": 0.43905384679842996,
      "CV_q75": 0.2378482048318531,
      "CV_q95": 0.5669695840762878
    },
    "5": {
      "median_abs_epsilon": 0.19707090179054276,
      "mean_abs_epsilon": 0.31189421241255005,
      "variance_epsilon": 0.21813063546545966,
      "nr_prec": 52292,
      "CV_median": 0.12454153414054044,
      "CV_q90": 0.4736497289816175,
      "CV_q75": 0.26407020307661233,
      "CV_q95": 0.6115464931757404
    },
    "4": {
      "median_abs_epsilon": 0.20578792260935863,
      "mean_abs_epsilon": 0.3310516347884989,
      "variance_epsilon": 0.2502221024690637,
      "nr_prec": 56860,
      "CV_median": 0.12874514741989002,
      "CV_q90": 0.48731472780454843,
      "CV_q75": 0.2774764334851244,
      "CV_q95": 0.6286650149339557
    },
    "3": {
      "median_abs_epsilon": 0.2088250600547692,
      "mean_abs_epsilon": 0.3397479371860323,
      "variance_epsilon": 0.26850135194269137,
      "nr_prec": 60711,
      "CV_median": 0.1303755341754002,
      "CV_q90": 0.49190281435851935,
      "CV_q75": 0.28161485359123906,
      "CV_q95": 0.6362853107736828
    },
    "2": {
      "median_abs_epsilon": 0.21073849715290294,
      "mean_abs_epsilon": 0.34390359586112357,
      "variance_epsilon": 0.2781696013791502,
      "nr_prec": 63404,
      "CV_median": 0.13097845781584191,
      "CV_q90": 0.49331366146185107,
      "CV_q75": 0.28295436057587714,
      "CV_q95": 0.6375101622828301
    },
    "1": {
      "median_abs_epsilon": 0.21073849715290294,
      "mean_abs_epsilon": 0.34390359586112357,
      "variance_epsilon": 0.27816960137915026,
      "nr_prec": 65050,
      "CV_median": 0.13097845781584191,
      "CV_q90": 0.49331366146185107,
      "CV_q75": 0.28295436057587714,
      "CV_q95": 0.6375101622828301
    }
  },
  "median_abs_epsilon": 0.2088250600547692,
  "nr_prec": 60711,
  "comments": "",
  "fixed_mods": "57.02146@C",
  "variable_mods": "15.99491@M;Acetyl(N-term);Pyrolidone(N-term)",
  "max_mods": null,
  "min_precursor_charge": "1",
  "max_precursor_charge": "4",
  "submission_comments": "\n\n ### No parameter changes detected. \n\n\nDataset URL: https://proteobench.cubimed.rub.de/datasets/e0ab1339a5354cb27d895ff252383ee4a3365b2e/",
  "proteobench_version": "0.6.0",
  "minPeptideLength": NaN,
  "color": "#d30067",
  "hover_text": "ProteoBench ID: i2MassChroQ_20250305_102110<br>Software tool: i2MassChroQ <br>Comment (private submission): ",
  "scatter_size": 40,
  "scan_window": NaN,
  "quantification_method_DIANN": NaN,
  "second_pass": NaN,
  "protein_inference": "nan",
  "predictors_library": NaN,
  "quantification_method": "nan",
  "mean_abs_epsilon": 0.3397479371860323,
  "abundance_normalization_ions": "nan"
}