{
  "id": "MaxQuant_20250507_141733",
  "old_new": "new",
  "software_name": "MaxQuant",
  "software_version": "1.6.3.3",
  "search_engine": "Andromeda",
  "search_engine_version": NaN,
  "ident_fdr_psm": 0.01,
  "ident_fdr_peptide": null,
  "ident_fdr_protein": 0.01,
  "enable_match_between_runs": false,
  "precursor_mass_tolerance": "[-4.5 ppm, 4.5 ppm]",
  "fragment_mass_tolerance": "[-20 ppm, 20 ppm]",
  "enzyme": "Trypsin/P",
  "allowed_miscleavages": 1,
  "min_peptide_length": 7,
  "max_peptide_length": null,
  "is_temporary": false,
  "intermediate_hash": "e2eae79b1a8aa2ae3493da02ddaed68b4a352ff1",
  "results": {
    "6": {
      "median_abs_epsilon": 0.15731887543733514,
      "mean_abs_epsilon": 0.20037115710717737,
      "variance_epsilon": 0.08515409861635585,
      "nr_prec": 13802,
      "CV_median": 0.20477871041245838,
      "CV_q90": 0.39724753651703815,
      "CV_q75": 0.28081885184611494,
      "CV_q95": 0.4940862212035282
    },
    "5": {
      "median_abs_epsilon": 0.16851483949910673,
      "mean_abs_epsilon": 0.21775498770039659,
      "variance_epsilon": 0.09978807447335225,
      "nr_prec": 19953,
      "CV_median": 0.20423822532328295,
      "CV_q90": 0.40788949055877444,
      "CV_q75": 0.28574054770585555,
      "CV_q95": 0.5045660699827033
    },
    "4": {
      "median_abs_epsilon": 0.18106745139527014,
      "mean_abs_epsilon": 0.2396988825779166,
      "variance_epsilon": 0.11958667955615326,
      "nr_prec": 25570,
      "CV_median": 0.20376737161282762,
      "CV_q90": 0.41263551045869806,
      "CV_q75": 0.2884831829687965,
      "CV_q95": 0.5094258671033447
    },
    "3": {
      "median_abs_epsilon": 0.19344555608037695,
      "mean_abs_epsilon": 0.2594895132957232,
      "variance_epsilon": 0.1377257806715358,
      "nr_prec": 32077,
      "CV_median": 0.20366971573753895,
      "CV_q90": 0.41602511749706483,
      "CV_q75": 0.2912532904878449,
      "CV_q95": 0.5124358755934775
    },
    "2": {
      "median_abs_epsilon": 0.20054503085364672,
      "mean_abs_epsilon": 0.27449361599850736,
      "variance_epsilon": 0.16006515619617995,
      "nr_prec": 39569,
      "CV_median": 0.2026603633263905,
      "CV_q90": 0.41739354873286577,
      "CV_q75": 0.29222116818181787,
      "CV_q95": 0.5136026385485348
    },
    "1": {
      "median_abs_epsilon": 0.20054503085364672,
      "mean_abs_epsilon": 0.27449361599850736,
      "variance_epsilon": 0.16006515619617995,
      "nr_prec": 50360,
      "CV_median": 0.2026603633263905,
      "CV_q90": 0.41739354873286577,
      "CV_q75": 0.29222116818181787,
      "CV_q95": 0.5136026385485348
    }
  },
  "median_abs_epsilon": 0.19344555608037695,
  "nr_prec": 32077,
  "comments": "",
  "fixed_mods": "Carbamidomethyl (C)",
  "variable_mods": "Oxidation (M),Acetyl (Protein N-term)",
  "max_mods": 5,
  "min_precursor_charge": null,
  "max_precursor_charge": 7,
  "submission_comments": "\n\nDataset URL: https://proteobench.cubimed.rub.de/datasets/e2eae79b1a8aa2ae3493da02ddaed68b4a352ff1/",
  "proteobench_version": "0.5.10.dev28+g149aad0.d20241219",
  "minPeptideLength": NaN,
  "color": NaN,
  "hover_text": NaN,
  "scatter_size": NaN,
  "scan_window": NaN,
  "quantification_method_DIANN": NaN,
  "second_pass": NaN,
  "protein_inference": NaN,
  "predictors_library": NaN,
  "quantification_method": NaN,
  "mean_abs_epsilon": 0.2594895132957232,
  "abundance_normalization_ions": NaN
}