{
  "old_new": "new",
  "id": "i2MassChroQ_20260309_101851",
  "software_name": "i2MassChroQ",
  "software_version": "1.2.0",
  "search_engine": "Sage",
  "search_engine_version": "0.15.0-alpha",
  "ident_fdr_psm": 0.0099991764759,
  "ident_fdr_peptide": 0.0141726898633,
  "ident_fdr_protein": 0.00948714423209,
  "enable_match_between_runs": false,
  "precursor_mass_tolerance": "-10 10 ppm",
  "fragment_mass_tolerance": "-0.02 0.02 da",
  "enzyme": "KR|P,T",
  "allowed_miscleavages": 2,
  "min_peptide_length": 5,
  "max_peptide_length": 50,
  "is_temporary": false,
  "intermediate_hash": "e66276f3a954cb592244ac64577646f1bebe4659",
  "results": {
    "6": {
      "median_abs_epsilon_global": 0.1747733929555988,
      "median_abs_epsilon_eq_species": 0.16813843797821923,
      "median_abs_epsilon_ECOLI": 0.19617821038453442,
      "median_abs_epsilon_HUMAN": 0.18466148797873672,
      "median_abs_epsilon_YEAST": 0.12357561557138652,
      "mean_abs_epsilon_global": 0.2464812161799821,
      "mean_abs_epsilon_eq_species": 0.259495378424809,
      "mean_abs_epsilon_ECOLI": 0.3116344413260948,
      "mean_abs_epsilon_HUMAN": 0.2524187916968256,
      "mean_abs_epsilon_YEAST": 0.21443290225150657,
      "median_log2_empirical_ECOLI": -2.141830032501229,
      "median_log2_empirical_HUMAN": -0.1558922076250937,
      "median_log2_empirical_YEAST": 0.9702945919669546,
      "median_abs_epsilon_precision_global": 0.12307696390947065,
      "median_abs_epsilon_precision_eq_species": 0.1270679479741883,
      "median_abs_epsilon_precision_ECOLI": 0.13775431678279837,
      "median_abs_epsilon_precision_HUMAN": 0.12380978967848932,
      "median_abs_epsilon_precision_YEAST": 0.1196397374612772,
      "mean_log2_empirical_ECOLI": -2.086895876355872,
      "mean_log2_empirical_HUMAN": -0.16612941871449982,
      "mean_log2_empirical_YEAST": 0.9567337090450996,
      "mean_abs_epsilon_precision_global": 0.2056107203713277,
      "mean_abs_epsilon_precision_eq_species": 0.23137020630883467,
      "mean_abs_epsilon_precision_ECOLI": 0.2787874422970906,
      "mean_abs_epsilon_precision_HUMAN": 0.2024400262099916,
      "mean_abs_epsilon_precision_YEAST": 0.21288315041942185,
      "CV_median": 0.12084537657793297,
      "CV_q75": 0.2562151222921434,
      "CV_q90": 0.45296904226789925,
      "CV_q95": 0.560289256410454,
      "roc_auc": 0.9581795404783465,
      "roc_auc_directional": 0.980531800963965,
      "nr_prec": 22640,
      "nr_prec_HUMAN": 18139,
      "nr_prec_YEAST": 4125,
      "nr_prec_ECOLI": 376,
      "variance_epsilon_global": 0.11088498637348591
    },
    "5": {
      "median_abs_epsilon_global": 0.182820779258547,
      "median_abs_epsilon_eq_species": 0.18022155666847559,
      "median_abs_epsilon_ECOLI": 0.2141130830021396,
      "median_abs_epsilon_HUMAN": 0.19045776933353764,
      "median_abs_epsilon_YEAST": 0.13609381766974948,
      "mean_abs_epsilon_global": 0.26731841341305257,
      "mean_abs_epsilon_eq_species": 0.29013768066078777,
      "mean_abs_epsilon_ECOLI": 0.35565865885212344,
      "mean_abs_epsilon_HUMAN": 0.2706923827492512,
      "mean_abs_epsilon_YEAST": 0.24406200038098863,
      "median_log2_empirical_ECOLI": -2.137849936030989,
      "median_log2_empirical_HUMAN": -0.1539203698148146,
      "median_log2_empirical_YEAST": 0.9708733517784225,
      "median_abs_epsilon_precision_global": 0.13439967012049348,
      "median_abs_epsilon_precision_eq_species": 0.14705645104046935,
      "median_abs_epsilon_precision_ECOLI": 0.17182865094477506,
      "median_abs_epsilon_precision_HUMAN": 0.13359369329354642,
      "median_abs_epsilon_precision_YEAST": 0.13574700888308655,
      "mean_log2_empirical_ECOLI": -2.062316273588514,
      "mean_log2_empirical_HUMAN": -0.16525155271680997,
      "mean_log2_empirical_YEAST": 0.9455792473340825,
      "mean_abs_epsilon_precision_global": 0.23033324204702668,
      "mean_abs_epsilon_precision_eq_species": 0.26771296498756797,
      "mean_abs_epsilon_precision_ECOLI": 0.334699804019853,
      "mean_abs_epsilon_precision_HUMAN": 0.22465120669880884,
      "mean_abs_epsilon_precision_YEAST": 0.24378788424404207,
      "CV_median": 0.11938153258331716,
      "CV_q75": 0.2574203403240059,
      "CV_q90": 0.4645658557212969,
      "CV_q95": 0.5836561532791955,
      "roc_auc": 0.9437671329740449,
      "roc_auc_directional": 0.9745979549148718,
      "nr_prec": 32304,
      "nr_prec_HUMAN": 25634,
      "nr_prec_YEAST": 6055,
      "nr_prec_ECOLI": 615,
      "variance_epsilon_global": 0.1408185117792439
    },
    "4": {
      "median_abs_epsilon_global": 0.19130511048036958,
      "median_abs_epsilon_eq_species": 0.2019455069910432,
      "median_abs_epsilon_ECOLI": 0.2544077954189845,
      "median_abs_epsilon_HUMAN": 0.1969499003782893,
      "median_abs_epsilon_YEAST": 0.15447882517585576,
      "mean_abs_epsilon_global": 0.28964466710467635,
      "mean_abs_epsilon_eq_species": 0.3303606172589238,
      "mean_abs_epsilon_ECOLI": 0.4214730506089785,
      "mean_abs_epsilon_HUMAN": 0.28780505248804855,
      "mean_abs_epsilon_YEAST": 0.28180374867974434,
      "median_log2_empirical_ECOLI": -2.1275312621024156,
      "median_log2_empirical_HUMAN": -0.15236506010654338,
      "median_log2_empirical_YEAST": 0.9689507109026234,
      "median_abs_epsilon_precision_global": 0.14757639977627512,
      "median_abs_epsilon_precision_eq_species": 0.1720086402626837,
      "median_abs_epsilon_precision_ECOLI": 0.21597206218084253,
      "median_abs_epsilon_precision_HUMAN": 0.1442919002978762,
      "median_abs_epsilon_precision_YEAST": 0.15576195830933237,
      "mean_log2_empirical_ECOLI": -2.029934796920408,
      "mean_log2_empirical_HUMAN": -0.16095011020752256,
      "mean_log2_empirical_YEAST": 0.9301141392369663,
      "mean_abs_epsilon_precision_global": 0.25634263728823486,
      "mean_abs_epsilon_precision_eq_species": 0.31389373855636943,
      "mean_abs_epsilon_precision_ECOLI": 0.41329371321569913,
      "mean_abs_epsilon_precision_HUMAN": 0.245217088627877,
      "mean_abs_epsilon_precision_YEAST": 0.2831704138255321,
      "CV_median": 0.12003362042323674,
      "CV_q75": 0.2617594148718233,
      "CV_q90": 0.47229813333991144,
      "CV_q95": 0.5979080126762393,
      "roc_auc": 0.9313990452704161,
      "roc_auc_directional": 0.9677480656039086,
      "nr_prec": 40386,
      "nr_prec_HUMAN": 31657,
      "nr_prec_YEAST": 7822,
      "nr_prec_ECOLI": 907,
      "variance_epsilon_global": 0.17678984070295084
    },
    "3": {
      "median_abs_epsilon_global": 0.1977302620297685,
      "median_abs_epsilon_eq_species": 0.21059439976117508,
      "median_abs_epsilon_ECOLI": 0.2633860571029114,
      "median_abs_epsilon_HUMAN": 0.20224754741828477,
      "median_abs_epsilon_YEAST": 0.16614959476232904,
      "mean_abs_epsilon_global": 0.30862013227510604,
      "mean_abs_epsilon_eq_species": 0.3519348609434412,
      "mean_abs_epsilon_ECOLI": 0.44675201958699523,
      "mean_abs_epsilon_HUMAN": 0.3062839021502256,
      "mean_abs_epsilon_YEAST": 0.30276866109310263,
      "median_log2_empirical_ECOLI": -2.1180580230487056,
      "median_log2_empirical_HUMAN": -0.14861977343808874,
      "median_log2_empirical_YEAST": 0.9666232067407261,
      "median_abs_epsilon_precision_global": 0.1574987329635551,
      "median_abs_epsilon_precision_eq_species": 0.18398516863255843,
      "median_abs_epsilon_precision_ECOLI": 0.2303562212862751,
      "median_abs_epsilon_precision_HUMAN": 0.15400161804763002,
      "median_abs_epsilon_precision_YEAST": 0.16759766656377018,
      "mean_log2_empirical_ECOLI": -2.005050081349645,
      "mean_log2_empirical_HUMAN": -0.15551876142690707,
      "mean_log2_empirical_YEAST": 0.9217349862635268,
      "mean_abs_epsilon_precision_global": 0.27853475200898076,
      "mean_abs_epsilon_precision_eq_species": 0.3392592293653127,
      "mean_abs_epsilon_precision_ECOLI": 0.4454125690416843,
      "mean_abs_epsilon_precision_HUMAN": 0.26769785974769406,