{
    "id": "MaxQuant_20241216_121357",
    "old_new": "old",
    "software_name": "MaxQuant",
    "software_version": "1.6.3.3",
    "search_engine": "Andromeda",
    "search_engine_version": null,
    "ident_fdr_psm": null,
    "ident_fdr_peptide": 0.01,
    "ident_fdr_protein": 0.01,
    "enable_match_between_runs": true,
    "precursor_mass_tolerance": "[-4.5 ppm, 4.5 ppm]",
    "fragment_mass_tolerance": "[-20 ppm, 20 ppm]",
    "enzyme": "Trypsin/P",
    "allowed_miscleavages": 1,
    "min_peptide_length": 7.0,
    "max_peptide_length": null,
    "is_temporary": false,
    "intermediate_hash": "e683472e109ece5b3e0996d8bef476ed0ad6dbdb",
    "results": {
        "6": {
            "median_abs_epsilon": 0.1720150271,
            "mean_abs_epsilon": 0.2314339661,
            "variance_epsilon": 0.1179849109,
            "nr_prec": 25225,
            "CV_median": 0.2135546669,
            "CV_q90": 0.4346705643,
            "CV_q75": 0.2971309389,
            "CV_q95": 0.5371205977
        },
        "5": {
            "median_abs_epsilon": 0.1864216462,
            "mean_abs_epsilon": 0.2626149483,
            "variance_epsilon": 0.1582295441,
            "nr_prec": 32568,
            "CV_median": 0.2162126252,
            "CV_q90": 0.4574377315,
            "CV_q75": 0.309334851,
            "CV_q95": 0.5664349812
        },
        "4": {
            "median_abs_epsilon": 0.2001159966,
            "mean_abs_epsilon": 0.2974936586,
            "variance_epsilon": 0.220558395,
            "nr_prec": 38636,
            "CV_median": 0.2176050296,
            "CV_q90": 0.4711976191,
            "CV_q75": 0.316156978,
            "CV_q95": 0.5862421698
        },
        "3": {
            "median_abs_epsilon": 0.2096749129,
            "mean_abs_epsilon": 0.3202269329,
            "variance_epsilon": 0.2616807235,
            "nr_prec": 43930,
            "CV_median": 0.2184538084,
            "CV_q90": 0.4792140713,
            "CV_q75": 0.3198481101,
            "CV_q95": 0.5987024243
        },
        "2": {
            "median_abs_epsilon": 0.2133131877,
            "mean_abs_epsilon": 0.3317810327,
            "variance_epsilon": 0.2910473158,
            "nr_prec": 47974,
            "CV_median": 0.2186133244,
            "CV_q90": 0.4818754826,
            "CV_q75": 0.3208251302,
            "CV_q95": 0.6033732238
        },
        "1": {
            "median_abs_epsilon": 0.2133131877,
            "mean_abs_epsilon": 0.3317810327,
            "variance_epsilon": 0.2910473158,
            "nr_prec": 50360,
            "CV_median": 0.2186133244,
            "CV_q90": 0.4818754826,
            "CV_q75": 0.3208251302,
            "CV_q95": 0.6033732238
        }
    },
    "median_abs_epsilon": 0.2096749129,
    "nr_prec": 43930,
    "comments": "",
    "fixed_mods": "Carbamidomethyl (C)",
    "variable_mods": "Oxidation (M),Acetyl (Protein N-term)",
    "max_mods": 5.0,
    "min_precursor_charge": null,
    "max_precursor_charge": 7,
    "submission_comments": "\n\nDataset URL: https://proteobench.cubimed.rub.de/datasets/e683472e109ece5b3e0996d8bef476ed0ad6dbdb/",
    "proteobench_version": "0.5.8",
    "minPeptideLength": null,
    "color": "#377eb8",
    "hover_text": "ProteoBench ID: MaxQuant_20241216_121357<br>Software tool: MaxQuant <br>Comment (private submission): ",
    "scatter_size": 20,
    "scan_window": null,
    "quantification_method_DIANN": null,
    "second_pass": null,
    "protein_inference": null,
    "predictors_library": null,
    "quantification_method": null,
    "mean_abs_epsilon": 0.3202269329,
    "abundance_normalization_ions": null
}