{
  "old_new": "new",
  "id": "MaxQuant_20250605_121216",
  "software_name": "MaxQuant",
  "software_version": "1.5.3.30",
  "search_engine": "Andromeda",
  "search_engine_version": NaN,
  "ident_fdr_psm": 0.01,
  "ident_fdr_peptide": null,
  "ident_fdr_protein": 0.01,
  "enable_match_between_runs": false,
  "precursor_mass_tolerance": "[-4.5 ppm, 4.5 ppm]",
  "fragment_mass_tolerance": "[-20 ppm, 20 ppm]",
  "enzyme": "Trypsin/P",
  "allowed_miscleavages": 1,
  "min_peptide_length": 7,
  "max_peptide_length": null,
  "is_temporary": false,
  "intermediate_hash": "e69518aa474be08f1ce4200380e88ac573689517",
  "results": {
    "6": {
      "median_abs_epsilon_global": 0.15724154299541837,
      "median_abs_epsilon_eq_species": 0.17311838601105003,
      "median_abs_epsilon_ECOLI": 0.18668709764835256,
      "median_abs_epsilon_HUMAN": 0.15213940125297754,
      "median_abs_epsilon_YEAST": 0.18052865913182004,
      "mean_abs_epsilon_global": 0.19868394374733941,
      "mean_abs_epsilon_eq_species": 0.22664224886684461,
      "mean_abs_epsilon_ECOLI": 0.2663359203735326,
      "mean_abs_epsilon_HUMAN": 0.19196953213031537,
      "mean_abs_epsilon_YEAST": 0.22162129409668585,
      "median_log2_empirical_ECOLI": -1.8621245509126183,
      "median_log2_empirical_HUMAN": 0.06523719385038795,
      "median_log2_empirical_YEAST": 1.133365855809263,
      "median_abs_epsilon_precision_global": 0.14079439169185548,
      "median_abs_epsilon_precision_eq_species": 0.14489572004388585,
      "median_abs_epsilon_precision_ECOLI": 0.1559182958421399,
      "median_abs_epsilon_precision_HUMAN": 0.14120952805542686,
      "median_abs_epsilon_precision_YEAST": 0.13755933623409078,
      "mean_log2_empirical_ECOLI": -1.7972199386896315,
      "mean_log2_empirical_HUMAN": 0.04843185036369024,
      "mean_log2_empirical_YEAST": 1.1006210727784176,
      "mean_abs_epsilon_precision_global": 0.18752598981440788,
      "mean_abs_epsilon_precision_eq_species": 0.20628551490525962,
      "mean_abs_epsilon_precision_ECOLI": 0.23982717567883813,
      "mean_abs_epsilon_precision_HUMAN": 0.18496179912782038,
      "mean_abs_epsilon_precision_YEAST": 0.1940675699091204,
      "CV_median": 0.20389003138591674,
      "CV_q75": 0.2786744740284369,
      "CV_q90": 0.3910472093981321,
      "CV_q95": 0.48851040057712714,
      "roc_auc": 0.9902121974399782,
      "roc_auc_directional": 0.9844108156983693,
      "nr_prec": 14029,
      "nr_prec_HUMAN": 11184,
      "nr_prec_YEAST": 2625,
      "nr_prec_ECOLI": 220,
      "variance_epsilon_global": 0.08461355784757368
    },
    "5": {
      "median_abs_epsilon_global": 0.1691400766122655,
      "median_abs_epsilon_eq_species": 0.19087952257075416,
      "median_abs_epsilon_ECOLI": 0.21935154265513646,
      "median_abs_epsilon_HUMAN": 0.1635502313876227,
      "median_abs_epsilon_YEAST": 0.18973679366950336,
      "mean_abs_epsilon_global": 0.21677550422181446,
      "mean_abs_epsilon_eq_species": 0.24830674335465128,
      "mean_abs_epsilon_ECOLI": 0.29564327824154263,
      "mean_abs_epsilon_HUMAN": 0.20942305162898214,
      "mean_abs_epsilon_YEAST": 0.23985390019342903,
      "median_log2_empirical_ECOLI": -1.8069970416406171,
      "median_log2_empirical_HUMAN": 0.06629116741911645,
      "median_log2_empirical_YEAST": 1.112917832858594,
      "median_abs_epsilon_precision_global": 0.1540746419792054,
      "median_abs_epsilon_precision_eq_species": 0.16307073536425717,
      "median_abs_epsilon_precision_ECOLI": 0.17941822966976417,
      "median_abs_epsilon_precision_HUMAN": 0.1530110056972802,
      "median_abs_epsilon_precision_YEAST": 0.1567829707257271,
      "mean_log2_empirical_ECOLI": -1.7676655155541785,
      "mean_log2_empirical_HUMAN": 0.05265989685187578,
      "mean_log2_empirical_YEAST": 1.0752177645425656,
      "mean_abs_epsilon_precision_global": 0.20699639246393117,
      "mean_abs_epsilon_precision_eq_species": 0.22529572418427637,
      "mean_abs_epsilon_precision_ECOLI": 0.25081055094811167,
      "mean_abs_epsilon_precision_HUMAN": 0.2021631110670953,
      "mean_abs_epsilon_precision_YEAST": 0.2229135105376222,
      "CV_median": 0.20389178357845225,
      "CV_q75": 0.2845027715163337,
      "CV_q90": 0.4046626838003221,
      "CV_q95": 0.5002627066955029,
      "roc_auc": 0.9847732042340659,
      "roc_auc_directional": 0.9844064921997429,
      "nr_prec": 20317,
      "nr_prec_HUMAN": 16070,
      "nr_prec_YEAST": 3886,
      "nr_prec_ECOLI": 361,
      "variance_epsilon_global": 0.10001085912952616
    },
    "4": {
      "median_abs_epsilon_global": 0.18131909770397492,
      "median_abs_epsilon_eq_species": 0.20413159105677772,
      "median_abs_epsilon_ECOLI": 0.23439228887085584,
      "median_abs_epsilon_HUMAN": 0.17505731359131183,
      "median_abs_epsilon_YEAST": 0.20294517070816553,
      "mean_abs_epsilon_global": 0.2387656599111331,
      "mean_abs_epsilon_eq_species": 0.2832949316833756,
      "mean_abs_epsilon_ECOLI": 0.3556794335827973,
      "mean_abs_epsilon_HUMAN": 0.2291887460193128,
      "mean_abs_epsilon_YEAST": 0.2650166154480167,
      "median_log2_empirical_ECOLI": -1.7836651590263095,
      "median_log2_empirical_HUMAN": 0.06839287139024286,
      "median_log2_empirical_YEAST": 1.0962896273034222,
      "median_abs_epsilon_precision_global": 0.16818724343398195,
      "median_abs_epsilon_precision_eq_species": 0.18172415061929156,
      "median_abs_epsilon_precision_ECOLI": 0.20306036871719435,
      "median_abs_epsilon_precision_HUMAN": 0.1650644540746029,
      "median_abs_epsilon_precision_YEAST": 0.1770476290660774,
      "mean_log2_empirical_ECOLI": -1.7160696952647176,
      "mean_log2_empirical_HUMAN": 0.05710233065847386,
      "mean_log2_empirical_YEAST": 1.0514401346603266,
      "mean_abs_epsilon_precision_global": 0.23009078099694008,
      "mean_abs_epsilon_precision_eq_species": 0.260496745682738,
      "mean_abs_epsilon_precision_ECOLI": 0.30428436614550436,
      "mean_abs_epsilon_precision_HUMAN": 0.22187518019184566,
      "mean_abs_epsilon_precision_YEAST": 0.25533069071086395,
      "CV_median": 0.20318481613641937,
      "CV_q75": 0.28752324587208233,
      "CV_q90": 0.40957351735428815,
      "CV_q95": 0.5064287081869483,
      "roc_auc": 0.9734934323339465,
      "roc_auc_directional": 0.979820032737633,
      "nr_prec": 25926,
      "nr_prec_HUMAN": 20332,
      "nr_prec_YEAST": 5066,
      "nr_prec_ECOLI": 528,
      "variance_epsilon_global": 0.1188708599973316
    },
    "3": {
      "median_abs_epsilon_global": 0.19354521470274655,
      "median_abs_epsilon_eq_species": 0.2199851853066311,
      "median_abs_epsilon_ECOLI": 0.2561422716286472,
      "median_abs_epsilon_HUMAN": 0.1878428051115506,
      "median_abs_epsilon_YEAST": 0.21597047917969547,
      "mean_abs_epsilon_global": 0.2591094752007473,
      "mean_abs_epsilon_eq_species": 0.3100256035026984,
      "mean_abs_epsilon_ECOLI": 0.3959543945660168,
      "mean_abs_epsilon_HUMAN": 0.24952049953511843,
      "mean_abs_epsilon_YEAST": 0.28460191640696003,
      "median_log2_empirical_ECOLI": -1.770683194356355,
      "median_log2_empirical_HUMAN": 0.07133070695611465,
      "median_log2_empirical_YEAST": 1.087340715682096,
      "median_abs_epsilon_precision_global": 0.18132907333026438,
      "median_abs_epsilon_precision_eq_species": 0.19657863450911664,
      "median_abs_epsilon_precision_ECOLI": 0.21989834665287944,
      "median_abs_epsilon_precision_HUMAN": 0.17806685200864258,
      "median_abs_epsilon_precision_YEAST": 0.19177070486582792,
      "mean_log2_empirical_ECOLI": -1.6741138103943034,
      "mean_log2_empirical_HUMAN": 0.06319389047330885,
      "mean_log2_empirical_YEAST": 1.0425299240593044,
      "mean_abs_epsilon_precision_global": 0.25056930695104906,
      "mean_abs_epsilon_precision_eq_species": 0.2866796955674415,
      "mean_abs_epsilon_precision_ECOLI": 0.3408301337422619,
      "mean_abs_epsilon_precision_HUMAN": 0.24182532916755228,