{
    "id": "MaxQuant_20241216_120735",
    "old_new": "old",
    "software_name": "MaxQuant",
    "software_version": "1.5.3.30",
    "search_engine": "Andromeda",
    "search_engine_version": null,
    "ident_fdr_psm": null,
    "ident_fdr_peptide": 0.01,
    "ident_fdr_protein": 0.01,
    "enable_match_between_runs": false,
    "precursor_mass_tolerance": "[-4.5 ppm, 4.5 ppm]",
    "fragment_mass_tolerance": "[-20 ppm, 20 ppm]",
    "enzyme": "Trypsin/P",
    "allowed_miscleavages": 1,
    "min_peptide_length": 7.0,
    "max_peptide_length": null,
    "is_temporary": false,
    "intermediate_hash": "e69518aa474be08f1ce4200380e88ac573689517",
    "results": {
        "6": {
            "median_abs_epsilon": 0.157812394,
            "mean_abs_epsilon": 0.2005742073,
            "variance_epsilon": 0.0875408808,
            "nr_prec": 14305,
            "CV_median": 0.2042922111,
            "CV_q90": 0.3944077825,
            "CV_q75": 0.2797084996,
            "CV_q95": 0.4915626084
        },
        "5": {
            "median_abs_epsilon": 0.1696888243,
            "mean_abs_epsilon": 0.2180936973,
            "variance_epsilon": 0.1020980523,
            "nr_prec": 20636,
            "CV_median": 0.2041750375,
            "CV_q90": 0.4066050031,
            "CV_q75": 0.2855582772,
            "CV_q95": 0.5034648625
        },
        "4": {
            "median_abs_epsilon": 0.1816851873,
            "mean_abs_epsilon": 0.2399106886,
            "variance_epsilon": 0.1216511977,
            "nr_prec": 26287,
            "CV_median": 0.2035245381,
            "CV_q90": 0.4119564256,
            "CV_q75": 0.2882576271,
            "CV_q95": 0.5096221957
        },
        "3": {
            "median_abs_epsilon": 0.1937797014,
            "mean_abs_epsilon": 0.2599931921,
            "variance_epsilon": 0.1390766895,
            "nr_prec": 32936,
            "CV_median": 0.2034030651,
            "CV_q90": 0.4157743048,
            "CV_q75": 0.2910946619,
            "CV_q95": 0.513185758
        },
        "2": {
            "median_abs_epsilon": 0.1998728795,
            "mean_abs_epsilon": 0.272681497,
            "variance_epsilon": 0.155889043,
            "nr_prec": 40392,
            "CV_median": 0.2024744743,
            "CV_q90": 0.4171331525,
            "CV_q75": 0.29183578,
            "CV_q95": 0.514675002
        },
        "1": {
            "median_abs_epsilon": 0.1998728795,
            "mean_abs_epsilon": 0.272681497,
            "variance_epsilon": 0.155889043,
            "nr_prec": 51345,
            "CV_median": 0.2024744743,
            "CV_q90": 0.4171331525,
            "CV_q75": 0.29183578,
            "CV_q95": 0.514675002
        }
    },
    "median_abs_epsilon": 0.1937797014,
    "nr_prec": 32936,
    "comments": "",
    "fixed_mods": "Carbamidomethyl (C)",
    "variable_mods": "Oxidation (M),Acetyl (Protein N-term)",
    "max_mods": 5.0,
    "min_precursor_charge": null,
    "max_precursor_charge": 7,
    "submission_comments": "\n\nDataset URL: https://proteobench.cubimed.rub.de/datasets/e69518aa474be08f1ce4200380e88ac573689517/",
    "proteobench_version": "0.5.8",
    "minPeptideLength": null,
    "color": "#377eb8",
    "hover_text": "ProteoBench ID: MaxQuant_20241216_120735<br>Software tool: MaxQuant <br>Comment (private submission): ",
    "scatter_size": 20,
    "scan_window": null,
    "quantification_method_DIANN": null,
    "second_pass": null,
    "protein_inference": null,
    "predictors_library": null,
    "quantification_method": null,
    "mean_abs_epsilon": 0.2599931921,
    "abundance_normalization_ions": null
}