{
  "id": "MaxQuant_20250605_121216",
  "software_name": "MaxQuant",
  "software_version": "1.5.3.30",
  "search_engine": "Andromeda",
  "search_engine_version": NaN,
  "ident_fdr_psm": 0.01,
  "ident_fdr_peptide": NaN,
  "ident_fdr_protein": 0.01,
  "enable_match_between_runs": false,
  "precursor_mass_tolerance": "[-4.5 ppm, 4.5 ppm]",
  "fragment_mass_tolerance": "[-20 ppm, 20 ppm]",
  "enzyme": "Trypsin/P",
  "allowed_miscleavages": 1,
  "min_peptide_length": 7,
  "max_peptide_length": NaN,
  "is_temporary": false,
  "intermediate_hash": "e69518aa474be08f1ce4200380e88ac573689517",
  "results": {
    "6": {
      "median_abs_epsilon_global": 0.1573281675705296,
      "median_abs_epsilon_eq_species": 0.17315747996312858,
      "median_abs_epsilon_ECOLI": 0.18668709764835256,
      "median_abs_epsilon_HUMAN": 0.15218823179742458,
      "median_abs_epsilon_YEAST": 0.1805971104436086,
      "mean_abs_epsilon_global": 0.1990703435613545,
      "mean_abs_epsilon_eq_species": 0.22699567207662819,
      "mean_abs_epsilon_ECOLI": 0.2663359203735326,
      "mean_abs_epsilon_HUMAN": 0.19227349961196857,
      "mean_abs_epsilon_YEAST": 0.22237759624438333,
      "median_log2_empirical_ECOLI": -1.8621245509126183,
      "median_log2_empirical_HUMAN": 0.06525692382223269,
      "median_log2_empirical_YEAST": 1.1329862311703671,
      "median_abs_epsilon_precision_global": 0.14107930293781834,
      "median_abs_epsilon_precision_eq_species": 0.14505661826287883,
      "median_abs_epsilon_precision_ECOLI": 0.1559182958421399,
      "median_abs_epsilon_precision_HUMAN": 0.1412088530932465,
      "median_abs_epsilon_precision_YEAST": 0.13804270585325007,
      "mean_log2_empirical_ECOLI": -1.7972199386896315,
      "mean_log2_empirical_HUMAN": 0.04866157973794074,
      "mean_log2_empirical_YEAST": 1.0994969140475293,
      "mean_abs_epsilon_precision_global": 0.1879478536362695,
      "mean_abs_epsilon_precision_eq_species": 0.20672446399992175,
      "mean_abs_epsilon_precision_ECOLI": 0.23982717567883813,
      "mean_abs_epsilon_precision_HUMAN": 0.18524847405111253,
      "mean_abs_epsilon_precision_YEAST": 0.1950977422698146,
      "CV_median": 0.2039037813930759,
      "CV_q75": 0.2787079347246951,
      "CV_q90": 0.3911112911125024,
      "CV_q95": 0.48877718080374644,
      "variance_epsilon_global": 0.08517601034074036,
      "nr_feature": 14037,
      "roc_auc": 0.9900081816912878
    },
    "5": {
      "median_abs_epsilon_global": 0.16929174860298524,
      "median_abs_epsilon_eq_species": 0.19103341815284777,
      "median_abs_epsilon_ECOLI": 0.21935154265513646,
      "median_abs_epsilon_HUMAN": 0.16362632538251454,
      "median_abs_epsilon_YEAST": 0.1901223864208923,
      "mean_abs_epsilon_global": 0.2172329872417346,
      "mean_abs_epsilon_eq_species": 0.248720341432063,
      "mean_abs_epsilon_ECOLI": 0.29564327824154263,
      "mean_abs_epsilon_HUMAN": 0.2097854153836578,
      "mean_abs_epsilon_YEAST": 0.24073233067098865,
      "median_log2_empirical_ECOLI": -1.8069970416406171,
      "median_log2_empirical_HUMAN": 0.0663436221115088,
      "median_log2_empirical_YEAST": 1.1123494947913528,
      "median_abs_epsilon_precision_global": 0.15412917317416497,
      "median_abs_epsilon_precision_eq_species": 0.1632548458867588,
      "median_abs_epsilon_precision_ECOLI": 0.17941822966976417,
      "median_abs_epsilon_precision_HUMAN": 0.1530054607415483,
      "median_abs_epsilon_precision_YEAST": 0.1573408472489639,
      "mean_log2_empirical_ECOLI": -1.7676655155541785,
      "mean_log2_empirical_HUMAN": 0.05282666666009506,
      "mean_log2_empirical_YEAST": 1.0739344617124795,
      "mean_abs_epsilon_precision_global": 0.2074946485466609,
      "mean_abs_epsilon_precision_eq_species": 0.22579456361924008,
      "mean_abs_epsilon_precision_ECOLI": 0.25081055094811167,
      "mean_abs_epsilon_precision_HUMAN": 0.2025131294554083,
      "mean_abs_epsilon_precision_YEAST": 0.22406001045420026,
      "CV_median": 0.20389009289649998,
      "CV_q75": 0.28459211208719953,
      "CV_q90": 0.40478264954063725,
      "CV_q95": 0.5004487995775151,
      "variance_epsilon_global": 0.10065046474010579,
      "nr_feature": 20330,
      "roc_auc": 0.9841555577425525
    },
    "4": {
      "median_abs_epsilon_global": 0.18143462002101174,
      "median_abs_epsilon_eq_species": 0.2041811976065707,
      "median_abs_epsilon_ECOLI": 0.23439228887085584,
      "median_abs_epsilon_HUMAN": 0.17518434163931929,
      "median_abs_epsilon_YEAST": 0.20296696230953692,
      "mean_abs_epsilon_global": 0.23912580513253978,
      "mean_abs_epsilon_eq_species": 0.2836007347526885,
      "mean_abs_epsilon_ECOLI": 0.3556794335827973,
      "mean_abs_epsilon_HUMAN": 0.22949371965999263,
      "mean_abs_epsilon_YEAST": 0.26562905101527545,
      "median_log2_empirical_ECOLI": -1.7836651590263095,
      "median_log2_empirical_HUMAN": 0.06841258063788302,
      "median_log2_empirical_YEAST": 1.095724067868268,
      "median_abs_epsilon_precision_global": 0.16836141419464923,
      "median_abs_epsilon_precision_eq_species": 0.18178385388435872,
      "median_abs_epsilon_precision_ECOLI": 0.20306036871719435,
      "median_abs_epsilon_precision_HUMAN": 0.1651960167133275,
      "median_abs_epsilon_precision_YEAST": 0.17709517622255433,
      "mean_log2_empirical_ECOLI": -1.7160696952647176,
      "mean_log2_empirical_HUMAN": 0.05724953146034591,
      "mean_log2_empirical_YEAST": 1.0504533417388386,
      "mean_abs_epsilon_precision_global": 0.23048057680968229,
      "mean_abs_epsilon_precision_eq_species": 0.26086309010393327,
      "mean_abs_epsilon_precision_ECOLI": 0.30428436614550436,
      "mean_abs_epsilon_precision_HUMAN": 0.22216944582406406,
      "mean_abs_epsilon_precision_YEAST": 0.25613545834223134,
      "CV_median": 0.2032117834552238,
      "CV_q75": 0.2875901437854149,
      "CV_q90": 0.40980013997779297,
      "CV_q95": 0.5066845650285411,
      "variance_epsilon_global": 0.11935786147700934,
      "nr_feature": 25945,
      "roc_auc": 0.9730149387353861
    },
    "3": {
      "median_abs_epsilon_global": 0.19370167055595644,
      "median_abs_epsilon_eq_species": 0.22024336328350932,
      "median_abs_epsilon_ECOLI": 0.25661041650776895,
      "median_abs_epsilon_HUMAN": 0.18795307025051855,
      "median_abs_epsilon_YEAST": 0.21616660309224045,
      "mean_abs_epsilon_global": 0.2595884654779746,
      "mean_abs_epsilon_eq_species": 0.31152872794541714,
      "mean_abs_epsilon_ECOLI": 0.3995647097006569,
      "mean_abs_epsilon_HUMAN": 0.24991117851594827,
      "mean_abs_epsilon_YEAST": 0.28511029561964635,
      "median_log2_empirical_ECOLI": -1.7698047330525082,
      "median_log2_empirical_HUMAN": 0.07148376160961334,
      "median_log2_empirical_YEAST": 1.0871759994168393,
      "median_abs_epsilon_precision_global": 0.1813887980334865,
      "median_abs_epsilon_precision_eq_species": 0.1966220815827088,
      "median_abs_epsilon_precision_ECOLI": 0.2198985216082967,
      "median_abs_epsilon_precision_HUMAN": 0.17817850306337846,
      "median_abs_epsilon_precision_YEAST": 0.19178922007645127,
      "mean_log2_empirical_ECOLI": -1.670388251501505,
      "mean_log2_empirical_HUMAN": 0.06351230412192835,
      "mean_log2_empirical_YEAST": 1.0416876800664179,
      "mean_abs_epsilon_precision_global": 0.2510677686327956,
      "mean_abs_epsilon_precision_eq_species": 0.2883550149602822,
      "mean_abs_epsilon_precision_ECOLI": 0.3448264624331367,
      "mean_abs_epsilon_precision_HUMAN": 0.24219517968294313,
      "mean_abs_epsilon_precision_YEAST": 0.2780434027647667,
      "CV_median": 0.20310602130570105,
      "CV_q75": 0.2904782125713442,
      "CV_q90": 0.4136763966623347,
      "CV_q95": 0.5100478236446078,
      "variance_epsilon_global": 0.13755523336108372,
      "nr_feature": 32567,
      "roc_auc": 0.9624850945373384
    },
    "2": {
      "median_abs_epsilon_global": 0.1997905241823421,