{
  "old_new": "new",
  "id": "MaxQuant_20250605_121216",
  "software_name": "MaxQuant",
  "software_version": "1.5.3.30",
  "search_engine": "Andromeda",
  "search_engine_version": "nan",
  "ident_fdr_psm": "0.01",
  "ident_fdr_peptide": null,
  "ident_fdr_protein": "0.01",
  "enable_match_between_runs": false,
  "precursor_mass_tolerance": "[-4.5 ppm, 4.5 ppm]",
  "fragment_mass_tolerance": "[-20 ppm, 20 ppm]",
  "enzyme": "Trypsin/P",
  "allowed_miscleavages": "1",
  "min_peptide_length": "7",
  "max_peptide_length": null,
  "is_temporary": false,
  "intermediate_hash": "e69518aa474be08f1ce4200380e88ac573689517",
  "results": {
    "6": {
      "median_abs_epsilon": 0.15781239403585445,
      "mean_abs_epsilon": 0.20057420725033417,
      "variance_epsilon": 0.08754088081847637,
      "nr_prec": 14305,
      "CV_median": 0.20429221106597711,
      "CV_q90": 0.3944077825030551,
      "CV_q75": 0.27970849957169513,
      "CV_q95": 0.49156260839680826
    },
    "5": {
      "median_abs_epsilon": 0.16968882426550103,
      "mean_abs_epsilon": 0.2180936973408522,
      "variance_epsilon": 0.10209805231920052,
      "nr_prec": 20636,
      "CV_median": 0.20417503751332872,
      "CV_q90": 0.4066050031190079,
      "CV_q75": 0.2855582771861657,
      "CV_q95": 0.5034648625378881
    },
    "4": {
      "median_abs_epsilon": 0.18168518732291972,
      "mean_abs_epsilon": 0.2399106886048644,
      "variance_epsilon": 0.1216511976889543,
      "nr_prec": 26287,
      "CV_median": 0.20352453814412474,
      "CV_q90": 0.4119564256074637,
      "CV_q75": 0.2882576271190658,
      "CV_q95": 0.5096221956793581
    },
    "3": {
      "median_abs_epsilon": 0.19377970141916734,
      "mean_abs_epsilon": 0.25999319206289573,
      "variance_epsilon": 0.1390766894913478,
      "nr_prec": 32936,
      "CV_median": 0.203403065069613,
      "CV_q90": 0.4157743048241964,
      "CV_q75": 0.2910946618543835,
      "CV_q95": 0.5131857579592203
    },
    "2": {
      "median_abs_epsilon": 0.19987287947846255,
      "mean_abs_epsilon": 0.27268149702941996,
      "variance_epsilon": 0.15588904302622925,
      "nr_prec": 40392,
      "CV_median": 0.20247447429262633,
      "CV_q90": 0.4171331524890403,
      "CV_q75": 0.2918357799576635,
      "CV_q95": 0.5146750019551225
    },
    "1": {
      "median_abs_epsilon": 0.19987287947846255,
      "mean_abs_epsilon": 0.27268149702942,
      "variance_epsilon": 0.15588904302622925,
      "nr_prec": 51345,
      "CV_median": 0.20247447429262633,
      "CV_q90": 0.4171331524890403,
      "CV_q75": 0.2918357799576635,
      "CV_q95": 0.5146750019551225
    }
  },
  "median_abs_epsilon": 0.19377970141916734,
  "mean_abs_epsilon": 0.25999319206289573,
  "nr_prec": 32936,
  "comments": "",
  "proteobench_version": "0.8.18",
  "color": "#377eb8",
  "hover_text": "ProteoBench ID: MaxQuant_20250605_121216<br>Software tool: MaxQuant <br>Comment (private submission): ...",
  "scatter_size": 20,
  "fixed_mods": "Carbamidomethyl (C)",
  "variable_mods": "Oxidation (M),Acetyl (Protein N-term)",
  "max_mods": "5",
  "min_precursor_charge": null,
  "max_precursor_charge": "7",
  "quantification_method": "nan",
  "protein_inference": "nan",
  "abundance_normalization_ions": "nan",
  "submission_comments": "\n\n ### No parameter changes detected. \n\n\nDataset URL: https://proteobench.cubimed.rub.de/datasets/e69518aa474be08f1ce4200380e88ac573689517/"
}