{
  "old_new": "new",
  "id": "Sage_20251001_114423",
  "software_name": "Sage",
  "software_version": "0.14.6",
  "search_engine": "Sage",
  "search_engine_version": "0.14.6",
  "ident_fdr_psm": NaN,
  "ident_fdr_peptide": NaN,
  "ident_fdr_protein": NaN,
  "enable_match_between_runs": true,
  "precursor_mass_tolerance": "[-20.0 ppm, 20.0 ppm]",
  "fragment_mass_tolerance": "[-20.0 ppm, 20.0 ppm]",
  "enzyme": "Trypsin",
  "allowed_miscleavages": "2",
  "min_peptide_length": "7",
  "max_peptide_length": "50",
  "is_temporary": false,
  "intermediate_hash": "e78f0fbc06e8d74e9fa906d816857b27716861c2",
  "results": {
    "6": {
      "median_abs_epsilon": 0.2877823426975503,
      "mean_abs_epsilon": 0.47014325029815507,
      "variance_epsilon": 0.5245525138245561,
      "nr_prec": 57632,
      "CV_median": 0.2775515053012289,
      "CV_q75": 0.5252948822424175,
      "CV_q90": 0.8514756698222502,
      "CV_q95": 1.1043770225966634
    },
    "5": {
      "median_abs_epsilon": 0.29203831192668517,
      "mean_abs_epsilon": 0.48691848952872424,
      "variance_epsilon": 0.587791826091687,
      "nr_prec": 58644,
      "CV_median": 0.28049359131364715,
      "CV_q75": 0.5384000439956318,
      "CV_q90": 0.8680924865545006,
      "CV_q95": 1.1423208637047302
    },
    "4": {
      "median_abs_epsilon": 0.2951925504561732,
      "mean_abs_epsilon": 0.499117300445757,
      "variance_epsilon": 0.6367581114344828,
      "nr_prec": 59276,
      "CV_median": 0.2817813062717959,
      "CV_q75": 0.5437598673089217,
      "CV_q90": 0.8752861048297289,
      "CV_q95": 1.1591834533296703
    },
    "3": {
      "median_abs_epsilon": 0.296950526494129,
      "mean_abs_epsilon": 0.5074926509585815,
      "variance_epsilon": 0.6771331591893671,
      "nr_prec": 59599,
      "CV_median": 0.2822505767264172,
      "CV_q75": 0.5457197582559865,
      "CV_q90": 0.8780967922807026,
      "CV_q95": 1.1659182913492883
    },
    "2": {
      "median_abs_epsilon": 0.2980509298578564,
      "mean_abs_epsilon": 0.5118653057274988,
      "variance_epsilon": 0.7011564755894601,
      "nr_prec": 59809,
      "CV_median": 0.2823539908569713,
      "CV_q75": 0.5460104377353396,
      "CV_q90": 0.8784041519876891,
      "CV_q95": 1.1675799788861894
    },
    "1": {
      "median_abs_epsilon": 0.2980509298578564,
      "mean_abs_epsilon": 0.5118653057274987,
      "variance_epsilon": 0.7011564755894601,
      "nr_prec": 59846,
      "CV_median": 0.2823539908569713,
      "CV_q75": 0.5460104377353396,
      "CV_q90": 0.8784041519876891,
      "CV_q95": 1.1675799788861894
    }
  },
  "median_abs_epsilon": 0.296950526494129,
  "mean_abs_epsilon": 0.5074926509585815,
  "nr_prec": 59599,
  "comments": "",
  "proteobench_version": "0.10.0",
  "color": "#E43924",
  "hover_text": "ProteoBench ID: Sage_20251001_114423<br>Software tool: Sage <br>Comment (private submission): ...",
  "scatter_size": 20,
  "fixed_mods": "{'C': 57.0215}",
  "variable_mods": "{'M': [15.994]}",
  "max_mods": "3",
  "min_precursor_charge": "2",
  "max_precursor_charge": "4",
  "quantification_method": NaN,
  "protein_inference": NaN,
  "abundance_normalization_ions": NaN,
  "submission_comments": "\n\n ### Parameter changes detected:\n- **protein_inference**: `None` \u2192 `nan`\n- **quantification_method**: `None` \u2192 `nan`\n- **ident_fdr_protein**: `None` \u2192 `nan`\n- **ident_fdr_peptide**: `None` \u2192 `nan`\n- **ident_fdr_psm**: `None` \u2192 `nan`\n- **abundance_normalization_ions**: `None` \u2192 `nan`\n\nDataset URL: https://proteobench.cubimed.rub.de/datasets/e78f0fbc06e8d74e9fa906d816857b27716861c2/",
  "semi_enzymatic": false
}