{
    "id": "i2MassChroQ_20241216_103323",
    "old_new": "old",
    "software_name": "i2MassChroQ",
    "software_version": "1.0.16",
    "search_engine": "X! Tandem",
    "search_engine_version": "X! Tandem Alanine (2017.2.1.4)",
    "ident_fdr_psm": 0.0089984935,
    "ident_fdr_peptide": 0.011962948,
    "ident_fdr_protein": 0.0098732685,
    "enable_match_between_runs": true,
    "precursor_mass_tolerance": "[-10 ppm, 10 ppm]",
    "fragment_mass_tolerance": "[-0.02 Da, 0.02 Da]",
    "enzyme": "Trypsin",
    "allowed_miscleavages": 3,
    "min_peptide_length": null,
    "max_peptide_length": null,
    "is_temporary": false,
    "intermediate_hash": "e7e760bf0390ae959ccd927008dbe1050e195ed3",
    "results": {
        "6": {
            "median_abs_epsilon": 0.1960012953,
            "mean_abs_epsilon": 0.3074757804,
            "variance_epsilon": 0.2131474951,
            "nr_prec": 55455,
            "CV_median": 0.1179942833,
            "CV_q90": 0.44552799,
            "CV_q75": 0.2403290843,
            "CV_q95": 0.5768585375
        },
        "5": {
            "median_abs_epsilon": 0.2082927976,
            "mean_abs_epsilon": 0.3376521042,
            "variance_epsilon": 0.2612427792,
            "nr_prec": 64247,
            "CV_median": 0.126218816,
            "CV_q90": 0.4814060676,
            "CV_q75": 0.2676549384,
            "CV_q95": 0.6217644251
        },
        "4": {
            "median_abs_epsilon": 0.2176574834,
            "mean_abs_epsilon": 0.3589070296,
            "variance_epsilon": 0.3009633739,
            "nr_prec": 70415,
            "CV_median": 0.1301807898,
            "CV_q90": 0.4948663904,
            "CV_q75": 0.2800795292,
            "CV_q95": 0.6403055532
        },
        "3": {
            "median_abs_epsilon": 0.2217970047,
            "mean_abs_epsilon": 0.3698802022,
            "variance_epsilon": 0.3255993322,
            "nr_prec": 75663,
            "CV_median": 0.1322118128,
            "CV_q90": 0.5004108247,
            "CV_q75": 0.2847225749,
            "CV_q95": 0.648760253
        },
        "2": {
            "median_abs_epsilon": 0.2239870135,
            "mean_abs_epsilon": 0.3752652329,
            "variance_epsilon": 0.3379838569,
            "nr_prec": 79559,
            "CV_median": 0.132899615,
            "CV_q90": 0.5022091443,
            "CV_q75": 0.2864594711,
            "CV_q95": 0.6507843087
        },
        "1": {
            "median_abs_epsilon": 0.2239870135,
            "mean_abs_epsilon": 0.3752652329,
            "variance_epsilon": 0.3379838569,
            "nr_prec": 82533,
            "CV_median": 0.132899615,
            "CV_q90": 0.5022091443,
            "CV_q75": 0.2864594711,
            "CV_q95": 0.6507843087
        }
    },
    "median_abs_epsilon": 0.2217970047,
    "nr_prec": 75663,
    "comments": "",
    "fixed_mods": "57.02146@C",
    "variable_mods": "15.99491@M;Acetyl(N-term);Pyrolidone(N-term)",
    "max_mods": null,
    "min_precursor_charge": 1.0,
    "max_precursor_charge": 4,
    "submission_comments": "\n\nDataset URL: https://proteobench.cubimed.rub.de/datasets/e7e760bf0390ae959ccd927008dbe1050e195ed3/",
    "proteobench_version": "0.5.7",
    "minPeptideLength": null,
    "color": "#984ea3",
    "hover_text": "ProteoBench ID: i2MassChroQ_20241216_103323<br>Software tool: i2MassChroQ <br>Comment (private submission): ",
    "scatter_size": 20,
    "scan_window": null,
    "quantification_method_DIANN": null,
    "second_pass": null,
    "protein_inference": null,
    "predictors_library": null,
    "quantification_method": null,
    "mean_abs_epsilon": 0.3698802022,
    "abundance_normalization_ions": null
}