{
  "old_new": "new",
  "id": "i2MassChroQ_20250605_121354",
  "software_name": "i2MassChroQ",
  "software_version": "1.0.16",
  "search_engine": "X! Tandem",
  "search_engine_version": "X! Tandem Alanine (2017.2.1.4)",
  "ident_fdr_psm": 0.008998493465,
  "ident_fdr_peptide": 0.01196294798,
  "ident_fdr_protein": 0.009873268494,
  "enable_match_between_runs": true,
  "precursor_mass_tolerance": "[-10 ppm, 10 ppm]",
  "fragment_mass_tolerance": "[-0.02 Da, 0.02 Da]",
  "enzyme": "[RK]|{P}",
  "allowed_miscleavages": 3,
  "min_peptide_length": null,
  "max_peptide_length": null,
  "is_temporary": false,
  "intermediate_hash": "e7e760bf0390ae959ccd927008dbe1050e195ed3",
  "results": {
    "6": {
      "median_abs_epsilon_global": 0.19590186177295799,
      "median_abs_epsilon_eq_species": 0.24127589911065192,
      "median_abs_epsilon_ECOLI": 0.35896606425282584,
      "median_abs_epsilon_HUMAN": 0.1992963505617027,
      "median_abs_epsilon_YEAST": 0.1655652825174272,
      "mean_abs_epsilon_global": 0.30749044374607704,
      "mean_abs_epsilon_eq_species": 0.43416966219126846,
      "mean_abs_epsilon_ECOLI": 0.6878496571296491,
      "mean_abs_epsilon_HUMAN": 0.28876868588802285,
      "mean_abs_epsilon_YEAST": 0.3258906435561333,
      "median_log2_empirical_ECOLI": -2.0385468258068737,
      "median_log2_empirical_HUMAN": -0.1604871775615777,
      "median_log2_empirical_YEAST": 0.9506217484174293,
      "median_abs_epsilon_precision_global": 0.14533955535393872,
      "median_abs_epsilon_precision_eq_species": 0.21587424648649645,
      "median_abs_epsilon_precision_ECOLI": 0.3435483920293443,
      "median_abs_epsilon_precision_HUMAN": 0.136349706559173,
      "median_abs_epsilon_precision_YEAST": 0.16772464087097205,
      "mean_log2_empirical_ECOLI": -1.670900217042517,
      "mean_log2_empirical_HUMAN": -0.1582838957930654,
      "mean_log2_empirical_YEAST": 0.8546386142171211,
      "mean_abs_epsilon_precision_global": 0.2750240689894006,
      "mean_abs_epsilon_precision_eq_species": 0.44719867170285493,
      "mean_abs_epsilon_precision_ECOLI": 0.7640360480653502,
      "mean_abs_epsilon_precision_HUMAN": 0.24018941695344811,
      "mean_abs_epsilon_precision_YEAST": 0.3373705500897665,
      "CV_median": 0.11783447759353671,
      "CV_q75": 0.23953046642875564,
      "CV_q90": 0.4446267828148285,
      "CV_q95": 0.5759866917618361,
      "roc_auc": 0.9069152276210667,
      "roc_auc_directional": 0.9128931823633225,
      "nr_prec": 54674,
      "nr_prec_HUMAN": 41609,
      "nr_prec_YEAST": 11577,
      "nr_prec_ECOLI": 1488,
      "variance_epsilon_global": 0.2135632738048172
    },
    "5": {
      "median_abs_epsilon_global": 0.20831524601055307,
      "median_abs_epsilon_eq_species": 0.2666973401505543,
      "median_abs_epsilon_ECOLI": 0.4039405255266608,
      "median_abs_epsilon_HUMAN": 0.20895437857015686,
      "median_abs_epsilon_YEAST": 0.18719711635484515,
      "mean_abs_epsilon_global": 0.3377875527453721,
      "mean_abs_epsilon_eq_species": 0.4662907534264004,
      "mean_abs_epsilon_ECOLI": 0.7207853286185341,
      "mean_abs_epsilon_HUMAN": 0.31544777628759724,
      "mean_abs_epsilon_YEAST": 0.36263915537307,
      "median_log2_empirical_ECOLI": -2.0364851432703404,
      "median_log2_empirical_HUMAN": -0.16135657220105415,
      "median_log2_empirical_YEAST": 0.947831021616377,
      "median_abs_epsilon_precision_global": 0.16141131627417593,
      "median_abs_epsilon_precision_eq_species": 0.24655020504190142,
      "median_abs_epsilon_precision_ECOLI": 0.3998752594254107,
      "median_abs_epsilon_precision_HUMAN": 0.14979820829144508,
      "median_abs_epsilon_precision_YEAST": 0.18997714740884852,
      "mean_log2_empirical_ECOLI": -1.6778761187579132,
      "mean_log2_empirical_HUMAN": -0.16239838465758483,
      "mean_log2_empirical_YEAST": 0.8422880780205168,
      "mean_abs_epsilon_precision_global": 0.3076584176458104,
      "mean_abs_epsilon_precision_eq_species": 0.477569551613598,
      "mean_abs_epsilon_precision_ECOLI": 0.7884627041031006,
      "mean_abs_epsilon_precision_HUMAN": 0.2691896573032473,
      "mean_abs_epsilon_precision_YEAST": 0.375056293434446,
      "CV_median": 0.12602951186062838,
      "CV_q75": 0.2668240778036844,
      "CV_q90": 0.48044508698120125,
      "CV_q95": 0.6211449932437669,
      "roc_auc": 0.889960886441019,
      "roc_auc_directional": 0.9053491163354657,
      "nr_prec": 63393,
      "nr_prec_HUMAN": 47750,
      "nr_prec_YEAST": 13750,
      "nr_prec_ECOLI": 1893,
      "variance_epsilon_global": 0.2613959639802907
    },
    "4": {
      "median_abs_epsilon_global": 0.21775771252121245,
      "median_abs_epsilon_eq_species": 0.2882079288488697,
      "median_abs_epsilon_ECOLI": 0.44637845040224633,
      "median_abs_epsilon_HUMAN": 0.21657292901812397,
      "median_abs_epsilon_YEAST": 0.2016724071262388,
      "mean_abs_epsilon_global": 0.3590618931039364,
      "mean_abs_epsilon_eq_species": 0.49256647826847644,
      "mean_abs_epsilon_ECOLI": 0.7551198124887619,
      "mean_abs_epsilon_HUMAN": 0.3328971178527149,
      "mean_abs_epsilon_YEAST": 0.38968250446395236,
      "median_log2_empirical_ECOLI": -2.0336668713651687,
      "median_log2_empirical_HUMAN": -0.16206120660308443,
      "median_log2_empirical_YEAST": 0.9471437436852028,
      "median_abs_epsilon_precision_global": 0.17283453329559073,
      "median_abs_epsilon_precision_eq_species": 0.26631543642491273,
      "median_abs_epsilon_precision_ECOLI": 0.43320559925887814,
      "median_abs_epsilon_precision_HUMAN": 0.15925884787225897,
      "median_abs_epsilon_precision_YEAST": 0.2064818621436011,
      "mean_log2_empirical_ECOLI": -1.6873937051309877,
      "mean_log2_empirical_HUMAN": -0.16355175258241197,
      "mean_log2_empirical_YEAST": 0.8354916681145141,
      "mean_abs_epsilon_precision_global": 0.3304159392764817,
      "mean_abs_epsilon_precision_eq_species": 0.5024578273149457,
      "mean_abs_epsilon_precision_ECOLI": 0.816223916483511,
      "mean_abs_epsilon_precision_HUMAN": 0.2880260884965182,
      "mean_abs_epsilon_precision_YEAST": 0.4031234769648079,
      "CV_median": 0.13006433512082544,
      "CV_q75": 0.27917725266531834,
      "CV_q90": 0.49387201895352806,
      "CV_q95": 0.6399496349619751,
      "roc_auc": 0.8815623501799343,
      "roc_auc_directional": 0.9000221126851105,
      "nr_prec": 69502,
      "nr_prec_HUMAN": 52009,
      "nr_prec_YEAST": 15235,
      "nr_prec_ECOLI": 2258,
      "variance_epsilon_global": 0.30091979549617437
    },
    "3": {
      "median_abs_epsilon_global": 0.22186131536221154,
      "median_abs_epsilon_eq_species": 0.29612860965111193,
      "median_abs_epsilon_ECOLI": 0.4597438078859497,
      "median_abs_epsilon_HUMAN": 0.22017318336249048,
      "median_abs_epsilon_YEAST": 0.20846883770489555,
      "mean_abs_epsilon_global": 0.37002733083706113,
      "mean_abs_epsilon_eq_species": 0.5062700495441987,
      "mean_abs_epsilon_ECOLI": 0.7721000583821124,
      "mean_abs_epsilon_HUMAN": 0.34328508422841675,
      "mean_abs_epsilon_YEAST": 0.40342500602206727,
      "median_log2_empirical_ECOLI": -2.0172737786101393,
      "median_log2_empirical_HUMAN": -0.16056783450035894,
      "median_log2_empirical_YEAST": 0.94479591727411,
      "median_abs_epsilon_precision_global": 0.1785793430205409,
      "median_abs_epsilon_precision_eq_species": 0.2768111008160889,
      "median_abs_epsilon_precision_ECOLI": 0.4517509892261735,
      "median_abs_epsilon_precision_HUMAN": 0.16521184173138082,
      "median_abs_epsilon_precision_YEAST": 0.2134704714907123,
      "mean_log2_empirical_ECOLI": -1.6661614916238996,
      "mean_log2_empirical_HUMAN": -0.16007336148174212,
      "mean_log2_empirical_YEAST": 0.8290403170151307,
      "mean_abs_epsilon_precision_global": 0.34297656569707224,
      "mean_abs_epsilon_precision_eq_species": 0.5170896835207052,
      "mean_abs_epsilon_precision_ECOLI": 0.8333018315605121,