{
  "old_new": "new",
  "id": "i2MassChroQ_20250605_121354",
  "software_name": "i2MassChroQ",
  "software_version": "1.0.16",
  "search_engine": "X! Tandem",
  "search_engine_version": "X! Tandem Alanine (2017.2.1.4)",
  "ident_fdr_psm": "0.008998493465",
  "ident_fdr_peptide": "0.01196294798",
  "ident_fdr_protein": "0.009873268494",
  "enable_match_between_runs": true,
  "precursor_mass_tolerance": "[-10 ppm, 10 ppm]",
  "fragment_mass_tolerance": "[-0.02 Da, 0.02 Da]",
  "enzyme": "[RK]|{P}",
  "allowed_miscleavages": "3",
  "min_peptide_length": null,
  "max_peptide_length": null,
  "is_temporary": false,
  "intermediate_hash": "e7e760bf0390ae959ccd927008dbe1050e195ed3",
  "results": {
    "6": {
      "median_abs_epsilon": 0.1960012953375525,
      "mean_abs_epsilon": 0.3074757803656736,
      "variance_epsilon": 0.21314749509870387,
      "nr_prec": 55455,
      "CV_median": 0.1179942833160163,
      "CV_q90": 0.44552798995617005,
      "CV_q75": 0.24032908425532082,
      "CV_q95": 0.5768585375057427
    },
    "5": {
      "median_abs_epsilon": 0.20829279759591657,
      "mean_abs_epsilon": 0.3376521042022989,
      "variance_epsilon": 0.2612427792309727,
      "nr_prec": 64247,
      "CV_median": 0.1262188160339224,
      "CV_q90": 0.4814060675634565,
      "CV_q75": 0.26765493840162674,
      "CV_q95": 0.6217644251369492
    },
    "4": {
      "median_abs_epsilon": 0.21765748336119017,
      "mean_abs_epsilon": 0.3589070295552657,
      "variance_epsilon": 0.30096337391144945,
      "nr_prec": 70415,
      "CV_median": 0.13018078983527173,
      "CV_q90": 0.49486639044389014,
      "CV_q75": 0.2800795292365116,
      "CV_q95": 0.6403055532326682
    },
    "3": {
      "median_abs_epsilon": 0.22179700472602448,
      "mean_abs_epsilon": 0.36988020223528606,
      "variance_epsilon": 0.32559933224752463,
      "nr_prec": 75663,
      "CV_median": 0.132211812793151,
      "CV_q90": 0.5004108246629198,
      "CV_q75": 0.2847225748631018,
      "CV_q95": 0.6487602530062879
    },
    "2": {
      "median_abs_epsilon": 0.22398701351675854,
      "mean_abs_epsilon": 0.37526523289903524,
      "variance_epsilon": 0.33798385693061356,
      "nr_prec": 79559,
      "CV_median": 0.13289961503924402,
      "CV_q90": 0.502209144252406,
      "CV_q75": 0.2864594710716408,
      "CV_q95": 0.650784308700812
    },
    "1": {
      "median_abs_epsilon": 0.22398701351675854,
      "mean_abs_epsilon": 0.37526523289903524,
      "variance_epsilon": 0.3379838569306136,
      "nr_prec": 82533,
      "CV_median": 0.13289961503924402,
      "CV_q90": 0.502209144252406,
      "CV_q75": 0.2864594710716408,
      "CV_q95": 0.650784308700812
    }
  },
  "median_abs_epsilon": 0.22179700472602448,
  "mean_abs_epsilon": 0.36988020223528606,
  "nr_prec": 75663,
  "comments": "",
  "proteobench_version": "0.8.18",
  "color": "#984ea3",
  "hover_text": "ProteoBench ID: i2MassChroQ_20250605_121354<br>Software tool: i2MassChroQ <br>Comment (private submission): ...",
  "scatter_size": 20,
  "fixed_mods": "57.02146@C",
  "variable_mods": "15.99491@M;Acetyl(N-term);Pyrolidone(N-term)",
  "max_mods": null,
  "min_precursor_charge": null,
  "max_precursor_charge": "4",
  "quantification_method": "nan",
  "protein_inference": "nan",
  "abundance_normalization_ions": "nan",
  "submission_comments": "\n\n ### No parameter changes detected. \n\n\nDataset URL: https://proteobench.cubimed.rub.de/datasets/e7e760bf0390ae959ccd927008dbe1050e195ed3/"
}