{
  "old_new": "new",
  "id": "AlphaPept_20250605_121806",
  "software_name": "AlphaPept",
  "software_version": "0.5.0",
  "search_engine": "AlphaPept",
  "search_engine_version": "0.5.0",
  "ident_fdr_psm": 0.01,
  "ident_fdr_peptide": NaN,
  "ident_fdr_protein": 0.01,
  "enable_match_between_runs": true,
  "precursor_mass_tolerance": "[-10 ppm, 10 ppm]",
  "fragment_mass_tolerance": "[-20 ppm, 20 ppm]",
  "enzyme": "Trypsin",
  "allowed_miscleavages": 1,
  "min_peptide_length": 7,
  "max_peptide_length": 27,
  "is_temporary": false,
  "intermediate_hash": "e8e80290fb48ff02de5ee54eb6b0114ff661bace",
  "results": {
    "6": {
      "median_abs_epsilon_global": 0.2021265536221417,
      "median_abs_epsilon_eq_species": 0.2016259434195599,
      "median_abs_epsilon_ECOLI": 0.22052969117481425,
      "median_abs_epsilon_HUMAN": 0.20708351953104298,
      "median_abs_epsilon_YEAST": 0.17726461955282247,
      "mean_abs_epsilon_global": 0.3071132747703456,
      "mean_abs_epsilon_eq_species": 0.33675559556659845,
      "mean_abs_epsilon_ECOLI": 0.37542662134778876,
      "mean_abs_epsilon_HUMAN": 0.2989681013818896,
      "mean_abs_epsilon_YEAST": 0.335872063970117,
      "median_log2_empirical_ECOLI": -2.1033290803070415,
      "median_log2_empirical_HUMAN": -0.14894172922006632,
      "median_log2_empirical_YEAST": 0.8971391518362601,
      "median_abs_epsilon_precision_global": 0.17502290759351524,
      "median_abs_epsilon_precision_eq_species": 0.17659138550962616,
      "median_abs_epsilon_precision_ECOLI": 0.17880177494798488,
      "median_abs_epsilon_precision_HUMAN": 0.1748381505988963,
      "median_abs_epsilon_precision_YEAST": 0.17613423098199732,
      "mean_log2_empirical_ECOLI": -1.93448306574745,
      "mean_log2_empirical_HUMAN": -0.15501781514193033,
      "mean_log2_empirical_YEAST": 0.7919095486208803,
      "mean_abs_epsilon_precision_global": 0.28186267119267094,
      "mean_abs_epsilon_precision_eq_species": 0.3340209713263751,
      "mean_abs_epsilon_precision_ECOLI": 0.3981795349039887,
      "mean_abs_epsilon_precision_HUMAN": 0.26646403524335827,
      "mean_abs_epsilon_precision_YEAST": 0.3374193438317783,
      "CV_median": 0.16500567185469073,
      "CV_q75": 0.27066808656968566,
      "CV_q90": 0.456571549497055,
      "CV_q95": 0.6018282359276501,
      "roc_auc": 0.9252198346144888,
      "roc_auc_directional": 0.9442205397908289,
      "nr_prec": 7176,
      "nr_prec_HUMAN": 5724,
      "nr_prec_YEAST": 1329,
      "nr_prec_ECOLI": 123,
      "variance_epsilon_global": 0.2573314703455255
    },
    "5": {
      "median_abs_epsilon_global": 0.20475736503823327,
      "median_abs_epsilon_eq_species": 0.20747225863872032,
      "median_abs_epsilon_ECOLI": 0.22194844678364056,
      "median_abs_epsilon_HUMAN": 0.20631455689199818,
      "median_abs_epsilon_YEAST": 0.19415377224052222,
      "mean_abs_epsilon_global": 0.3127750904335088,
      "mean_abs_epsilon_eq_species": 0.3410950778550852,
      "mean_abs_epsilon_ECOLI": 0.37791594977750703,
      "mean_abs_epsilon_HUMAN": 0.3045362748502255,
      "mean_abs_epsilon_YEAST": 0.34083300893752305,
      "median_log2_empirical_ECOLI": -2.082823575261063,
      "median_log2_empirical_HUMAN": -0.1334307255150744,
      "median_log2_empirical_YEAST": 0.9126451105450464,
      "median_abs_epsilon_precision_global": 0.18497853668449693,
      "median_abs_epsilon_precision_eq_species": 0.19251962571235146,
      "median_abs_epsilon_precision_ECOLI": 0.2047031944732236,
      "median_abs_epsilon_precision_HUMAN": 0.18363632629801607,
      "median_abs_epsilon_precision_YEAST": 0.18921935636581466,
      "mean_log2_empirical_ECOLI": -1.9257638609292735,
      "mean_log2_empirical_HUMAN": -0.14890173886266272,
      "mean_log2_empirical_YEAST": 0.8171319038236065,
      "mean_abs_epsilon_precision_global": 0.2932432623457927,
      "mean_abs_epsilon_precision_eq_species": 0.3393813192129096,
      "mean_abs_epsilon_precision_ECOLI": 0.3969945867604546,
      "mean_abs_epsilon_precision_HUMAN": 0.279140295176076,
      "mean_abs_epsilon_precision_YEAST": 0.342009075702198,
      "CV_median": 0.1631189539453904,
      "CV_q75": 0.2704066827449458,
      "CV_q90": 0.4521887444236956,
      "CV_q95": 0.6024453947817388,
      "roc_auc": 0.9220487574824024,
      "roc_auc_directional": 0.9478003105196399,
      "nr_prec": 13041,
      "nr_prec_HUMAN": 10322,
      "nr_prec_YEAST": 2483,
      "nr_prec_ECOLI": 236,
      "variance_epsilon_global": 0.2759894490811538
    },
    "4": {
      "median_abs_epsilon_global": 0.21687360487143437,
      "median_abs_epsilon_eq_species": 0.22063056899781527,
      "median_abs_epsilon_ECOLI": 0.22898134142484672,
      "median_abs_epsilon_HUMAN": 0.21634579110367724,
      "median_abs_epsilon_YEAST": 0.21656457446492183,
      "mean_abs_epsilon_global": 0.33066135104249633,
      "mean_abs_epsilon_eq_species": 0.3694763208019045,
      "mean_abs_epsilon_ECOLI": 0.4243339563767213,
      "mean_abs_epsilon_HUMAN": 0.3195717608455964,
      "mean_abs_epsilon_YEAST": 0.3645232451833958,
      "median_log2_empirical_ECOLI": -1.9951253373191449,
      "median_log2_empirical_HUMAN": -0.11777068791095502,
      "median_log2_empirical_YEAST": 0.9193964385548448,
      "median_abs_epsilon_precision_global": 0.19791436137526475,
      "median_abs_epsilon_precision_eq_species": 0.21108170939683055,
      "median_abs_epsilon_precision_ECOLI": 0.23077623105781342,
      "median_abs_epsilon_precision_HUMAN": 0.19379454466765722,
      "median_abs_epsilon_precision_YEAST": 0.20867435246502097,
      "mean_log2_empirical_ECOLI": -1.840278286480008,
      "mean_log2_empirical_HUMAN": -0.12975833238548448,
      "mean_log2_empirical_YEAST": 0.8412396538560089,
      "mean_abs_epsilon_precision_global": 0.31628765892301514,
      "mean_abs_epsilon_precision_eq_species": 0.3717069185492074,
      "mean_abs_epsilon_precision_ECOLI": 0.45037175907147187,
      "mean_abs_epsilon_precision_HUMAN": 0.3005538736197059,
      "mean_abs_epsilon_precision_YEAST": 0.3641951229564444,
      "CV_median": 0.16265660856332975,
      "CV_q75": 0.27083763749752043,
      "CV_q90": 0.4496639179045424,
      "CV_q95": 0.6012569091054384,
      "roc_auc": 0.9142247155303788,
      "roc_auc_directional": 0.9427203542497771,
      "nr_prec": 19283,
      "nr_prec_HUMAN": 15098,
      "nr_prec_YEAST": 3755,
      "nr_prec_ECOLI": 430,
      "variance_epsilon_global": 0.3195657194604222
    },
    "3": {
      "median_abs_epsilon_global": 0.22632174924707726,
      "median_abs_epsilon_eq_species": 0.23274409983012787,
      "median_abs_epsilon_ECOLI": 0.24635075686780894,
      "median_abs_epsilon_HUMAN": 0.22551401302451168,
      "median_abs_epsilon_YEAST": 0.22636752959806294,
      "mean_abs_epsilon_global": 0.3498915470111961,
      "mean_abs_epsilon_eq_species": 0.4035383033985774,
      "mean_abs_epsilon_ECOLI": 0.48211371238133505,
      "mean_abs_epsilon_HUMAN": 0.3357653433548157,
      "mean_abs_epsilon_YEAST": 0.39273585445958137,
      "median_log2_empirical_ECOLI": -1.960933155630432,
      "median_log2_empirical_HUMAN": -0.11023362721864771,
      "median_log2_empirical_YEAST": 0.9154207878472622,
      "median_abs_epsilon_precision_global": 0.20750324794127284,
      "median_abs_epsilon_precision_eq_species": 0.2272984110431183,
      "median_abs_epsilon_precision_ECOLI": 0.26053169598886683,
      "median_abs_epsilon_precision_HUMAN": 0.2041666932074513,
      "median_abs_epsilon_precision_YEAST": 0.21719684393303673,
      "mean_log2_empirical_ECOLI": -1.7814304864807522,
      "mean_log2_empirical_HUMAN": -0.11568866998750463,
      "mean_log2_empirical_YEAST": 0.8305933082068412,
      "mean_abs_epsilon_precision_global": 0.3379103331060577,
      "mean_abs_epsilon_precision_eq_species": 0.40903153624275906,
      "mean_abs_epsilon_precision_ECOLI": 0.5148676192298756,
      "mean_abs_epsilon_precision_HUMAN": 0.31965197344664853,