{
  "old_new": "new",
  "id": "AlphaPept_20250605_121806",
  "software_name": "AlphaPept",
  "software_version": "0.5.0",
  "search_engine": "AlphaPept",
  "search_engine_version": "0.5.0",
  "ident_fdr_psm": "0.01",
  "ident_fdr_peptide": "nan",
  "ident_fdr_protein": "0.01",
  "enable_match_between_runs": true,
  "precursor_mass_tolerance": "[-10 ppm, 10 ppm]",
  "fragment_mass_tolerance": "[-20 ppm, 20 ppm]",
  "enzyme": "Trypsin",
  "allowed_miscleavages": "1",
  "min_peptide_length": "7",
  "max_peptide_length": "27",
  "is_temporary": false,
  "intermediate_hash": "e8e80290fb48ff02de5ee54eb6b0114ff661bace",
  "results": {
    "6": {
      "median_abs_epsilon": 0.20257562545712204,
      "mean_abs_epsilon": 0.3115984639706635,
      "variance_epsilon": 0.2771620780526632,
      "nr_prec": 7234,
      "CV_median": 0.16576742322607543,
      "CV_q90": 0.46151939271049575,
      "CV_q75": 0.27178582619565905,
      "CV_q95": 0.6151140605081888
    },
    "5": {
      "median_abs_epsilon": 0.20537875718325083,
      "mean_abs_epsilon": 0.31671013099423573,
      "variance_epsilon": 0.29236770306711685,
      "nr_prec": 13132,
      "CV_median": 0.16363734603850844,
      "CV_q90": 0.4561740051760746,
      "CV_q75": 0.27185932243795063,
      "CV_q95": 0.61063523325219
    },
    "4": {
      "median_abs_epsilon": 0.2172842259593697,
      "mean_abs_epsilon": 0.33445770440308425,
      "variance_epsilon": 0.33838815517302157,
      "nr_prec": 19402,
      "CV_median": 0.16311102280281164,
      "CV_q90": 0.45262773300682035,
      "CV_q75": 0.2719567804844524,
      "CV_q95": 0.6080133018187874
    },
    "3": {
      "median_abs_epsilon": 0.2268080280092839,
      "mean_abs_epsilon": 0.35297697969982716,
      "variance_epsilon": 0.3853950068309923,
      "nr_prec": 26255,
      "CV_median": 0.16144741755403635,
      "CV_q90": 0.45099002960296725,
      "CV_q75": 0.2716873506151706,
      "CV_q95": 0.6097451337972224
    },
    "2": {
      "median_abs_epsilon": 0.23269663739990065,
      "mean_abs_epsilon": 0.3588152903532364,
      "variance_epsilon": 0.3890876828919607,
      "nr_prec": 34339,
      "CV_median": 0.16045447090906276,
      "CV_q90": 0.44710214820138094,
      "CV_q75": 0.2707309057712982,
      "CV_q95": 0.6021323548908579
    },
    "1": {
      "median_abs_epsilon": 0.23269663739990065,
      "mean_abs_epsilon": 0.3588152903532364,
      "variance_epsilon": 0.38908768289196066,
      "nr_prec": 48776,
      "CV_median": 0.16045447090906276,
      "CV_q90": 0.44710214820138094,
      "CV_q75": 0.2707309057712982,
      "CV_q95": 0.6021323548908579
    }
  },
  "median_abs_epsilon": 0.2268080280092839,
  "mean_abs_epsilon": 0.35297697969982716,
  "nr_prec": 26255,
  "comments": "",
  "proteobench_version": "0.8.18",
  "color": "#4daf4a",
  "hover_text": "ProteoBench ID: AlphaPept_20250605_121806<br>Software tool: AlphaPept <br>Comment (private submission): ...",
  "scatter_size": 20,
  "fixed_mods": "cC",
  "variable_mods": "oxM",
  "max_mods": "3",
  "min_precursor_charge": "1",
  "max_precursor_charge": "6",
  "quantification_method": "nan",
  "protein_inference": "nan",
  "abundance_normalization_ions": null,
  "submission_comments": "\n\n ### No parameter changes detected. \n\n\nDataset URL: https://proteobench.cubimed.rub.de/datasets/e8e80290fb48ff02de5ee54eb6b0114ff661bace/"
}