{
  "old_new": "new",
  "id": "AlphaPept_20260309_101049",
  "software_name": "AlphaPept",
  "software_version": "0.5.0",
  "search_engine": "AlphaPept",
  "search_engine_version": "0.5.0",
  "ident_fdr_psm": 0.01,
  "ident_fdr_peptide": NaN,
  "ident_fdr_protein": 0.01,
  "enable_match_between_runs": true,
  "precursor_mass_tolerance": "[-20 ppm, 20 ppm]",
  "fragment_mass_tolerance": "[-50 ppm, 50 ppm]",
  "enzyme": "Trypsin",
  "allowed_miscleavages": 2,
  "min_peptide_length": 7,
  "max_peptide_length": 27,
  "is_temporary": false,
  "intermediate_hash": "ea6d1d53eff51bbb2515f0aa3d18a02176cae7da",
  "results": {
    "6": {
      "median_abs_epsilon_global": 0.18829252247139294,
      "median_abs_epsilon_eq_species": 0.19173484874452384,
      "median_abs_epsilon_ECOLI": 0.20609894987488175,
      "median_abs_epsilon_HUMAN": 0.1899861803916174,
      "median_abs_epsilon_YEAST": 0.17911941596707237,
      "mean_abs_epsilon_global": 0.28638874554368504,
      "mean_abs_epsilon_eq_species": 0.3028282964281614,
      "mean_abs_epsilon_ECOLI": 0.3172381105938509,
      "mean_abs_epsilon_HUMAN": 0.2798703520301538,
      "mean_abs_epsilon_YEAST": 0.31137642666047943,
      "median_log2_empirical_ECOLI": -2.0714993185813437,
      "median_log2_empirical_HUMAN": -0.11621843447595381,
      "median_log2_empirical_YEAST": 0.9519679901372626,
      "median_abs_epsilon_precision_global": 0.1701674307943115,
      "median_abs_epsilon_precision_eq_species": 0.18241461153871205,
      "median_abs_epsilon_precision_ECOLI": 0.20346144457455395,
      "median_abs_epsilon_precision_HUMAN": 0.16852147955943053,
      "median_abs_epsilon_precision_YEAST": 0.17526091048215164,
      "mean_log2_empirical_ECOLI": -1.999424648942735,
      "mean_log2_empirical_HUMAN": -0.14385374648371002,
      "mean_log2_empirical_YEAST": 0.87600024141561,
      "mean_abs_epsilon_precision_global": 0.26903184593391544,
      "mean_abs_epsilon_precision_eq_species": 0.2966451239672687,
      "mean_abs_epsilon_precision_ECOLI": 0.31735683382788965,
      "mean_abs_epsilon_precision_HUMAN": 0.2571247449040693,
      "mean_abs_epsilon_precision_YEAST": 0.31545379316984723,
      "CV_median": 0.17051750011164263,
      "CV_q75": 0.2835047242549604,
      "CV_q90": 0.46660932766567,
      "CV_q95": 0.5863604407276166,
      "roc_auc": 0.9368227025161002,
      "roc_auc_directional": 0.9612624683241069,
      "nr_prec": 14026,
      "nr_prec_HUMAN": 11171,
      "nr_prec_YEAST": 2603,
      "nr_prec_ECOLI": 252,
      "variance_epsilon_global": 0.2111306947703896
    },
    "5": {
      "median_abs_epsilon_global": 0.19780972428510246,
      "median_abs_epsilon_eq_species": 0.2121203023628316,
      "median_abs_epsilon_ECOLI": 0.24311887663769838,
      "median_abs_epsilon_HUMAN": 0.19717713991559194,
      "median_abs_epsilon_YEAST": 0.19606489053520448,
      "mean_abs_epsilon_global": 0.3046712856429197,
      "mean_abs_epsilon_eq_species": 0.3403197972489355,
      "mean_abs_epsilon_ECOLI": 0.389666985584205,
      "mean_abs_epsilon_HUMAN": 0.29476897653532114,
      "mean_abs_epsilon_YEAST": 0.3365234296272802,
      "median_log2_empirical_ECOLI": -2.052467935030073,
      "median_log2_empirical_HUMAN": -0.11406233575528191,
      "median_log2_empirical_YEAST": 0.9386313759548255,
      "median_abs_epsilon_precision_global": 0.18261926326364453,
      "median_abs_epsilon_precision_eq_species": 0.20049753279114904,
      "median_abs_epsilon_precision_ECOLI": 0.23042499898757285,
      "median_abs_epsilon_precision_HUMAN": 0.17836371955134922,
      "median_abs_epsilon_precision_YEAST": 0.19270387983452508,
      "mean_log2_empirical_ECOLI": -1.9449788516798332,
      "mean_log2_empirical_HUMAN": -0.13918679009003954,
      "mean_log2_empirical_YEAST": 0.8598069418822186,
      "mean_abs_epsilon_precision_global": 0.2894190460032573,
      "mean_abs_epsilon_precision_eq_species": 0.33749801613034985,
      "mean_abs_epsilon_precision_ECOLI": 0.39838003694108753,
      "mean_abs_epsilon_precision_HUMAN": 0.2744275736212538,
      "mean_abs_epsilon_precision_YEAST": 0.3396864378287082,
      "CV_median": 0.16839952169503714,
      "CV_q75": 0.281947810138364,
      "CV_q90": 0.46925192402902205,
      "CV_q95": 0.5986177917952763,
      "roc_auc": 0.9246192117765735,
      "roc_auc_directional": 0.9541138174335801,
      "nr_prec": 22354,
      "nr_prec_HUMAN": 17619,
      "nr_prec_YEAST": 4290,
      "nr_prec_ECOLI": 445,
      "variance_epsilon_global": 0.24943306404061247
    },
    "4": {
      "median_abs_epsilon_global": 0.2085914603889023,
      "median_abs_epsilon_eq_species": 0.2274461600977625,
      "median_abs_epsilon_ECOLI": 0.2623619457685429,
      "median_abs_epsilon_HUMAN": 0.20593072512218846,
      "median_abs_epsilon_YEAST": 0.21404580940255613,
      "mean_abs_epsilon_global": 0.3228936146502294,
      "mean_abs_epsilon_eq_species": 0.37608090462219357,
      "mean_abs_epsilon_ECOLI": 0.45804900853236585,
      "mean_abs_epsilon_HUMAN": 0.30909383663538975,
      "mean_abs_epsilon_YEAST": 0.36109986869882504,
      "median_log2_empirical_ECOLI": -1.9876430485498329,
      "median_log2_empirical_HUMAN": -0.10986769249180739,
      "median_log2_empirical_YEAST": 0.9297266079066979,
      "median_abs_epsilon_precision_global": 0.19632766631362486,
      "median_abs_epsilon_precision_eq_species": 0.22259437559949724,
      "median_abs_epsilon_precision_ECOLI": 0.26494555905996897,
      "median_abs_epsilon_precision_HUMAN": 0.19089143346668536,
      "median_abs_epsilon_precision_YEAST": 0.2119461342718374,
      "mean_log2_empirical_ECOLI": -1.8290156690176886,
      "mean_log2_empirical_HUMAN": -0.13268335933687056,
      "mean_log2_empirical_YEAST": 0.846975505160753,
      "mean_abs_epsilon_precision_global": 0.3099803932575515,
      "mean_abs_epsilon_precision_eq_species": 0.37875894452248815,
      "mean_abs_epsilon_precision_ECOLI": 0.4819141593581512,
      "mean_abs_epsilon_precision_HUMAN": 0.291273488273937,
      "mean_abs_epsilon_precision_YEAST": 0.3630891859353762,
      "CV_median": 0.16664971309490126,
      "CV_q75": 0.2816642610128996,
      "CV_q90": 0.4677094542599217,
      "CV_q95": 0.5998152735658507,
      "roc_auc": 0.9105582446766194,
      "roc_auc_directional": 0.9433345345928814,
      "nr_prec": 29903,
      "nr_prec_HUMAN": 23262,
      "nr_prec_YEAST": 5947,
      "nr_prec_ECOLI": 694,
      "variance_epsilon_global": 0.27901750412009885
    },
    "3": {
      "median_abs_epsilon_global": 0.21881666345541007,
      "median_abs_epsilon_eq_species": 0.24153208413489935,
      "median_abs_epsilon_ECOLI": 0.2813204758186849,
      "median_abs_epsilon_HUMAN": 0.2148157927390315,
      "median_abs_epsilon_YEAST": 0.22845998384698163,
      "mean_abs_epsilon_global": 0.3417422666695377,
      "mean_abs_epsilon_eq_species": 0.4100875072630726,
      "mean_abs_epsilon_ECOLI": 0.5173337747164949,
      "mean_abs_epsilon_HUMAN": 0.32527353273254217,
      "mean_abs_epsilon_YEAST": 0.3876552143401808,
      "median_log2_empirical_ECOLI": -1.957521906768548,
      "median_log2_empirical_HUMAN": -0.105716581943609,
      "median_log2_empirical_YEAST": 0.9178281078257875,
      "median_abs_epsilon_precision_global": 0.20735183474134722,
      "median_abs_epsilon_precision_eq_species": 0.24084858598843142,
      "median_abs_epsilon_precision_ECOLI": 0.294922469348446,
      "median_abs_epsilon_precision_HUMAN": 0.20162798564411766,
      "median_abs_epsilon_precision_YEAST": 0.22599530297273063,
      "mean_log2_empirical_ECOLI": -1.7741827805894097,
      "mean_log2_empirical_HUMAN": -0.1248543302489805,
      "mean_log2_empirical_YEAST": 0.8330674873424361,
      "mean_abs_epsilon_precision_global": 0.3300066812154186,
      "mean_abs_epsilon_precision_eq_species": 0.4159419055223354,
      "mean_abs_epsilon_precision_ECOLI": 0.5504265869778806,
      "mean_abs_epsilon_precision_HUMAN": 0.30919158614245446,