{
  "old_new": "new",
  "id": "FragPipe_20250621_140642",
  "software_name": "FragPipe",
  "software_version": "23.0",
  "search_engine": "MSFragger",
  "search_engine_version": "4.2",
  "ident_fdr_psm": "0.01",
  "ident_fdr_peptide": "",
  "ident_fdr_protein": "0.01",
  "enable_match_between_runs": true,
  "precursor_mass_tolerance": "[-20 ppm, 20 ppm]",
  "fragment_mass_tolerance": "[-20 ppm, 20 ppm]",
  "enzyme": "Trypsin/P",
  "allowed_miscleavages": "2",
  "min_peptide_length": "7",
  "max_peptide_length": "50",
  "is_temporary": false,
  "intermediate_hash": "eae1504770f62459dc1898fa61af49d8d72f0fe0",
  "results": {
    "6": {
      "median_abs_epsilon": 0.15169515985272497,
      "mean_abs_epsilon": 0.22470485375686616,
      "variance_epsilon": 0.10761157557168374,
      "nr_prec": 30509,
      "CV_median": 0.15059374784926716,
      "CV_q90": 0.4003371646395565,
      "CV_q75": 0.25827986668199937,
      "CV_q95": 0.5053199723344157
    },
    "5": {
      "median_abs_epsilon": 0.16874999182412154,
      "mean_abs_epsilon": 0.25407460422526673,
      "variance_epsilon": 0.1413935332387419,
      "nr_prec": 42435,
      "CV_median": 0.15448960454859778,
      "CV_q90": 0.42632303303038044,
      "CV_q75": 0.2712176165004542,
      "CV_q95": 0.5453699867380786
    },
    "4": {
      "median_abs_epsilon": 0.18693090832007897,
      "mean_abs_epsilon": 0.2898740558872284,
      "variance_epsilon": 0.1931587226740818,
      "nr_prec": 52730,
      "CV_median": 0.15660272520084184,
      "CV_q90": 0.4419925544191652,
      "CV_q75": 0.27868116561983763,
      "CV_q95": 0.57275344730597
    },
    "3": {
      "median_abs_epsilon": 0.20086072249527476,
      "mean_abs_epsilon": 0.3220869399107546,
      "variance_epsilon": 0.24866615635050648,
      "nr_prec": 64130,
      "CV_median": 0.1582811410916493,
      "CV_q90": 0.45303071681916873,
      "CV_q75": 0.28371232462062823,
      "CV_q95": 0.5888215453975854
    },
    "2": {
      "median_abs_epsilon": 0.21249465626458175,
      "mean_abs_epsilon": 0.3493504866015634,
      "variance_epsilon": 0.304850960566608,
      "nr_prec": 77441,
      "CV_median": 0.15923862653325582,
      "CV_q90": 0.4615207202089544,
      "CV_q75": 0.2877303088056778,
      "CV_q95": 0.6033186281160159
    },
    "1": {
      "median_abs_epsilon": 0.21249465626458175,
      "mean_abs_epsilon": 0.34935048660156337,
      "variance_epsilon": 0.30485096056660804,
      "nr_prec": 97389,
      "CV_median": 0.15923862653325582,
      "CV_q90": 0.4615207202089544,
      "CV_q75": 0.2877303088056778,
      "CV_q95": 0.6033186281160159
    }
  },
  "median_abs_epsilon": 0.20086072249527476,
  "mean_abs_epsilon": 0.3220869399107546,
  "nr_prec": 64130,
  "comments": "",
  "proteobench_version": "0.8.23",
  "color": "#d30067",
  "hover_text": "ProteoBench ID: FragPipe_20250621_140642<br>Software tool: FragPipe <br>Comment (private submission): ...",
  "scatter_size": 40,
  "fixed_mods": "0.0,C-Term Peptide,true,-1; 0.0,N-Term Peptide,true,-1; 0.0,C-Term Protein,true,-1; 0.0,N-Term Protein,true,-1; 0.0,G (glycine),true,-1; 0.0,A (alanine),true,-1; 0.0,S (serine),true,-1; 0.0,P (proline),true,-1; 0.0,V (valine),true,-1; 0.0,T (threonine),true,-1; 57.02146,C (cysteine),true,-1; 0.0,L (leucine),true,-1; 0.0,I (isoleucine),true,-1; 0.0,N (asparagine),true,-1; 0.0,D (aspartic acid),true,-1; 0.0,Q (glutamine),true,-1; 0.0,K (lysine),true,-1; 0.0,E (glutamic acid),true,-1; 0.0,M (methionine),true,-1; 0.0,H (histidine),true,-1; 0.0,F (phenylalanine),true,-1; 0.0,R (arginine),true,-1; 0.0,Y (tyrosine),true,-1; 0.0,W (tryptophan),true,-1; 0.0,B ,true,-1; 0.0,J,true,-1; 0.0,O,true,-1; 0.0,U,true,-1; 0.0,X,true,-1; 0.0,Z,true,-1",
  "variable_mods": "15.9949,M,true,3; 42.0106,[^,true,1; 79.96633,STY,false,3; -17.0265,nQnC,false,1; -18.0106,nE,false,1; 4.025107,K,false,2; 6.020129,R,false,2; 8.014199,K,false,2; 10.008269,R,false,2; 0.0,site_10,false,1; 0.0,site_11,false,1; 0.0,site_12,false,1; 0.0,site_13,false,1; 0.0,site_14,false,1; 0.0,site_15,false,1; 0.0,site_16,false,1",
  "max_mods": "3",
  "min_precursor_charge": "1",
  "max_precursor_charge": null,
  "quantification_method": "IonQuant",
  "protein_inference": "ProteinProphet: --maxppmdiff 2000000",
  "abundance_normalization_ions": "1",
  "submission_comments": "\n\n ### Parameter changes detected:\n- **ident_fdr_peptide**: `0.01` \u2192 ``\n- **quantification_method**: `nan` \u2192 `IonQuant`\n- **abundance_normalization_ions**: `nan` \u2192 `1`\n\nDataset URL: https://proteobench.cubimed.rub.de/datasets/eae1504770f62459dc1898fa61af49d8d72f0fe0/"
}