{
  "old_new": "new",
  "id": "FragPipe_20250621_140350",
  "software_name": "FragPipe",
  "software_version": "23.0",
  "search_engine": "MSFragger",
  "search_engine_version": "4.2",
  "ident_fdr_psm": "0.01",
  "ident_fdr_peptide": "",
  "ident_fdr_protein": "0.01",
  "enable_match_between_runs": true,
  "precursor_mass_tolerance": "[-20 ppm, 20 ppm]",
  "fragment_mass_tolerance": "[-20 ppm, 20 ppm]",
  "enzyme": "Trypsin/P",
  "allowed_miscleavages": "2",
  "min_peptide_length": "7",
  "max_peptide_length": "50",
  "is_temporary": false,
  "intermediate_hash": "ebb17fce73565072cf372830bb6e028280bb4605",
  "results": {
    "6": {
      "median_abs_epsilon": 0.14982976555608474,
      "mean_abs_epsilon": 0.21614103842185112,
      "variance_epsilon": 0.09775805249120911,
      "nr_prec": 19249,
      "CV_median": 0.15539257323866915,
      "CV_q90": 0.39951729691564136,
      "CV_q75": 0.26028427092459544,
      "CV_q95": 0.49809185847366444
    },
    "5": {
      "median_abs_epsilon": 0.16351424701378292,
      "mean_abs_epsilon": 0.23612827132733508,
      "variance_epsilon": 0.116015276950686,
      "nr_prec": 29283,
      "CV_median": 0.15537802423042726,
      "CV_q90": 0.41595176859671074,
      "CV_q75": 0.2674311646320654,
      "CV_q95": 0.5237567954714348
    },
    "4": {
      "median_abs_epsilon": 0.1783307567862611,
      "mean_abs_epsilon": 0.264418026660023,
      "variance_epsilon": 0.153386028407837,
      "nr_prec": 38228,
      "CV_median": 0.15498727834833817,
      "CV_q90": 0.4251599091841001,
      "CV_q75": 0.27089798778441004,
      "CV_q95": 0.539611661762554
    },
    "3": {
      "median_abs_epsilon": 0.19088753529690017,
      "mean_abs_epsilon": 0.2883989543295936,
      "variance_epsilon": 0.18638294481866363,
      "nr_prec": 47935,
      "CV_median": 0.15519875409525952,
      "CV_q90": 0.4313379656605479,
      "CV_q75": 0.2728363938149766,
      "CV_q95": 0.5495632105314089
    },
    "2": {
      "median_abs_epsilon": 0.20012692729980586,
      "mean_abs_epsilon": 0.3109091348001269,
      "variance_epsilon": 0.22750453638204682,
      "nr_prec": 59140,
      "CV_median": 0.15531122850941825,
      "CV_q90": 0.4356547467038254,
      "CV_q75": 0.2747343314799652,
      "CV_q95": 0.5566135357965154
    },
    "1": {
      "median_abs_epsilon": 0.20012692729980586,
      "mean_abs_epsilon": 0.3109091348001269,
      "variance_epsilon": 0.2275045363820468,
      "nr_prec": 75532,
      "CV_median": 0.15531122850941825,
      "CV_q90": 0.4356547467038254,
      "CV_q75": 0.2747343314799652,
      "CV_q95": 0.5566135357965154
    }
  },
  "median_abs_epsilon": 0.19088753529690017,
  "mean_abs_epsilon": 0.2883989543295936,
  "nr_prec": 47935,
  "comments": "",
  "proteobench_version": "0.8.23",
  "color": "#F89008",
  "hover_text": "ProteoBench ID: FragPipe_20250621_140350<br>Software tool: FragPipe <br>Comment (private submission): ...",
  "scatter_size": 20,
  "fixed_mods": "0.0,C-Term Peptide,true,-1; 0.0,N-Term Peptide,true,-1; 0.0,C-Term Protein,true,-1; 0.0,N-Term Protein,true,-1; 0.0,G (glycine),true,-1; 0.0,A (alanine),true,-1; 0.0,S (serine),true,-1; 0.0,P (proline),true,-1; 0.0,V (valine),true,-1; 0.0,T (threonine),true,-1; 57.02146,C (cysteine),true,-1; 0.0,L (leucine),true,-1; 0.0,I (isoleucine),true,-1; 0.0,N (asparagine),true,-1; 0.0,D (aspartic acid),true,-1; 0.0,Q (glutamine),true,-1; 0.0,K (lysine),true,-1; 0.0,E (glutamic acid),true,-1; 0.0,M (methionine),true,-1; 0.0,H (histidine),true,-1; 0.0,F (phenylalanine),true,-1; 0.0,R (arginine),true,-1; 0.0,Y (tyrosine),true,-1; 0.0,W (tryptophan),true,-1; 0.0,B ,true,-1; 0.0,J,true,-1; 0.0,O,true,-1; 0.0,U,true,-1; 0.0,X,true,-1; 0.0,Z,true,-1",
  "variable_mods": "15.9949,M,true,3; 42.0106,[^,true,1; 79.96633,STY,false,3; -17.0265,nQnC,false,1; -18.0106,nE,false,1; 4.025107,K,false,2; 6.020129,R,false,2; 8.014199,K,false,2; 10.008269,R,false,2; 0.0,site_10,false,1; 0.0,site_11,false,1; 0.0,site_12,false,1; 0.0,site_13,false,1; 0.0,site_14,false,1; 0.0,site_15,false,1; 0.0,site_16,false,1",
  "max_mods": "3",
  "min_precursor_charge": "1",
  "max_precursor_charge": null,
  "quantification_method": "IonQuant",
  "protein_inference": "ProteinProphet: --maxppmdiff 2000000",
  "abundance_normalization_ions": "1",
  "submission_comments": "\n\n ### Parameter changes detected:\n- **ident_fdr_peptide**: `0.01` \u2192 ``\n- **quantification_method**: `nan` \u2192 `IonQuant`\n- **abundance_normalization_ions**: `nan` \u2192 `1`\n\nDataset URL: https://proteobench.cubimed.rub.de/datasets/ebb17fce73565072cf372830bb6e028280bb4605/"
}