{
  "id": "MaxQuant_20250507_140659",
  "old_new": "new",
  "software_name": "MaxQuant",
  "software_version": "2.1.3.0",
  "search_engine": "Andromeda",
  "search_engine_version": NaN,
  "ident_fdr_psm": 0.01,
  "ident_fdr_peptide": null,
  "ident_fdr_protein": 0.01,
  "enable_match_between_runs": true,
  "precursor_mass_tolerance": "[-4.5 ppm, 4.5 ppm]",
  "fragment_mass_tolerance": "[-20 ppm, 20 ppm]",
  "enzyme": "Trypsin/P",
  "allowed_miscleavages": 1,
  "min_peptide_length": 7,
  "max_peptide_length": null,
  "is_temporary": false,
  "intermediate_hash": "ec0033ca8fe13e9507cbb12ee984693a39f7fe9d",
  "results": {
    "6": {
      "median_abs_epsilon": 0.17126993895268328,
      "mean_abs_epsilon": 0.22661453388527122,
      "variance_epsilon": 0.10746811775849878,
      "nr_prec": 25172,
      "CV_median": 0.2128241539693218,
      "CV_q90": 0.4289476552439158,
      "CV_q75": 0.29510500430570097,
      "CV_q95": 0.5302521407793326
    },
    "5": {
      "median_abs_epsilon": 0.18516660040007693,
      "mean_abs_epsilon": 0.255617816971259,
      "variance_epsilon": 0.14497621181476303,
      "nr_prec": 32604,
      "CV_median": 0.21500338318690432,
      "CV_q90": 0.4517029928358177,
      "CV_q75": 0.30664412681959763,
      "CV_q95": 0.5603091341591693
    },
    "4": {
      "median_abs_epsilon": 0.19727059926639967,
      "mean_abs_epsilon": 0.2870796767731717,
      "variance_epsilon": 0.19603999017714913,
      "nr_prec": 38543,
      "CV_median": 0.2164225975088221,
      "CV_q90": 0.46416905630130156,
      "CV_q75": 0.3127329241420595,
      "CV_q95": 0.5778469670342982
    },
    "3": {
      "median_abs_epsilon": 0.2071225716850904,
      "mean_abs_epsilon": 0.3086346521621086,
      "variance_epsilon": 0.23264924476838109,
      "nr_prec": 43765,
      "CV_median": 0.21724956352967528,
      "CV_q90": 0.47130779460459976,
      "CV_q75": 0.3163853693846106,
      "CV_q95": 0.5884865723542836
    },
    "2": {
      "median_abs_epsilon": 0.21063528996371517,
      "mean_abs_epsilon": 0.31938661878095964,
      "variance_epsilon": 0.25749943640781625,
      "nr_prec": 47764,
      "CV_median": 0.21741788526121922,
      "CV_q90": 0.47398660304941653,
      "CV_q75": 0.31760385974641103,
      "CV_q95": 0.593311084717512
    },
    "1": {
      "median_abs_epsilon": 0.21063528996371517,
      "mean_abs_epsilon": 0.31938661878095964,
      "variance_epsilon": 0.25749943640781625,
      "nr_prec": 50338,
      "CV_median": 0.21741788526121922,
      "CV_q90": 0.47398660304941653,
      "CV_q75": 0.31760385974641103,
      "CV_q95": 0.593311084717512
    }
  },
  "median_abs_epsilon": 0.2071225716850904,
  "nr_prec": 43765,
  "comments": "",
  "fixed_mods": "Carbamidomethyl (C)",
  "variable_mods": "Oxidation (M),Acetyl (Protein N-term)",
  "max_mods": 5,
  "min_precursor_charge": null,
  "max_precursor_charge": 7,
  "submission_comments": "\n\nDataset URL: https://proteobench.cubimed.rub.de/datasets/ec0033ca8fe13e9507cbb12ee984693a39f7fe9d/",
  "proteobench_version": "0.5.10.dev28+g149aad0.d20241219",
  "minPeptideLength": NaN,
  "color": NaN,
  "hover_text": NaN,
  "scatter_size": NaN,
  "scan_window": NaN,
  "quantification_method_DIANN": NaN,
  "second_pass": NaN,
  "protein_inference": NaN,
  "predictors_library": NaN,
  "quantification_method": NaN,
  "mean_abs_epsilon": 0.3086346521621086,
  "abundance_normalization_ions": NaN
}