{
  "id": "MaxQuant_20250605_122203",
  "software_name": "MaxQuant",
  "software_version": "1.5.3.30",
  "search_engine": "Andromeda",
  "search_engine_version": NaN,
  "ident_fdr_psm": 0.01,
  "ident_fdr_peptide": NaN,
  "ident_fdr_protein": 0.01,
  "enable_match_between_runs": false,
  "precursor_mass_tolerance": "[-4.5 ppm, 4.5 ppm]",
  "fragment_mass_tolerance": "[-20 ppm, 20 ppm]",
  "enzyme": "Trypsin/P",
  "allowed_miscleavages": 1,
  "min_peptide_length": 7,
  "max_peptide_length": NaN,
  "is_temporary": false,
  "intermediate_hash": "f4f23a743baef55ba419a1cf0e8dd67a4cb5b7ac",
  "results": {
    "6": {
      "median_abs_epsilon_global": 0.1572746458822536,
      "median_abs_epsilon_eq_species": 0.17285487222096307,
      "median_abs_epsilon_ECOLI": 0.18581930838165306,
      "median_abs_epsilon_HUMAN": 0.1521098163320822,
      "median_abs_epsilon_YEAST": 0.18063549194915396,
      "mean_abs_epsilon_global": 0.19895699288059518,
      "mean_abs_epsilon_eq_species": 0.22684561329261518,
      "mean_abs_epsilon_ECOLI": 0.2660699413498937,
      "mean_abs_epsilon_HUMAN": 0.19216560490823362,
      "mean_abs_epsilon_YEAST": 0.22230129361971823,
      "median_log2_empirical_ECOLI": -1.8630230961445449,
      "median_log2_empirical_HUMAN": 0.0652592306433597,
      "median_log2_empirical_YEAST": 1.1319020523015588,
      "median_abs_epsilon_precision_global": 0.14093734887136478,
      "median_abs_epsilon_precision_eq_species": 0.14499545919051235,
      "median_abs_epsilon_precision_ECOLI": 0.1552239250082863,
      "median_abs_epsilon_precision_HUMAN": 0.14117388658097774,
      "median_abs_epsilon_precision_YEAST": 0.13858856598227298,
      "mean_log2_empirical_ECOLI": -1.7977761271153851,
      "mean_log2_empirical_HUMAN": 0.04895370636792773,
      "mean_log2_empirical_YEAST": 1.0988301112005407,
      "mean_abs_epsilon_precision_global": 0.18789241544483562,
      "mean_abs_epsilon_precision_eq_species": 0.2069131376334834,
      "mean_abs_epsilon_precision_ECOLI": 0.24028227929705223,
      "mean_abs_epsilon_precision_HUMAN": 0.18511875307131523,
      "mean_abs_epsilon_precision_YEAST": 0.1953383805320828,
      "CV_median": 0.20392438008417477,
      "CV_q75": 0.27873459709132764,
      "CV_q90": 0.3913859287476913,
      "CV_q95": 0.48895666840028756,
      "variance_epsilon_global": 0.08512703506902702,
      "nr_feature": 14009,
      "roc_auc": 0.9899621369194835
    },
    "5": {
      "median_abs_epsilon_global": 0.1693508447437999,
      "median_abs_epsilon_eq_species": 0.1912158971689936,
      "median_abs_epsilon_ECOLI": 0.21928328763950766,
      "median_abs_epsilon_HUMAN": 0.16359866178371618,
      "median_abs_epsilon_YEAST": 0.19076574208375696,
      "mean_abs_epsilon_global": 0.21730342037799888,
      "mean_abs_epsilon_eq_species": 0.24890591488712133,
      "mean_abs_epsilon_ECOLI": 0.29595766056376,
      "mean_abs_epsilon_HUMAN": 0.20980862979538725,
      "mean_abs_epsilon_YEAST": 0.24095145430221676,
      "median_log2_empirical_ECOLI": -1.806546121170065,
      "median_log2_empirical_HUMAN": 0.06626686884090738,
      "median_log2_empirical_YEAST": 1.1114417739331408,
      "median_abs_epsilon_precision_global": 0.15440937333795546,
      "median_abs_epsilon_precision_eq_species": 0.16329132624195886,
      "median_abs_epsilon_precision_ECOLI": 0.1786807924082776,
      "median_abs_epsilon_precision_HUMAN": 0.15306112846290354,
      "median_abs_epsilon_precision_YEAST": 0.15813205785469542,
      "mean_log2_empirical_ECOLI": -1.7672196050562825,
      "mean_log2_empirical_HUMAN": 0.05293982430642981,
      "mean_log2_empirical_YEAST": 1.073420444896545,
      "mean_abs_epsilon_precision_global": 0.20761529250638436,
      "mean_abs_epsilon_precision_eq_species": 0.22590067807478953,
      "mean_abs_epsilon_precision_ECOLI": 0.25062315016302855,
      "mean_abs_epsilon_precision_HUMAN": 0.2025525797901096,
      "mean_abs_epsilon_precision_YEAST": 0.22452630427123044,
      "CV_median": 0.2039262682319662,
      "CV_q75": 0.2845712894584271,
      "CV_q90": 0.4047806385465016,
      "CV_q95": 0.5004766115633303,
      "variance_epsilon_global": 0.10065225506962856,
      "nr_feature": 20302,
      "roc_auc": 0.9841339616833528
    },
    "4": {
      "median_abs_epsilon_global": 0.18147915665441516,
      "median_abs_epsilon_eq_species": 0.20450070875154522,
      "median_abs_epsilon_ECOLI": 0.23439228887085584,
      "median_abs_epsilon_HUMAN": 0.1750689563085981,
      "median_abs_epsilon_YEAST": 0.2040408810751817,
      "mean_abs_epsilon_global": 0.2391700340570588,
      "mean_abs_epsilon_eq_species": 0.2837944510352199,
      "mean_abs_epsilon_ECOLI": 0.3558360040548483,
      "mean_abs_epsilon_HUMAN": 0.22941225491305914,
      "mean_abs_epsilon_YEAST": 0.2661350941377521,
      "median_log2_empirical_ECOLI": -1.7842831355246975,
      "median_log2_empirical_HUMAN": 0.06816806418053467,
      "median_log2_empirical_YEAST": 1.0955386098146622,
      "median_abs_epsilon_precision_global": 0.16840639229376642,
      "median_abs_epsilon_precision_eq_species": 0.18191935346002394,
      "median_abs_epsilon_precision_ECOLI": 0.203099538867626,
      "median_abs_epsilon_precision_HUMAN": 0.16518899720316327,
      "median_abs_epsilon_precision_YEAST": 0.17746952430928253,
      "mean_log2_empirical_ECOLI": -1.7167078421523874,
      "mean_log2_empirical_HUMAN": 0.057137557809406964,
      "mean_log2_empirical_YEAST": 1.050245697768789,
      "mean_abs_epsilon_precision_global": 0.23057130073794674,
      "mean_abs_epsilon_precision_eq_species": 0.26115610764039604,
      "mean_abs_epsilon_precision_ECOLI": 0.30462348335485817,
      "mean_abs_epsilon_precision_HUMAN": 0.22212444860259845,
      "mean_abs_epsilon_precision_YEAST": 0.25672039096373156,
      "CV_median": 0.20322871146198165,
      "CV_q75": 0.2876058789285913,
      "CV_q90": 0.41001495693951756,
      "CV_q95": 0.5067133611431579,
      "variance_epsilon_global": 0.11945464225571463,
      "nr_feature": 25914,
      "roc_auc": 0.973044672621684
    },
    "3": {
      "median_abs_epsilon_global": 0.1936986292334879,
      "median_abs_epsilon_eq_species": 0.22016718303617644,
      "median_abs_epsilon_ECOLI": 0.2561422716286472,
      "median_abs_epsilon_HUMAN": 0.18783555810707853,
      "median_abs_epsilon_YEAST": 0.21652371937280357,
      "mean_abs_epsilon_global": 0.2594934669611452,
      "mean_abs_epsilon_eq_species": 0.3112731954530071,
      "mean_abs_epsilon_ECOLI": 0.3988003814079481,
      "mean_abs_epsilon_HUMAN": 0.24978573782998867,
      "mean_abs_epsilon_YEAST": 0.2852334671210846,
      "median_log2_empirical_ECOLI": -1.7715486544320989,
      "median_log2_empirical_HUMAN": 0.07115427020479537,
      "median_log2_empirical_YEAST": 1.087034060249847,
      "median_abs_epsilon_precision_global": 0.1814399243836089,
      "median_abs_epsilon_precision_eq_species": 0.19639451757984006,
      "median_abs_epsilon_precision_ECOLI": 0.21903323648797013,
      "median_abs_epsilon_precision_HUMAN": 0.17817439084857156,
      "median_abs_epsilon_precision_YEAST": 0.19197592540297848,
      "mean_log2_empirical_ECOLI": -1.6720435342834636,
      "mean_log2_empirical_HUMAN": 0.06320260511983723,
      "mean_log2_empirical_YEAST": 1.0415596055915115,
      "mean_abs_epsilon_precision_global": 0.25104893491579033,
      "mean_abs_epsilon_precision_eq_species": 0.2882452050534362,
      "mean_abs_epsilon_precision_ECOLI": 0.34437613893256086,
      "mean_abs_epsilon_precision_HUMAN": 0.24214171433415077,
      "mean_abs_epsilon_precision_YEAST": 0.2782177618935969,
      "CV_median": 0.2031448676414384,
      "CV_q75": 0.29049613148503706,
      "CV_q90": 0.41359631552292836,
      "CV_q95": 0.5098836062586978,
      "variance_epsilon_global": 0.13756572803276315,
      "nr_feature": 32525,
      "roc_auc": 0.9625654648475583
    },
    "2": {
      "median_abs_epsilon_global": 0.1997901469225205,