{
  "old_new": "new",
  "id": "MaxQuant_20250605_122203",
  "software_name": "MaxQuant",
  "software_version": "1.5.3.30",
  "search_engine": "Andromeda",
  "search_engine_version": "nan",
  "ident_fdr_psm": "0.01",
  "ident_fdr_peptide": null,
  "ident_fdr_protein": "0.01",
  "enable_match_between_runs": false,
  "precursor_mass_tolerance": "[-4.5 ppm, 4.5 ppm]",
  "fragment_mass_tolerance": "[-20 ppm, 20 ppm]",
  "enzyme": "Trypsin/P",
  "allowed_miscleavages": "1",
  "min_peptide_length": "7",
  "max_peptide_length": null,
  "is_temporary": false,
  "intermediate_hash": "f4f23a743baef55ba419a1cf0e8dd67a4cb5b7ac",
  "results": {
    "6": {
      "median_abs_epsilon": 0.15778012544082287,
      "mean_abs_epsilon": 0.20048443621226006,
      "variance_epsilon": 0.08753737378936266,
      "nr_prec": 14277,
      "CV_median": 0.20432986574822437,
      "CV_q90": 0.3948841652059547,
      "CV_q75": 0.2797218817325777,
      "CV_q95": 0.49151775245572904
    },
    "5": {
      "median_abs_epsilon": 0.16971697107315364,
      "mean_abs_epsilon": 0.21817427176606935,
      "variance_epsilon": 0.10213205635902226,
      "nr_prec": 20607,
      "CV_median": 0.20417125380101023,
      "CV_q90": 0.40668913799701845,
      "CV_q75": 0.2855691441785204,
      "CV_q95": 0.5035416021340824
    },
    "4": {
      "median_abs_epsilon": 0.18174872414448906,
      "mean_abs_epsilon": 0.23996394911790744,
      "variance_epsilon": 0.12177048550866516,
      "nr_prec": 26256,
      "CV_median": 0.20355709991814197,
      "CV_q90": 0.4120209176183226,
      "CV_q75": 0.28827259772829095,
      "CV_q95": 0.5098932268349834
    },
    "3": {
      "median_abs_epsilon": 0.1937577271382196,
      "mean_abs_epsilon": 0.2599088612903073,
      "variance_epsilon": 0.13911060762750868,
      "nr_prec": 32892,
      "CV_median": 0.20344740941115014,
      "CV_q90": 0.41567360315155943,
      "CV_q75": 0.29110943888263563,
      "CV_q95": 0.5130245405590993
    },
    "2": {
      "median_abs_epsilon": 0.19987104397627675,
      "mean_abs_epsilon": 0.27254360286989193,
      "variance_epsilon": 0.1558282785434974,
      "nr_prec": 40341,
      "CV_median": 0.20250286507720727,
      "CV_q90": 0.4169942976176212,
      "CV_q75": 0.291795805653801,
      "CV_q95": 0.5142854641354354
    },
    "1": {
      "median_abs_epsilon": 0.19987104397627675,
      "mean_abs_epsilon": 0.272543602869892,
      "variance_epsilon": 0.1558282785434974,
      "nr_prec": 51319,
      "CV_median": 0.20250286507720727,
      "CV_q90": 0.4169942976176212,
      "CV_q75": 0.291795805653801,
      "CV_q95": 0.5142854641354354
    }
  },
  "median_abs_epsilon": 0.1937577271382196,
  "mean_abs_epsilon": 0.2599088612903073,
  "nr_prec": 32892,
  "comments": "",
  "proteobench_version": "0.8.18",
  "color": "#377eb8",
  "hover_text": "ProteoBench ID: MaxQuant_20250605_122203<br>Software tool: MaxQuant <br>Comment (private submission): ...",
  "scatter_size": 20,
  "fixed_mods": "Carbamidomethyl (C)",
  "variable_mods": "Oxidation (M),Acetyl (Protein N-term)",
  "max_mods": "5",
  "min_precursor_charge": null,
  "max_precursor_charge": "7",
  "quantification_method": "nan",
  "protein_inference": "nan",
  "abundance_normalization_ions": "nan",
  "submission_comments": "\n\n ### No parameter changes detected. \n\n\nDataset URL: https://proteobench.cubimed.rub.de/datasets/f4f23a743baef55ba419a1cf0e8dd67a4cb5b7ac/"
}