{
    "id": "AlphaPept_20250122_154315",
    "old_new": "new",
    "software_name": "AlphaPept",
    "software_version": "0.5.3",
    "search_engine": "AlphaPept",
    "search_engine_version": "0.5.3",
    "ident_fdr_psm": null,
    "ident_fdr_peptide": 0.01,
    "ident_fdr_protein": 0.01,
    "enable_match_between_runs": true,
    "precursor_mass_tolerance": "[-10 ppm, 10 ppm]",
    "fragment_mass_tolerance": "[-50 ppm, 50 ppm]",
    "enzyme": "Trypsin",
    "allowed_miscleavages": 2,
    "min_peptide_length": 7,
    "max_peptide_length": 27,
    "is_temporary": false,
    "intermediate_hash": "fd9834a584a2248fdf6ff35b3584092fa98e9f82",
    "results": {
        "6": {
            "median_abs_epsilon": 0.1928049517,
            "mean_abs_epsilon": 0.2943042231,
            "variance_epsilon": 0.2300424937,
            "nr_prec": 13750,
            "CV_median": 0.1720770301,
            "CV_q90": 0.4760872224,
            "CV_q75": 0.2914581623,
            "CV_q95": 0.598654957
        },
        "5": {
            "median_abs_epsilon": 0.1999295315,
            "mean_abs_epsilon": 0.3047048815,
            "variance_epsilon": 0.245832701,
            "nr_prec": 21777,
            "CV_median": 0.1690584628,
            "CV_q90": 0.4752828114,
            "CV_q75": 0.2871487396,
            "CV_q95": 0.6024767672
        },
        "4": {
            "median_abs_epsilon": 0.2092544766,
            "mean_abs_epsilon": 0.3172537889,
            "variance_epsilon": 0.2636858603,
            "nr_prec": 28735,
            "CV_median": 0.1671545285,
            "CV_q90": 0.4709230391,
            "CV_q75": 0.2846201646,
            "CV_q95": 0.5981391317
        },
        "3": {
            "median_abs_epsilon": 0.2173013088,
            "mean_abs_epsilon": 0.3286459273,
            "variance_epsilon": 0.2837375543,
            "nr_prec": 36421,
            "CV_median": 0.1655178475,
            "CV_q90": 0.4677628129,
            "CV_q75": 0.2821129219,
            "CV_q95": 0.5954274436
        },
        "2": {
            "median_abs_epsilon": 0.2234928781,
            "mean_abs_epsilon": 0.3370328374,
            "variance_epsilon": 0.2920639517,
            "nr_prec": 45104,
            "CV_median": 0.1642788674,
            "CV_q90": 0.4647096519,
            "CV_q75": 0.280763547,
            "CV_q95": 0.5920321473
        },
        "1": {
            "median_abs_epsilon": 0.2234928781,
            "mean_abs_epsilon": 0.3370328374,
            "variance_epsilon": 0.2920639517,
            "nr_prec": 58187,
            "CV_median": 0.1642788674,
            "CV_q90": 0.4647096519,
            "CV_q75": 0.280763547,
            "CV_q95": 0.5920321473
        }
    },
    "median_abs_epsilon": 0.2173013088,
    "nr_prec": 36421,
    "comments": "",
    "fixed_mods": "cC",
    "variable_mods": "oxM",
    "max_mods": 3,
    "min_precursor_charge": 1,
    "max_precursor_charge": 6,
    "submission_comments": "Variable mods: oxM, a<^ (Protein N-Term)\n\nDataset URL: https://proteobench.cubimed.rub.de/datasets/fd9834a584a2248fdf6ff35b3584092fa98e9f82/",
    "proteobench_version": "0.5.15",
    "minPeptideLength": null,
    "color": "#4daf4a",
    "hover_text": "ProteoBench ID: AlphaPept_20250122_154315<br>Software tool: AlphaPept <br>Comment (private submission): ",
    "scatter_size": 20,
    "scan_window": null,
    "quantification_method_DIANN": null,
    "second_pass": null,
    "protein_inference": null,
    "predictors_library": null,
    "quantification_method": null,
    "mean_abs_epsilon": 0.3286459273,
    "abundance_normalization_ions": null
}