{
  "id": "AlphaPept_20250122_154315",
  "old_new": "new",
  "software_name": "FragPipe",
  "software_version": "Version info:",
  "search_engine": "MSFragger",
  "search_engine_version": "4.2",
  "ident_fdr_psm": "0.01",
  "ident_fdr_peptide": "1",
  "ident_fdr_protein": "1",
  "enable_match_between_runs": true,
  "precursor_mass_tolerance": "[-20 ppm, 20 ppm]",
  "fragment_mass_tolerance": "[-20 ppm, 20 ppm]",
  "enzyme": "Trypsin/P",
  "allowed_miscleavages": 2,
  "min_peptide_length": 7,
  "max_peptide_length": 50,
  "is_temporary": false,
  "intermediate_hash": "fd9834a584a2248fdf6ff35b3584092fa98e9f82",
  "results": {
    "6": {
      "median_abs_epsilon": 0.1928049517,
      "mean_abs_epsilon": 0.2943042231,
      "variance_epsilon": 0.23004249370000002,
      "nr_prec": 13750,
      "CV_median": 0.1720770301,
      "CV_q90": 0.4760872224,
      "CV_q75": 0.2914581623,
      "CV_q95": 0.598654957
    },
    "5": {
      "median_abs_epsilon": 0.1999295315,
      "mean_abs_epsilon": 0.3047048815,
      "variance_epsilon": 0.24583270100000001,
      "nr_prec": 21777,
      "CV_median": 0.1690584628,
      "CV_q90": 0.4752828114,
      "CV_q75": 0.28714873960000004,
      "CV_q95": 0.6024767672
    },
    "4": {
      "median_abs_epsilon": 0.20925447660000002,
      "mean_abs_epsilon": 0.3172537889,
      "variance_epsilon": 0.2636858603,
      "nr_prec": 28735,
      "CV_median": 0.1671545285,
      "CV_q90": 0.4709230391,
      "CV_q75": 0.2846201646,
      "CV_q95": 0.5981391317
    },
    "3": {
      "median_abs_epsilon": 0.2173013088,
      "mean_abs_epsilon": 0.32864592730000003,
      "variance_epsilon": 0.2837375543,
      "nr_prec": 36421,
      "CV_median": 0.1655178475,
      "CV_q90": 0.4677628129,
      "CV_q75": 0.28211292190000004,
      "CV_q95": 0.5954274436
    },
    "2": {
      "median_abs_epsilon": 0.22349287810000001,
      "mean_abs_epsilon": 0.3370328374,
      "variance_epsilon": 0.2920639517,
      "nr_prec": 45104,
      "CV_median": 0.1642788674,
      "CV_q90": 0.4647096519,
      "CV_q75": 0.280763547,
      "CV_q95": 0.5920321473
    },
    "1": {
      "median_abs_epsilon": 0.22349287810000001,
      "mean_abs_epsilon": 0.3370328374,
      "variance_epsilon": 0.2920639517,
      "nr_prec": 58187,
      "CV_median": 0.1642788674,
      "CV_q90": 0.4647096519,
      "CV_q75": 0.280763547,
      "CV_q95": 0.5920321473
    }
  },
  "median_abs_epsilon": 0.2173013088,
  "nr_prec": 36421,
  "comments": "",
  "fixed_mods": "0.0,C-Term Peptide,true,-1; 0.0,N-Term Peptide,true,-1; 0.0,C-Term Protein,true,-1; 0.0,N-Term Protein,true,-1; 0.0,G (glycine),true,-1; 0.0,A (alanine),true,-1; 0.0,S (serine),true,-1; 0.0,P (proline),true,-1; 0.0,V (valine),true,-1; 0.0,T (threonine),true,-1; 57.02146,C (cysteine),true,-1; 0.0,L (leucine),true,-1; 0.0,I (isoleucine),true,-1; 0.0,N (asparagine),true,-1; 0.0,D (aspartic acid),true,-1; 0.0,Q (glutamine),true,-1; 0.0,K (lysine),true,-1; 0.0,E (glutamic acid),true,-1; 0.0,M (methionine),true,-1; 0.0,H (histidine),true,-1; 0.0,F (phenylalanine),true,-1; 0.0,R (arginine),true,-1; 0.0,Y (tyrosine),true,-1; 0.0,W (tryptophan),true,-1; 0.0,B ,true,-1; 0.0,J,true,-1; 0.0,O,true,-1; 0.0,U,true,-1; 0.0,X,true,-1; 0.0,Z,true,-1",
  "variable_mods": "15.9949,M,true,3; 42.0106,[^,true,1; 79.96633,STY,false,3; -17.0265,nQnC,false,1; -18.0106,nE,false,1; 4.025107,K,false,2; 6.020129,R,false,2; 8.014199,K,false,2; 10.008269,R,false,2; 0.0,site_10,false,1; 0.0,site_11,false,1; 0.0,site_12,false,1; 0.0,site_13,false,1; 0.0,site_14,false,1; 0.0,site_15,false,1; 0.0,site_16,false,1",
  "max_mods": 3,
  "min_precursor_charge": 1,
  "max_precursor_charge": null,
  "submission_comments": "\n\nDataset URL: https://proteobench.cubimed.rub.de/datasets/fd9834a584a2248fdf6ff35b3584092fa98e9f82/",
  "proteobench_version": "0.5.15",
  "minPeptideLength": null,
  "color": "#4daf4a",
  "hover_text": "ProteoBench ID: AlphaPept_20250122_154315<br>Software tool: AlphaPept <br>Comment (private submission): ",
  "scatter_size": 20.0,
  "scan_window": null,
  "quantification_method_DIANN": null,
  "second_pass": null,
  "protein_inference": "ProteinProphet: --maxppmdiff 2000000",
  "predictors_library": null,
  "quantification_method": NaN,
  "mean_abs_epsilon": 0.32864592730000003,
  "abundance_normalization_ions": "1"
}