{
  "old_new": "new",
  "id": "AlphaPept_20250605_122421",
  "software_name": "AlphaPept",
  "software_version": "0.5.3",
  "search_engine": "AlphaPept",
  "search_engine_version": "0.5.3",
  "ident_fdr_psm": 0.01,
  "ident_fdr_peptide": NaN,
  "ident_fdr_protein": 0.01,
  "enable_match_between_runs": true,
  "precursor_mass_tolerance": "[-10 ppm, 10 ppm]",
  "fragment_mass_tolerance": "[-50 ppm, 50 ppm]",
  "enzyme": "Trypsin",
  "allowed_miscleavages": 2,
  "min_peptide_length": 7,
  "max_peptide_length": 27,
  "is_temporary": false,
  "intermediate_hash": "fd9834a584a2248fdf6ff35b3584092fa98e9f82",
  "results": {
    "6": {
      "median_abs_epsilon_global": 0.19198474624740314,
      "median_abs_epsilon_eq_species": 0.20146822837471015,
      "median_abs_epsilon_ECOLI": 0.2252599378084028,
      "median_abs_epsilon_HUMAN": 0.19289540619923073,
      "median_abs_epsilon_YEAST": 0.18624934111649694,
      "mean_abs_epsilon_global": 0.29060136200886905,
      "mean_abs_epsilon_eq_species": 0.3100420670266311,
      "mean_abs_epsilon_ECOLI": 0.3295689701661278,
      "mean_abs_epsilon_HUMAN": 0.28348328702517406,
      "mean_abs_epsilon_YEAST": 0.31707394388859156,
      "median_log2_empirical_ECOLI": -2.0762407094674504,
      "median_log2_empirical_HUMAN": -0.12060672976139841,
      "median_log2_empirical_YEAST": 0.9548447527488868,
      "median_abs_epsilon_precision_global": 0.17451875391697236,
      "median_abs_epsilon_precision_eq_species": 0.18886582146131956,
      "median_abs_epsilon_precision_ECOLI": 0.21460165749297921,
      "median_abs_epsilon_precision_HUMAN": 0.17199631415358851,
      "median_abs_epsilon_precision_YEAST": 0.1799994927373909,
      "mean_log2_empirical_ECOLI": -2.038857260899784,
      "mean_log2_empirical_HUMAN": -0.1501105924956475,
      "mean_log2_empirical_YEAST": 0.878194710955166,
      "mean_abs_epsilon_precision_global": 0.2718263771019364,
      "mean_abs_epsilon_precision_eq_species": 0.30100815841427336,
      "mean_abs_epsilon_precision_ECOLI": 0.32287842681350837,
      "mean_abs_epsilon_precision_HUMAN": 0.2590755570033635,
      "mean_abs_epsilon_precision_YEAST": 0.32107049142594807,
      "CV_median": 0.17153368711326578,
      "CV_q75": 0.289229126002573,
      "CV_q90": 0.4728387823158275,
      "CV_q95": 0.5919458152499146,
      "roc_auc": 0.938036554252482,
      "roc_auc_directional": 0.9662948961691904,
      "nr_prec": 13644,
      "nr_prec_HUMAN": 10845,
      "nr_prec_YEAST": 2551,
      "nr_prec_ECOLI": 248,
      "variance_epsilon_global": 0.21782866746548477
    },
    "5": {
      "median_abs_epsilon_global": 0.19908184482971159,
      "median_abs_epsilon_eq_species": 0.21312640888252274,
      "median_abs_epsilon_ECOLI": 0.2433931931578801,
      "median_abs_epsilon_HUMAN": 0.19880901454962085,
      "median_abs_epsilon_YEAST": 0.19717701894006723,
      "mean_abs_epsilon_global": 0.3018060199390071,
      "mean_abs_epsilon_eq_species": 0.33516154332646986,
      "mean_abs_epsilon_ECOLI": 0.3817413763061204,
      "mean_abs_epsilon_HUMAN": 0.292679632046968,
      "mean_abs_epsilon_YEAST": 0.33106362162632114,
      "median_log2_empirical_ECOLI": -2.0576773666624373,
      "median_log2_empirical_HUMAN": -0.11704417164328618,
      "median_log2_empirical_YEAST": 0.9422891453382505,
      "median_abs_epsilon_precision_global": 0.18438778216365215,
      "median_abs_epsilon_precision_eq_species": 0.2026580872534757,
      "median_abs_epsilon_precision_ECOLI": 0.23115070106156743,
      "median_abs_epsilon_precision_HUMAN": 0.18072968195190242,
      "median_abs_epsilon_precision_YEAST": 0.19609387874695727,
      "mean_log2_empirical_ECOLI": -1.9810347948820266,
      "mean_log2_empirical_HUMAN": -0.1449375619788174,
      "mean_log2_empirical_YEAST": 0.8696604162772357,
      "mean_abs_epsilon_precision_global": 0.28554281006465143,
      "mean_abs_epsilon_precision_eq_species": 0.3297624467844076,
      "mean_abs_epsilon_precision_ECOLI": 0.38460490377555007,
      "mean_abs_epsilon_precision_HUMAN": 0.2714466240088865,
      "mean_abs_epsilon_precision_YEAST": 0.33323581256878626,
      "CV_median": 0.16862046385845858,
      "CV_q75": 0.2858563324378245,
      "CV_q90": 0.47267425996506474,
      "CV_q95": 0.5970650861324563,
      "roc_auc": 0.9287884395269104,
      "roc_auc_directional": 0.961973575452348,
      "nr_prec": 21624,
      "nr_prec_HUMAN": 17045,
      "nr_prec_YEAST": 4153,
      "nr_prec_ECOLI": 426,
      "variance_epsilon_global": 0.23707685360081757
    },
    "4": {
      "median_abs_epsilon_global": 0.20868961123519725,
      "median_abs_epsilon_eq_species": 0.22226414243532192,
      "median_abs_epsilon_ECOLI": 0.24872811229937675,
      "median_abs_epsilon_HUMAN": 0.20708783878594872,
      "median_abs_epsilon_YEAST": 0.2109764762206403,
      "mean_abs_epsilon_global": 0.3145509614786866,
      "mean_abs_epsilon_eq_species": 0.34718598156636254,
      "mean_abs_epsilon_ECOLI": 0.3913645266207138,
      "mean_abs_epsilon_HUMAN": 0.3044917538380762,
      "mean_abs_epsilon_YEAST": 0.34570166424029775,
      "median_log2_empirical_ECOLI": -2.0031985671544827,
      "median_log2_empirical_HUMAN": -0.11497407703808449,
      "median_log2_empirical_YEAST": 0.9317223138081019,
      "median_abs_epsilon_precision_global": 0.1960605712391903,
      "median_abs_epsilon_precision_eq_species": 0.21617002201413152,
      "median_abs_epsilon_precision_ECOLI": 0.24829447234125368,
      "median_abs_epsilon_precision_HUMAN": 0.19183570779017245,
      "median_abs_epsilon_precision_YEAST": 0.20837988591096845,
      "mean_log2_empirical_ECOLI": -1.9173207662683658,
      "mean_log2_empirical_HUMAN": -0.1394748456824965,
      "mean_log2_empirical_YEAST": 0.8588838030912462,
      "mean_abs_epsilon_precision_global": 0.29949911276316055,
      "mean_abs_epsilon_precision_eq_species": 0.342973871521197,
      "mean_abs_epsilon_precision_ECOLI": 0.3980266862172565,
      "mean_abs_epsilon_precision_HUMAN": 0.28497475428500113,
      "mean_abs_epsilon_precision_YEAST": 0.3459201740613334,
      "CV_median": 0.1668265913159705,
      "CV_q75": 0.2833533088570136,
      "CV_q90": 0.46919804773844354,
      "CV_q95": 0.5937839137793847,
      "roc_auc": 0.9167734652960702,
      "roc_auc_directional": 0.9598442101220618,
      "nr_prec": 28552,
      "nr_prec_HUMAN": 22305,
      "nr_prec_YEAST": 5595,
      "nr_prec_ECOLI": 652,
      "variance_epsilon_global": 0.2528783881202787
    },
    "3": {
      "median_abs_epsilon_global": 0.2165053867607405,
      "median_abs_epsilon_eq_species": 0.23199180507850237,
      "median_abs_epsilon_ECOLI": 0.2576783845717241,
      "median_abs_epsilon_HUMAN": 0.21409940060966193,
      "median_abs_epsilon_YEAST": 0.22419763005412108,
      "mean_abs_epsilon_global": 0.32635918193603003,
      "mean_abs_epsilon_eq_species": 0.366094109804673,
      "mean_abs_epsilon_ECOLI": 0.4216100520192752,
      "mean_abs_epsilon_HUMAN": 0.3151798615471926,
      "mean_abs_epsilon_YEAST": 0.3614924158475511,
      "median_log2_empirical_ECOLI": -1.991232476848582,
      "median_log2_empirical_HUMAN": -0.11175120695014584,
      "median_log2_empirical_YEAST": 0.9218961946455408,
      "median_abs_epsilon_precision_global": 0.20477696347006358,
      "median_abs_epsilon_precision_eq_species": 0.22513014148876387,
      "median_abs_epsilon_precision_ECOLI": 0.2573205476796545,
      "median_abs_epsilon_precision_HUMAN": 0.1996206591227736,
      "median_abs_epsilon_precision_YEAST": 0.2184492176638635,
      "mean_log2_empirical_ECOLI": -1.891062895824727,
      "mean_log2_empirical_HUMAN": -0.13242700840790034,
      "mean_log2_empirical_YEAST": 0.8463867425550787,
      "mean_abs_epsilon_precision_global": 0.31206471389246954,
      "mean_abs_epsilon_precision_eq_species": 0.3627578271496013,
      "mean_abs_epsilon_precision_ECOLI": 0.4310782386699192,
      "mean_abs_epsilon_precision_HUMAN": 0.2970795999200719,