{
  "old_new": "new",
  "id": "AlphaPept_20250605_122421",
  "software_name": "AlphaPept",
  "software_version": "0.5.3",
  "search_engine": "AlphaPept",
  "search_engine_version": "0.5.3",
  "ident_fdr_psm": "0.01",
  "ident_fdr_peptide": "nan",
  "ident_fdr_protein": "0.01",
  "enable_match_between_runs": true,
  "precursor_mass_tolerance": "[-10 ppm, 10 ppm]",
  "fragment_mass_tolerance": "[-50 ppm, 50 ppm]",
  "enzyme": "Trypsin",
  "allowed_miscleavages": "2",
  "min_peptide_length": "7",
  "max_peptide_length": "27",
  "is_temporary": false,
  "intermediate_hash": "fd9834a584a2248fdf6ff35b3584092fa98e9f82",
  "results": {
    "6": {
      "median_abs_epsilon": 0.19280495166560208,
      "mean_abs_epsilon": 0.29430422306353143,
      "variance_epsilon": 0.23004249367071128,
      "nr_prec": 13750,
      "CV_median": 0.17207703005095037,
      "CV_q90": 0.47608722237315326,
      "CV_q75": 0.29145816232410815,
      "CV_q95": 0.5986549570193076
    },
    "5": {
      "median_abs_epsilon": 0.19992953146828896,
      "mean_abs_epsilon": 0.30470488153782554,
      "variance_epsilon": 0.2458327009532389,
      "nr_prec": 21777,
      "CV_median": 0.1690584628248431,
      "CV_q90": 0.47528281144260814,
      "CV_q75": 0.28714873960904774,
      "CV_q95": 0.6024767672405968
    },
    "4": {
      "median_abs_epsilon": 0.2092544766475406,
      "mean_abs_epsilon": 0.31725378887409117,
      "variance_epsilon": 0.2636858602839592,
      "nr_prec": 28735,
      "CV_median": 0.16715452850570628,
      "CV_q90": 0.4709230390761458,
      "CV_q75": 0.2846201646131984,
      "CV_q95": 0.5981391317478267
    },
    "3": {
      "median_abs_epsilon": 0.21730130875180365,
      "mean_abs_epsilon": 0.3286459272523235,
      "variance_epsilon": 0.2837375543355996,
      "nr_prec": 36421,
      "CV_median": 0.16551784748660922,
      "CV_q90": 0.4677628129441853,
      "CV_q75": 0.2821129218597199,
      "CV_q95": 0.5954274435892934
    },
    "2": {
      "median_abs_epsilon": 0.22349287805531226,
      "mean_abs_epsilon": 0.3370328374379791,
      "variance_epsilon": 0.29206395173465705,
      "nr_prec": 45104,
      "CV_median": 0.16427886741099887,
      "CV_q90": 0.4647096519175701,
      "CV_q75": 0.28076354702291095,
      "CV_q95": 0.5920321473430994
    },
    "1": {
      "median_abs_epsilon": 0.22349287805531226,
      "mean_abs_epsilon": 0.3370328374379792,
      "variance_epsilon": 0.29206395173465705,
      "nr_prec": 58187,
      "CV_median": 0.16427886741099887,
      "CV_q90": 0.4647096519175701,
      "CV_q75": 0.28076354702291095,
      "CV_q95": 0.5920321473430994
    }
  },
  "median_abs_epsilon": 0.21730130875180365,
  "mean_abs_epsilon": 0.3286459272523235,
  "nr_prec": 36421,
  "comments": "",
  "proteobench_version": "0.8.18",
  "color": "#4daf4a",
  "hover_text": "ProteoBench ID: AlphaPept_20250605_122421<br>Software tool: AlphaPept <br>Comment (private submission): ...",
  "scatter_size": 20,
  "fixed_mods": "cC",
  "variable_mods": "oxM",
  "max_mods": "3",
  "min_precursor_charge": "1",
  "max_precursor_charge": "6",
  "quantification_method": "nan",
  "protein_inference": "nan",
  "abundance_normalization_ions": null,
  "submission_comments": "Variable mods: oxM, a<^ (Protein N-Term)\n\n ### No parameter changes detected. \n\n\nDataset URL: https://proteobench.cubimed.rub.de/datasets/fd9834a584a2248fdf6ff35b3584092fa98e9f82/"
}