{
    "id": "i2MassChroQ_20241216_124142",
    "old_new": "old",
    "software_name": "i2MassChroQ",
    "software_version": "1.0.16",
    "search_engine": "X! Tandem",
    "search_engine_version": "X! Tandem Alanine (2017.2.1.4)",
    "ident_fdr_psm": 0.0089984935,
    "ident_fdr_peptide": 0.011962948,
    "ident_fdr_protein": 0.0098732685,
    "enable_match_between_runs": false,
    "precursor_mass_tolerance": "[-10 ppm, 10 ppm]",
    "fragment_mass_tolerance": "[-0.02 Da, 0.02 Da]",
    "enzyme": "Trypsin",
    "allowed_miscleavages": 3,
    "min_peptide_length": null,
    "max_peptide_length": null,
    "is_temporary": false,
    "intermediate_hash": "1438823a0441d7a32c0d1095074cbc4a187ce2fb",
    "results": {
        "6": {
            "median_abs_epsilon": 0.1844903635,
            "mean_abs_epsilon": 0.2526621152,
            "variance_epsilon": 0.1098137245,
            "nr_prec": 20591,
            "CV_median": 0.1337555156,
            "CV_q90": 0.4551644076,
            "CV_q75": 0.2664993409,
            "CV_q95": 0.5646099997
        },
        "5": {
            "median_abs_epsilon": 0.189995231,
            "mean_abs_epsilon": 0.2705661799,
            "variance_epsilon": 0.1357041496,
            "nr_prec": 30588,
            "CV_median": 0.1312825692,
            "CV_q90": 0.4642110564,
            "CV_q75": 0.2661030057,
            "CV_q95": 0.5846373252
        },
        "4": {
            "median_abs_epsilon": 0.1991974012,
            "mean_abs_epsilon": 0.2947683882,
            "variance_epsilon": 0.1765915844,
            "nr_prec": 39482,
            "CV_median": 0.1308475833,
            "CV_q90": 0.4721237436,
            "CV_q75": 0.2689695865,
            "CV_q95": 0.5988840452
        },
        "3": {
            "median_abs_epsilon": 0.2061667801,
            "mean_abs_epsilon": 0.3141844582,
            "variance_epsilon": 0.218701906,
            "nr_prec": 49365,
            "CV_median": 0.1308019262,
            "CV_q90": 0.4749479556,
            "CV_q75": 0.2695140613,
            "CV_q95": 0.607422554
        },
        "2": {
            "median_abs_epsilon": 0.2112330505,
            "mean_abs_epsilon": 0.329852288,
            "variance_epsilon": 0.2559094419,
            "nr_prec": 60646,
            "CV_median": 0.1303851203,
            "CV_q90": 0.4770484624,
            "CV_q75": 0.2695830088,
            "CV_q95": 0.6136802183
        },
        "1": {
            "median_abs_epsilon": 0.2112330505,
            "mean_abs_epsilon": 0.329852288,
            "variance_epsilon": 0.2559094419,
            "nr_prec": 77949,
            "CV_median": 0.1303851203,
            "CV_q90": 0.4770484624,
            "CV_q75": 0.2695830088,
            "CV_q95": 0.6136802183
        }
    },
    "median_abs_epsilon": 0.2061667801,
    "nr_prec": 49365,
    "comments": "",
    "fixed_mods": "57.02146@C",
    "variable_mods": "15.99491@M;Acetyl(N-term);Pyrolidone(N-term)",
    "max_mods": null,
    "min_precursor_charge": 1.0,
    "max_precursor_charge": 4,
    "submission_comments": "\n\nDataset URL: https://proteobench.cubimed.rub.de/datasets/1438823a0441d7a32c0d1095074cbc4a187ce2fb/",
    "proteobench_version": "0.5.8",
    "minPeptideLength": null,
    "color": "#d30067",
    "hover_text": "ProteoBench ID: i2MassChroQ_20241216_124142<br>Software tool: i2MassChroQ <br>Comment (private submission): ",
    "scatter_size": 40,
    "scan_window": null,
    "quantification_method_DIANN": null,
    "second_pass": null,
    "protein_inference": null,
    "predictors_library": null,
    "quantification_method": null,
    "mean_abs_epsilon": 0.3141844582,
    "abundance_normalization_ions": null
}