{
    "id": "MaxQuant_20241216_122017",
    "old_new": "old",
    "software_name": "MaxQuant",
    "software_version": "2.1.3.0",
    "search_engine": "Andromeda",
    "search_engine_version": null,
    "ident_fdr_psm": null,
    "ident_fdr_peptide": 0.01,
    "ident_fdr_protein": 0.01,
    "enable_match_between_runs": true,
    "precursor_mass_tolerance": "[-4.5 ppm, 4.5 ppm]",
    "fragment_mass_tolerance": "[-20 ppm, 20 ppm]",
    "enzyme": "Trypsin/P",
    "allowed_miscleavages": 2,
    "min_peptide_length": 7.0,
    "max_peptide_length": null,
    "is_temporary": false,
    "intermediate_hash": "7a1b33450db849167eac7f1ad2f96f25753e5484",
    "results": {
        "6": {
            "median_abs_epsilon": 0.1711483403,
            "mean_abs_epsilon": 0.2260853758,
            "variance_epsilon": 0.1072970816,
            "nr_prec": 25389,
            "CV_median": 0.2129966633,
            "CV_q90": 0.4288853472,
            "CV_q75": 0.2953326056,
            "CV_q95": 0.5288021062
        },
        "5": {
            "median_abs_epsilon": 0.1851929768,
            "mean_abs_epsilon": 0.2560045245,
            "variance_epsilon": 0.1467543859,
            "nr_prec": 32907,
            "CV_median": 0.2153288454,
            "CV_q90": 0.4518158344,
            "CV_q75": 0.3073870948,
            "CV_q95": 0.5597412509
        },
        "4": {
            "median_abs_epsilon": 0.1973020215,
            "mean_abs_epsilon": 0.2882042187,
            "variance_epsilon": 0.1996139459,
            "nr_prec": 38889,
            "CV_median": 0.2166378229,
            "CV_q90": 0.4644911127,
            "CV_q75": 0.3132860469,
            "CV_q95": 0.5771077855
        },
        "3": {
            "median_abs_epsilon": 0.2070103538,
            "mean_abs_epsilon": 0.3097305807,
            "variance_epsilon": 0.2380051287,
            "nr_prec": 44076,
            "CV_median": 0.217449996,
            "CV_q90": 0.4713987925,
            "CV_q75": 0.3168352518,
            "CV_q95": 0.587526183
        },
        "2": {
            "median_abs_epsilon": 0.2104116766,
            "mean_abs_epsilon": 0.3206761277,
            "variance_epsilon": 0.2638659297,
            "nr_prec": 48143,
            "CV_median": 0.2175962251,
            "CV_q90": 0.4739892533,
            "CV_q75": 0.3180086608,
            "CV_q95": 0.5917906104
        },
        "1": {
            "median_abs_epsilon": 0.2104116766,
            "mean_abs_epsilon": 0.3206761277,
            "variance_epsilon": 0.2638659297,
            "nr_prec": 50734,
            "CV_median": 0.2175962251,
            "CV_q90": 0.4739892533,
            "CV_q75": 0.3180086608,
            "CV_q95": 0.5917906104
        }
    },
    "median_abs_epsilon": 0.2070103538,
    "nr_prec": 44076,
    "comments": "",
    "fixed_mods": "Carbamidomethyl (C)",
    "variable_mods": "Oxidation (M),Acetyl (Protein N-term)",
    "max_mods": 5.0,
    "min_precursor_charge": null,
    "max_precursor_charge": 7,
    "submission_comments": "\n\nDataset URL: https://proteobench.cubimed.rub.de/datasets/7a1b33450db849167eac7f1ad2f96f25753e5484/",
    "proteobench_version": "0.5.8",
    "minPeptideLength": null,
    "color": "#377eb8",
    "hover_text": "ProteoBench ID: MaxQuant_20241216_122017<br>Software tool: MaxQuant <br>Comment (private submission): ",
    "scatter_size": 20,
    "scan_window": null,
    "quantification_method_DIANN": null,
    "second_pass": null,
    "protein_inference": null,
    "predictors_library": null,
    "quantification_method": null,
    "mean_abs_epsilon": 0.3097305807,
    "abundance_normalization_ions": null
}