{
    "id": "MaxQuant_20241216_121600",
    "old_new": "old",
    "software_name": "MaxQuant",
    "software_version": "1.6.3.3",
    "search_engine": "Andromeda",
    "search_engine_version": null,
    "ident_fdr_psm": null,
    "ident_fdr_peptide": 0.01,
    "ident_fdr_protein": 0.01,
    "enable_match_between_runs": false,
    "precursor_mass_tolerance": "[-4.5 ppm, 4.5 ppm]",
    "fragment_mass_tolerance": "[-20 ppm, 20 ppm]",
    "enzyme": "Trypsin/P",
    "allowed_miscleavages": 1,
    "min_peptide_length": 7.0,
    "max_peptide_length": null,
    "is_temporary": false,
    "intermediate_hash": "7912158e0522a315917e20fe434966ca9a17192e",
    "results": {
        "6": {
            "median_abs_epsilon": 0.1573188754,
            "mean_abs_epsilon": 0.2003711571,
            "variance_epsilon": 0.0851540986,
            "nr_prec": 13802,
            "CV_median": 0.2047787104,
            "CV_q90": 0.3972475365,
            "CV_q75": 0.2808188518,
            "CV_q95": 0.4940862212
        },
        "5": {
            "median_abs_epsilon": 0.1685148395,
            "mean_abs_epsilon": 0.2177549877,
            "variance_epsilon": 0.0997880745,
            "nr_prec": 19953,
            "CV_median": 0.2042382253,
            "CV_q90": 0.4078894906,
            "CV_q75": 0.2857405477,
            "CV_q95": 0.50456607
        },
        "4": {
            "median_abs_epsilon": 0.1810674514,
            "mean_abs_epsilon": 0.2396988826,
            "variance_epsilon": 0.1195866796,
            "nr_prec": 25570,
            "CV_median": 0.2037673716,
            "CV_q90": 0.4126355105,
            "CV_q75": 0.288483183,
            "CV_q95": 0.5094258671
        },
        "3": {
            "median_abs_epsilon": 0.1934455561,
            "mean_abs_epsilon": 0.2594895133,
            "variance_epsilon": 0.1377257807,
            "nr_prec": 32077,
            "CV_median": 0.2036697157,
            "CV_q90": 0.4160251175,
            "CV_q75": 0.2912532905,
            "CV_q95": 0.5124358756
        },
        "2": {
            "median_abs_epsilon": 0.2005450309,
            "mean_abs_epsilon": 0.274493616,
            "variance_epsilon": 0.1600651562,
            "nr_prec": 39569,
            "CV_median": 0.2026603633,
            "CV_q90": 0.4173935487,
            "CV_q75": 0.2922211682,
            "CV_q95": 0.5136026385
        },
        "1": {
            "median_abs_epsilon": 0.2005450309,
            "mean_abs_epsilon": 0.274493616,
            "variance_epsilon": 0.1600651562,
            "nr_prec": 50360,
            "CV_median": 0.2026603633,
            "CV_q90": 0.4173935487,
            "CV_q75": 0.2922211682,
            "CV_q95": 0.5136026385
        }
    },
    "median_abs_epsilon": 0.1934455561,
    "nr_prec": 32077,
    "comments": "",
    "fixed_mods": "Carbamidomethyl (C)",
    "variable_mods": "Oxidation (M),Acetyl (Protein N-term)",
    "max_mods": 5.0,
    "min_precursor_charge": null,
    "max_precursor_charge": 7,
    "submission_comments": "\n\nDataset URL: https://proteobench.cubimed.rub.de/datasets/7912158e0522a315917e20fe434966ca9a17192e/",
    "proteobench_version": "0.5.8",
    "minPeptideLength": null,
    "color": "#377eb8",
    "hover_text": "ProteoBench ID: MaxQuant_20241216_121600<br>Software tool: MaxQuant <br>Comment (private submission): ",
    "scatter_size": 20,
    "scan_window": null,
    "quantification_method_DIANN": null,
    "second_pass": null,
    "protein_inference": null,
    "predictors_library": null,
    "quantification_method": null,
    "mean_abs_epsilon": 0.2594895133,
    "abundance_normalization_ions": null
}