{
    "id": "ProlineStudio_20241216_103006",
    "old_new": "old",
    "software_name": "ProlineStudio",
    "software_version": "2.3.0-SNAPSHOT_2024-09-11T06:45:20Z_jenkins",
    "search_engine": "Mascot",
    "search_engine_version": "2.8.3",
    "ident_fdr_psm": 0.01,
    "ident_fdr_peptide": null,
    "ident_fdr_protein": null,
    "enable_match_between_runs": true,
    "precursor_mass_tolerance": "[-10.0 ppm, 10.0 ppm]",
    "fragment_mass_tolerance": "[-0.02 Da, 0.02 Da]",
    "enzyme": "Trypsin/P",
    "allowed_miscleavages": 2,
    "min_peptide_length": 7.0,
    "max_peptide_length": null,
    "is_temporary": false,
    "intermediate_hash": "f2e5710834b6b9d07bb72e3b6601a390bf7992ba",
    "results": {
        "6": {
            "median_abs_epsilon": 0.1846897034,
            "mean_abs_epsilon": 0.2582783266,
            "variance_epsilon": 0.1476975297,
            "nr_prec": 39005,
            "CV_median": 0.2220116513,
            "CV_q90": 0.4624117611,
            "CV_q75": 0.3101903858,
            "CV_q95": 0.5658215075
        },
        "5": {
            "median_abs_epsilon": 0.1957993849,
            "mean_abs_epsilon": 0.2809967212,
            "variance_epsilon": 0.1756891413,
            "nr_prec": 47225,
            "CV_median": 0.2246060759,
            "CV_q90": 0.4801940328,
            "CV_q75": 0.3209222383,
            "CV_q95": 0.5898917962
        },
        "4": {
            "median_abs_epsilon": 0.2045363505,
            "mean_abs_epsilon": 0.3045796008,
            "variance_epsilon": 0.2153616404,
            "nr_prec": 52379,
            "CV_median": 0.2257449113,
            "CV_q90": 0.4883175476,
            "CV_q75": 0.3258977423,
            "CV_q95": 0.6049729321
        },
        "3": {
            "median_abs_epsilon": 0.2096493331,
            "mean_abs_epsilon": 0.319847386,
            "variance_epsilon": 0.2471319508,
            "nr_prec": 56170,
            "CV_median": 0.2262047218,
            "CV_q90": 0.4931821005,
            "CV_q75": 0.3285791877,
            "CV_q95": 0.6130502186
        },
        "2": {
            "median_abs_epsilon": 0.2116734958,
            "mean_abs_epsilon": 0.3274178364,
            "variance_epsilon": 0.2677282861,
            "nr_prec": 58529,
            "CV_median": 0.2263301446,
            "CV_q90": 0.4949500899,
            "CV_q75": 0.3293963592,
            "CV_q95": 0.616819368
        },
        "1": {
            "median_abs_epsilon": 0.2116734958,
            "mean_abs_epsilon": 0.3274178364,
            "variance_epsilon": 0.2677282861,
            "nr_prec": 59609,
            "CV_median": 0.2263301446,
            "CV_q90": 0.4949500899,
            "CV_q75": 0.3293963592,
            "CV_q95": 0.616819368
        }
    },
    "median_abs_epsilon": 0.2096493331,
    "nr_prec": 56170,
    "comments": "",
    "fixed_mods": "Carbamidomethyl (C)",
    "variable_mods": "Acetyl (Protein N-term); Oxidation (M)",
    "max_mods": null,
    "min_precursor_charge": 2.0,
    "max_precursor_charge": 3,
    "submission_comments": "The peaklists have been generated by MGFBoost 3.6.3\n\nDataset URL: https://proteobench.cubimed.rub.de/datasets/f2e5710834b6b9d07bb72e3b6601a390bf7992ba/",
    "proteobench_version": "0.5.7",
    "minPeptideLength": null,
    "color": "#5f0f40",
    "hover_text": "ProteoBench ID: ProlineStudio_20241216_103006<br>Software tool: ProlineStudio <br>Comment (private submission): ",
    "scatter_size": 20,
    "scan_window": null,
    "quantification_method_DIANN": null,
    "second_pass": null,
    "protein_inference": null,
    "predictors_library": null,
    "quantification_method": null,
    "mean_abs_epsilon": 0.319847386,
    "abundance_normalization_ions": null
}